node,inputs,answer
aero_accommodation,7ff8000000000000;3ff0000000000000,Refused { node: "aero_accommodation", reason: "an input is not a finite number" }
aero_accommodation,7ff0000000000000;3ff0000000000000,Refused { node: "aero_accommodation", reason: "an input is not a finite number" }
aero_accommodation,c26d1a94a2000000;3ff0000000000000,OutOfDomain { node: "aero_accommodation", field: "alpha", value: -7.500562542190664e-5, bound: 0.0, edge: Lower, unit: One, reason: "accommodation is a fraction and cannot be negative" }
aero_accommodation,426d1a94a2000000;3ff0000000000000,3f13a8c98f2d2c98
aero_accommodation,0000000000000000;3ff0000000000000,0000000000000000
aero_accommodation,bff0000000000000;3ff0000000000000,OutOfDomain { node: "aero_accommodation", field: "alpha", value: -7.500000000000001e-17, bound: 0.0, edge: Lower, unit: One, reason: "accommodation is a fraction and cannot be negative" }
aero_accommodation,3ff0000000000000;7ff8000000000000,Refused { node: "aero_accommodation", reason: "an input is not a finite number" }
aero_accommodation,3ff0000000000000;7ff0000000000000,Refused { node: "aero_accommodation", reason: "an input is not a finite number" }
aero_accommodation,3ff0000000000000;c26d1a94a2000000,OutOfDomain { node: "aero_accommodation", field: "alpha", value: -7.500562542190664e-5, bound: 0.0, edge: Lower, unit: One, reason: "accommodation is a fraction and cannot be negative" }
aero_accommodation,3ff0000000000000;426d1a94a2000000,3f13a8c98f2d2c98
aero_accommodation,3ff0000000000000;0000000000000000,0000000000000000
aero_accommodation,3ff0000000000000;bff0000000000000,OutOfDomain { node: "aero_accommodation", field: "alpha", value: -7.500000000000001e-17, bound: 0.0, edge: Lower, unit: One, reason: "accommodation is a fraction and cannot be negative" }
aero_ao_fluence,7ff8000000000000;3ff0000000000000;3ff0000000000000,Refused { node: "aero_ao_fluence", reason: "an input is not a finite number" }
aero_ao_fluence,7ff0000000000000;3ff0000000000000;3ff0000000000000,Refused { node: "aero_ao_fluence", reason: "an input is not a finite number" }
aero_ao_fluence,c26d1a94a2000000;3ff0000000000000;3ff0000000000000,OutOfDomain { node: "aero_ao_fluence", field: "F_AO", value: -1000000000000.0, bound: 0.0, edge: Lower, unit: One, reason: "a fluence cannot be negative" }
aero_ao_fluence,426d1a94a2000000;3ff0000000000000;3ff0000000000000,426d1a94a2000000
aero_ao_fluence,0000000000000000;3ff0000000000000;3ff0000000000000,0000000000000000
aero_ao_fluence,bff0000000000000;3ff0000000000000;3ff0000000000000,OutOfDomain { node: "aero_ao_fluence", field: "F_AO", value: -1.0, bound: 0.0, edge: Lower, unit: One, reason: "a fluence cannot be negative" }
aero_ao_fluence,3ff0000000000000;7ff8000000000000;3ff0000000000000,Refused { node: "aero_ao_fluence", reason: "an input is not a finite number" }
aero_ao_fluence,3ff0000000000000;7ff0000000000000;3ff0000000000000,Refused { node: "aero_ao_fluence", reason: "an input is not a finite number" }
aero_ao_fluence,3ff0000000000000;c26d1a94a2000000;3ff0000000000000,OutOfDomain { node: "aero_ao_fluence", field: "F_AO", value: -1000000000000.0, bound: 0.0, edge: Lower, unit: One, reason: "a fluence cannot be negative" }
aero_ao_fluence,3ff0000000000000;426d1a94a2000000;3ff0000000000000,426d1a94a2000000
aero_ao_fluence,3ff0000000000000;0000000000000000;3ff0000000000000,0000000000000000
aero_ao_fluence,3ff0000000000000;bff0000000000000;3ff0000000000000,OutOfDomain { node: "aero_ao_fluence", field: "F_AO", value: -1.0, bound: 0.0, edge: Lower, unit: One, reason: "a fluence cannot be negative" }
aero_ao_fluence,3ff0000000000000;3ff0000000000000;7ff8000000000000,Refused { node: "aero_ao_fluence", reason: "an input is not a finite number" }
aero_ao_fluence,3ff0000000000000;3ff0000000000000;7ff0000000000000,Refused { node: "aero_ao_fluence", reason: "an input is not a finite number" }
aero_ao_fluence,3ff0000000000000;3ff0000000000000;c26d1a94a2000000,OutOfDomain { node: "aero_ao_fluence", field: "F_AO", value: -1000000000000.0, bound: 0.0, edge: Lower, unit: One, reason: "a fluence cannot be negative" }
aero_ao_fluence,3ff0000000000000;3ff0000000000000;426d1a94a2000000,426d1a94a2000000
aero_ao_fluence,3ff0000000000000;3ff0000000000000;0000000000000000,0000000000000000
aero_ao_fluence,3ff0000000000000;3ff0000000000000;bff0000000000000,OutOfDomain { node: "aero_ao_fluence", field: "F_AO", value: -1.0, bound: 0.0, edge: Lower, unit: One, reason: "a fluence cannot be negative" }
aero_ballistic_coefficient,7ff8000000000000;3ff0000000000000;3ff0000000000000,Refused { node: "aero_ballistic_coefficient", reason: "an input is not a finite number" }
aero_ballistic_coefficient,7ff0000000000000;3ff0000000000000;3ff0000000000000,Refused { node: "aero_ballistic_coefficient", reason: "an input is not a finite number" }
aero_ballistic_coefficient,c26d1a94a2000000;3ff0000000000000;3ff0000000000000,OutOfDomain { node: "aero_ballistic_coefficient", field: "BC", value: -1000000000000.0, bound: 5.0, edge: Lower, unit: One, reason: "below 5 kg/m2 the vehicle is a sail, and nothing in this band closes" }
aero_ballistic_coefficient,426d1a94a2000000;3ff0000000000000;3ff0000000000000,OutOfDomain { node: "aero_ballistic_coefficient", field: "BC", value: 1000000000000.0, bound: 500.0, edge: Upper, unit: One, reason: "above 500 kg/m2 the vehicle is denser than any spacecraft ever flown" }
aero_ballistic_coefficient,0000000000000000;3ff0000000000000;3ff0000000000000,OutOfDomain { node: "aero_ballistic_coefficient", field: "BC", value: 0.0, bound: 5.0, edge: Lower, unit: One, reason: "below 5 kg/m2 the vehicle is a sail, and nothing in this band closes" }
aero_ballistic_coefficient,bff0000000000000;3ff0000000000000;3ff0000000000000,OutOfDomain { node: "aero_ballistic_coefficient", field: "BC", value: -1.0, bound: 5.0, edge: Lower, unit: One, reason: "below 5 kg/m2 the vehicle is a sail, and nothing in this band closes" }
aero_ballistic_coefficient,3ff0000000000000;7ff8000000000000;3ff0000000000000,Refused { node: "aero_ballistic_coefficient", reason: "an input is not a finite number" }
aero_ballistic_coefficient,3ff0000000000000;7ff0000000000000;3ff0000000000000,Refused { node: "aero_ballistic_coefficient", reason: "an input is not a finite number" }
aero_ballistic_coefficient,3ff0000000000000;c26d1a94a2000000;3ff0000000000000,OutOfDomain { node: "aero_ballistic_coefficient", field: "BC", value: -1e-12, bound: 5.0, edge: Lower, unit: One, reason: "below 5 kg/m2 the vehicle is a sail, and nothing in this band closes" }
aero_ballistic_coefficient,3ff0000000000000;426d1a94a2000000;3ff0000000000000,OutOfDomain { node: "aero_ballistic_coefficient", field: "BC", value: 1e-12, bound: 5.0, edge: Lower, unit: One, reason: "below 5 kg/m2 the vehicle is a sail, and nothing in this band closes" }
aero_ballistic_coefficient,3ff0000000000000;0000000000000000;3ff0000000000000,Degenerate { node: "aero_ballistic_coefficient", field: "BC", reason: "the value here is not a finite number" }
aero_ballistic_coefficient,3ff0000000000000;bff0000000000000;3ff0000000000000,OutOfDomain { node: "aero_ballistic_coefficient", field: "BC", value: -1.0, bound: 5.0, edge: Lower, unit: One, reason: "below 5 kg/m2 the vehicle is a sail, and nothing in this band closes" }
aero_ballistic_coefficient,3ff0000000000000;3ff0000000000000;7ff8000000000000,Refused { node: "aero_ballistic_coefficient", reason: "an input is not a finite number" }
aero_ballistic_coefficient,3ff0000000000000;3ff0000000000000;7ff0000000000000,Refused { node: "aero_ballistic_coefficient", reason: "an input is not a finite number" }
aero_ballistic_coefficient,3ff0000000000000;3ff0000000000000;c26d1a94a2000000,OutOfDomain { node: "aero_ballistic_coefficient", field: "BC", value: -1e-12, bound: 5.0, edge: Lower, unit: One, reason: "below 5 kg/m2 the vehicle is a sail, and nothing in this band closes" }
aero_ballistic_coefficient,3ff0000000000000;3ff0000000000000;426d1a94a2000000,OutOfDomain { node: "aero_ballistic_coefficient", field: "BC", value: 1e-12, bound: 5.0, edge: Lower, unit: One, reason: "below 5 kg/m2 the vehicle is a sail, and nothing in this band closes" }
aero_ballistic_coefficient,3ff0000000000000;3ff0000000000000;0000000000000000,Degenerate { node: "aero_ballistic_coefficient", field: "BC", reason: "the value here is not a finite number" }
aero_ballistic_coefficient,3ff0000000000000;3ff0000000000000;bff0000000000000,OutOfDomain { node: "aero_ballistic_coefficient", field: "BC", value: -1.0, bound: 5.0, edge: Lower, unit: One, reason: "below 5 kg/m2 the vehicle is a sail, and nothing in this band closes" }
aero_drag_acceleration,7ff8000000000000;3ff0000000000000,Refused { node: "aero_drag_acceleration", reason: "an input is not a finite number" }
aero_drag_acceleration,7ff0000000000000;3ff0000000000000,Refused { node: "aero_drag_acceleration", reason: "an input is not a finite number" }
aero_drag_acceleration,c26d1a94a2000000;3ff0000000000000,OutOfDomain { node: "aero_drag_acceleration", field: "a_D", value: -1000000000000.0, bound: 0.0, edge: Lower, unit: MetrePerSecond2, reason: "drag deceleration cannot be negative" }
aero_drag_acceleration,426d1a94a2000000;3ff0000000000000,OutOfDomain { node: "aero_drag_acceleration", field: "a_D", value: 1000000000000.0, bound: 0.1, edge: Upper, unit: MetrePerSecond2, reason: "above 0.1 m/s2 the orbit decays within hours" }
aero_drag_acceleration,0000000000000000;3ff0000000000000,0000000000000000
aero_drag_acceleration,bff0000000000000;3ff0000000000000,OutOfDomain { node: "aero_drag_acceleration", field: "a_D", value: -1.0, bound: 0.0, edge: Lower, unit: MetrePerSecond2, reason: "drag deceleration cannot be negative" }
aero_drag_acceleration,3ff0000000000000;7ff8000000000000,Refused { node: "aero_drag_acceleration", reason: "an input is not a finite number" }
aero_drag_acceleration,3ff0000000000000;7ff0000000000000,Refused { node: "aero_drag_acceleration", reason: "an input is not a finite number" }
aero_drag_acceleration,3ff0000000000000;c26d1a94a2000000,OutOfDomain { node: "aero_drag_acceleration", field: "a_D", value: -1e-12, bound: 0.0, edge: Lower, unit: MetrePerSecond2, reason: "drag deceleration cannot be negative" }
aero_drag_acceleration,3ff0000000000000;426d1a94a2000000,3d719799812dea11
aero_drag_acceleration,3ff0000000000000;0000000000000000,Degenerate { node: "aero_drag_acceleration", field: "a_D", reason: "the value here is not a finite number" }
aero_drag_acceleration,3ff0000000000000;bff0000000000000,OutOfDomain { node: "aero_drag_acceleration", field: "a_D", value: -1.0, bound: 0.0, edge: Lower, unit: MetrePerSecond2, reason: "drag deceleration cannot be negative" }
aero_drag_coefficient,40214978d4fdf3b6;4000000000000000;3fe3333333333333;3fefbcd35a858794;4072c00000000000;40be4a999999999a;3f932b55ef1fddec;40c3880000000000,4006da3999fb1723
aero_drag_coefficient,7ff8000000000000;4000000000000000;3fe3333333333333;3fefbcd35a858794;4072c00000000000;40be4a999999999a;3f932b55ef1fddec;40c3880000000000,Refused { node: "aero_drag_coefficient", reason: "an input is not a finite number" }
aero_drag_coefficient,7ff0000000000000;4000000000000000;3fe3333333333333;3fefbcd35a858794;4072c00000000000;40be4a999999999a;3f932b55ef1fddec;40c3880000000000,Refused { node: "aero_drag_coefficient", reason: "an input is not a finite number" }
aero_drag_coefficient,c26d1a94a2000000;4000000000000000;3fe3333333333333;3fefbcd35a858794;4072c00000000000;40be4a999999999a;3f932b55ef1fddec;40c3880000000000,OutOfDomain { node: "aero_drag_coefficient", field: "Cd", value: 0.0, bound: 1.5, edge: Lower, unit: One, reason: "no free-molecular body has a drag coefficient below 1.5; a lower value means the speed ratio or the accommodation is wrong" }
aero_drag_coefficient,426d1a94a2000000;4000000000000000;3fe3333333333333;3fefbcd35a858794;4072c00000000000;40be4a999999999a;3f932b55ef1fddec;40c3880000000000,4004aa7fa99c2752
aero_drag_coefficient,0000000000000000;4000000000000000;3fe3333333333333;3fefbcd35a858794;4072c00000000000;40be4a999999999a;3f932b55ef1fddec;40c3880000000000,Degenerate { node: "aero_drag_coefficient", field: "Cd", reason: "the value here is not a finite number" }
aero_drag_coefficient,bff0000000000000;4000000000000000;3fe3333333333333;3fefbcd35a858794;4072c00000000000;40be4a999999999a;3f932b55ef1fddec;40c3880000000000,OutOfDomain { node: "aero_drag_coefficient", field: "Cd", value: -3.4394090084622437, bound: 1.5, edge: Lower, unit: One, reason: "no free-molecular body has a drag coefficient below 1.5; a lower value means the speed ratio or the accommodation is wrong" }
aero_drag_coefficient,40214978d4fdf3b6;7ff8000000000000;3fe3333333333333;3fefbcd35a858794;4072c00000000000;40be4a999999999a;3f932b55ef1fddec;40c3880000000000,Refused { node: "aero_drag_coefficient", reason: "an input is not a finite number" }
aero_drag_coefficient,40214978d4fdf3b6;7ff0000000000000;3fe3333333333333;3fefbcd35a858794;4072c00000000000;40be4a999999999a;3f932b55ef1fddec;40c3880000000000,Refused { node: "aero_drag_coefficient", reason: "an input is not a finite number" }
aero_drag_coefficient,40214978d4fdf3b6;c26d1a94a2000000;3fe3333333333333;3fefbcd35a858794;4072c00000000000;40be4a999999999a;3f932b55ef1fddec;40c3880000000000,OutOfDomain { node: "aero_drag_coefficient", field: "Cd", value: -339901736738.3923, bound: 1.5, edge: Lower, unit: One, reason: "no free-molecular body has a drag coefficient below 1.5; a lower value means the speed ratio or the accommodation is wrong" }
aero_drag_coefficient,40214978d4fdf3b6;426d1a94a2000000;3fe3333333333333;3fefbcd35a858794;4072c00000000000;40be4a999999999a;3f932b55ef1fddec;40c3880000000000,OutOfDomain { node: "aero_drag_coefficient", field: "Cd", value: 339901736742.7458, bound: 5.0, edge: Upper, unit: One, reason: "above 5.0 the geometry is not the slender body this model assumes" }
aero_drag_coefficient,40214978d4fdf3b6;0000000000000000;3fe3333333333333;3fefbcd35a858794;4072c00000000000;40be4a999999999a;3f932b55ef1fddec;40c3880000000000,400169fccc489ef0
aero_drag_coefficient,40214978d4fdf3b6;bff0000000000000;3fe3333333333333;3fefbcd35a858794;4072c00000000000;40be4a999999999a;3f932b55ef1fddec;40c3880000000000,3ffd63bccadec5ac
aero_drag_coefficient,40214978d4fdf3b6;4000000000000000;7ff8000000000000;3fefbcd35a858794;4072c00000000000;40be4a999999999a;3f932b55ef1fddec;40c3880000000000,Refused { node: "aero_drag_coefficient", reason: "an input is not a finite number" }
aero_drag_coefficient,40214978d4fdf3b6;4000000000000000;7ff0000000000000;3fefbcd35a858794;4072c00000000000;40be4a999999999a;3f932b55ef1fddec;40c3880000000000,Refused { node: "aero_drag_coefficient", reason: "an input is not a finite number" }
aero_drag_coefficient,40214978d4fdf3b6;4000000000000000;c26d1a94a2000000;3fefbcd35a858794;4072c00000000000;40be4a999999999a;3f932b55ef1fddec;40c3880000000000,400169fccc489b5a
aero_drag_coefficient,40214978d4fdf3b6;4000000000000000;426d1a94a2000000;3fefbcd35a858794;4072c00000000000;40be4a999999999a;3f932b55ef1fddec;40c3880000000000,400169fccc48a286
aero_drag_coefficient,40214978d4fdf3b6;4000000000000000;0000000000000000;3fefbcd35a858794;4072c00000000000;40be4a999999999a;3f932b55ef1fddec;40c3880000000000,Degenerate { node: "aero_drag_coefficient", field: "Cd", reason: "the value here is not a finite number" }
aero_drag_coefficient,40214978d4fdf3b6;4000000000000000;bff0000000000000;3fefbcd35a858794;4072c00000000000;40be4a999999999a;3f932b55ef1fddec;40c3880000000000,3ffc4d4a3b54ada3
aero_drag_coefficient,40214978d4fdf3b6;4000000000000000;3fe3333333333333;7ff8000000000000;4072c00000000000;40be4a999999999a;3f932b55ef1fddec;40c3880000000000,Refused { node: "aero_drag_coefficient", reason: "an input is not a finite number" }
aero_drag_coefficient,40214978d4fdf3b6;4000000000000000;3fe3333333333333;7ff0000000000000;4072c00000000000;40be4a999999999a;3f932b55ef1fddec;40c3880000000000,Refused { node: "aero_drag_coefficient", reason: "an input is not a finite number" }
aero_drag_coefficient,40214978d4fdf3b6;4000000000000000;3fe3333333333333;c26d1a94a2000000;4072c00000000000;40be4a999999999a;3f932b55ef1fddec;40c3880000000000,OutOfDomain { node: "aero_drag_coefficient", field: "Cd", value: 1261002.267712318, bound: 5.0, edge: Upper, unit: One, reason: "above 5.0 the geometry is not the slender body this model assumes" }
aero_drag_coefficient,40214978d4fdf3b6;4000000000000000;3fe3333333333333;426d1a94a2000000;4072c00000000000;40be4a999999999a;3f932b55ef1fddec;40c3880000000000,Degenerate { node: "aero_drag_coefficient", field: "Cd", reason: "the value here is not a finite number" }
aero_drag_coefficient,40214978d4fdf3b6;4000000000000000;3fe3333333333333;0000000000000000;4072c00000000000;40be4a999999999a;3f932b55ef1fddec;40c3880000000000,400faa252d4b9dad
aero_drag_coefficient,40214978d4fdf3b6;4000000000000000;3fe3333333333333;bff0000000000000;4072c00000000000;40be4a999999999a;3f932b55ef1fddec;40c3880000000000,4011ea3faeafb6be
aero_drag_coefficient,40214978d4fdf3b6;4000000000000000;3fe3333333333333;3fefbcd35a858794;7ff8000000000000;40be4a999999999a;3f932b55ef1fddec;40c3880000000000,Refused { node: "aero_drag_coefficient", reason: "an input is not a finite number" }
aero_drag_coefficient,40214978d4fdf3b6;4000000000000000;3fe3333333333333;3fefbcd35a858794;7ff0000000000000;40be4a999999999a;3f932b55ef1fddec;40c3880000000000,Refused { node: "aero_drag_coefficient", reason: "an input is not a finite number" }
aero_drag_coefficient,40214978d4fdf3b6;4000000000000000;3fe3333333333333;3fefbcd35a858794;c26d1a94a2000000;40be4a999999999a;3f932b55ef1fddec;40c3880000000000,Degenerate { node: "aero_drag_coefficient", field: "Cd", reason: "the value here is not a finite number" }
aero_drag_coefficient,40214978d4fdf3b6;4000000000000000;3fe3333333333333;3fefbcd35a858794;426d1a94a2000000;40be4a999999999a;3f932b55ef1fddec;40c3880000000000,OutOfDomain { node: "aero_drag_coefficient", field: "Cd", value: 6859.0726973238825, bound: 5.0, edge: Upper, unit: One, reason: "above 5.0 the geometry is not the slender body this model assumes" }
aero_drag_coefficient,40214978d4fdf3b6;4000000000000000;3fe3333333333333;3fefbcd35a858794;0000000000000000;40be4a999999999a;3f932b55ef1fddec;40c3880000000000,400672ff6f8de231
aero_drag_coefficient,40214978d4fdf3b6;4000000000000000;3fe3333333333333;3fefbcd35a858794;bff0000000000000;40be4a999999999a;3f932b55ef1fddec;40c3880000000000,40067293e5be3907
aero_drag_coefficient,40214978d4fdf3b6;4000000000000000;3fe3333333333333;3fefbcd35a858794;4072c00000000000;7ff8000000000000;3f932b55ef1fddec;40c3880000000000,Refused { node: "aero_drag_coefficient", reason: "an input is not a finite number" }
aero_drag_coefficient,40214978d4fdf3b6;4000000000000000;3fe3333333333333;3fefbcd35a858794;4072c00000000000;7ff0000000000000;3f932b55ef1fddec;40c3880000000000,Refused { node: "aero_drag_coefficient", reason: "an input is not a finite number" }
aero_drag_coefficient,40214978d4fdf3b6;4000000000000000;3fe3333333333333;3fefbcd35a858794;4072c00000000000;c26d1a94a2000000;3f932b55ef1fddec;40c3880000000000,400672ff6f8de231
aero_drag_coefficient,40214978d4fdf3b6;4000000000000000;3fe3333333333333;3fefbcd35a858794;4072c00000000000;426d1a94a2000000;3f932b55ef1fddec;40c3880000000000,400672ff6f8de231
aero_drag_coefficient,40214978d4fdf3b6;4000000000000000;3fe3333333333333;3fefbcd35a858794;4072c00000000000;0000000000000000;3f932b55ef1fddec;40c3880000000000,Degenerate { node: "aero_drag_coefficient", field: "Cd", reason: "the value here is not a finite number" }
aero_drag_coefficient,40214978d4fdf3b6;4000000000000000;3fe3333333333333;3fefbcd35a858794;4072c00000000000;bff0000000000000;3f932b55ef1fddec;40c3880000000000,OutOfDomain { node: "aero_drag_coefficient", field: "Cd", value: 923.596790074662, bound: 5.0, edge: Upper, unit: One, reason: "above 5.0 the geometry is not the slender body this model assumes" }
aero_drag_coefficient,40214978d4fdf3b6;4000000000000000;3fe3333333333333;3fefbcd35a858794;4072c00000000000;40be4a999999999a;7ff8000000000000;40c3880000000000,Refused { node: "aero_drag_coefficient", reason: "an input is not a finite number" }
aero_drag_coefficient,40214978d4fdf3b6;4000000000000000;3fe3333333333333;3fefbcd35a858794;4072c00000000000;40be4a999999999a;7ff0000000000000;40c3880000000000,Refused { node: "aero_drag_coefficient", reason: "an input is not a finite number" }
aero_drag_coefficient,40214978d4fdf3b6;4000000000000000;3fe3333333333333;3fefbcd35a858794;4072c00000000000;40be4a999999999a;c26d1a94a2000000;40c3880000000000,400672ff6f8de22e
aero_drag_coefficient,40214978d4fdf3b6;4000000000000000;3fe3333333333333;3fefbcd35a858794;4072c00000000000;40be4a999999999a;426d1a94a2000000;40c3880000000000,400672ff6f8de233
aero_drag_coefficient,40214978d4fdf3b6;4000000000000000;3fe3333333333333;3fefbcd35a858794;4072c00000000000;40be4a999999999a;0000000000000000;40c3880000000000,Degenerate { node: "aero_drag_coefficient", field: "Cd", reason: "the value here is not a finite number" }
aero_drag_coefficient,40214978d4fdf3b6;4000000000000000;3fe3333333333333;3fefbcd35a858794;4072c00000000000;40be4a999999999a;bff0000000000000;40c3880000000000,400670a0fb86385b
aero_drag_coefficient,40214978d4fdf3b6;4000000000000000;3fe3333333333333;3fefbcd35a858794;4072c00000000000;40be4a999999999a;3f932b55ef1fddec;7ff8000000000000,Refused { node: "aero_drag_coefficient", reason: "an input is not a finite number" }
aero_drag_coefficient,40214978d4fdf3b6;4000000000000000;3fe3333333333333;3fefbcd35a858794;4072c00000000000;40be4a999999999a;3f932b55ef1fddec;7ff0000000000000,Refused { node: "aero_drag_coefficient", reason: "an input is not a finite number" }
aero_drag_coefficient,40214978d4fdf3b6;4000000000000000;3fe3333333333333;3fefbcd35a858794;4072c00000000000;40be4a999999999a;3f932b55ef1fddec;c26d1a94a2000000,4006da3999fb1723
aero_drag_coefficient,40214978d4fdf3b6;4000000000000000;3fe3333333333333;3fefbcd35a858794;4072c00000000000;40be4a999999999a;3f932b55ef1fddec;426d1a94a2000000,4006da3999fb1723
aero_drag_coefficient,40214978d4fdf3b6;4000000000000000;3fe3333333333333;3fefbcd35a858794;4072c00000000000;40be4a999999999a;3f932b55ef1fddec;0000000000000000,4006da3999fb1723
aero_drag_coefficient,40214978d4fdf3b6;4000000000000000;3fe3333333333333;3fefbcd35a858794;4072c00000000000;40be4a999999999a;3f932b55ef1fddec;bff0000000000000,4006da3999fb1723
aero_drag_force,3f60554d396eb697;4006dd53cddd6e05;3fd54af4f0d844d0,3f5f0fd4d0dece62
aero_drag_force,7ff8000000000000;4006dd53cddd6e05;3fd54af4f0d844d0,Refused { node: "aero_drag_force", reason: "an input is not a finite number" }
aero_drag_force,7ff0000000000000;4006dd53cddd6e05;3fd54af4f0d844d0,Refused { node: "aero_drag_force", reason: "an input is not a finite number" }
aero_drag_force,c26d1a94a2000000;4006dd53cddd6e05;3fd54af4f0d844d0,OutOfDomain { node: "aero_drag_force", field: "D", value: -950879889000.0, bound: 0.0, edge: Lower, unit: Newton, reason: "drag cannot be negative" }
aero_drag_force,426d1a94a2000000;4006dd53cddd6e05;3fd54af4f0d844d0,OutOfDomain { node: "aero_drag_force", field: "D", value: 950879889000.0, bound: 10.0, edge: Upper, unit: Newton, reason: "above 10 N the vehicle is decelerating at a rate no electric propulsion system can answer" }
aero_drag_force,0000000000000000;4006dd53cddd6e05;3fd54af4f0d844d0,0000000000000000
aero_drag_force,bff0000000000000;4006dd53cddd6e05;3fd54af4f0d844d0,OutOfDomain { node: "aero_drag_force", field: "D", value: -0.950879889, bound: 0.0, edge: Lower, unit: Newton, reason: "drag cannot be negative" }
aero_drag_force,3f60554d396eb697;7ff8000000000000;3fd54af4f0d844d0,Refused { node: "aero_drag_force", reason: "an input is not a finite number" }
aero_drag_force,3f60554d396eb697;7ff0000000000000;3fd54af4f0d844d0,Refused { node: "aero_drag_force", reason: "an input is not a finite number" }
aero_drag_force,3f60554d396eb697;c26d1a94a2000000;3fd54af4f0d844d0,OutOfDomain { node: "aero_drag_force", field: "D", value: -663337260.0, bound: 0.0, edge: Lower, unit: Newton, reason: "drag cannot be negative" }
aero_drag_force,3f60554d396eb697;426d1a94a2000000;3fd54af4f0d844d0,OutOfDomain { node: "aero_drag_force", field: "D", value: 663337260.0, bound: 10.0, edge: Upper, unit: Newton, reason: "above 10 N the vehicle is decelerating at a rate no electric propulsion system can answer" }
aero_drag_force,3f60554d396eb697;0000000000000000;3fd54af4f0d844d0,0000000000000000
aero_drag_force,3f60554d396eb697;bff0000000000000;3fd54af4f0d844d0,OutOfDomain { node: "aero_drag_force", field: "D", value: -0.00066333726, bound: 0.0, edge: Lower, unit: Newton, reason: "drag cannot be negative" }
aero_drag_force,3f60554d396eb697;4006dd53cddd6e05;7ff8000000000000,Refused { node: "aero_drag_force", reason: "an input is not a finite number" }
aero_drag_force,3f60554d396eb697;4006dd53cddd6e05;7ff0000000000000,Refused { node: "aero_drag_force", reason: "an input is not a finite number" }
aero_drag_force,3f60554d396eb697;4006dd53cddd6e05;c26d1a94a2000000,OutOfDomain { node: "aero_drag_force", field: "D", value: -5698419966.0, bound: 0.0, edge: Lower, unit: Newton, reason: "drag cannot be negative" }
aero_drag_force,3f60554d396eb697;4006dd53cddd6e05;426d1a94a2000000,OutOfDomain { node: "aero_drag_force", field: "D", value: 5698419966.0, bound: 10.0, edge: Upper, unit: Newton, reason: "above 10 N the vehicle is decelerating at a rate no electric propulsion system can answer" }
aero_drag_force,3f60554d396eb697;4006dd53cddd6e05;0000000000000000,0000000000000000
aero_drag_force,3f60554d396eb697;4006dd53cddd6e05;bff0000000000000,OutOfDomain { node: "aero_drag_force", field: "D", value: -0.005698419966, bound: 0.0, edge: Lower, unit: Newton, reason: "drag cannot be negative" }
aero_dynamic_pressure,7ff8000000000000;3ff0000000000000,Refused { node: "aero_dynamic_pressure", reason: "an input is not a finite number" }
aero_dynamic_pressure,7ff0000000000000;3ff0000000000000,Refused { node: "aero_dynamic_pressure", reason: "an input is not a finite number" }
aero_dynamic_pressure,c26d1a94a2000000;3ff0000000000000,OutOfDomain { node: "aero_dynamic_pressure", field: "q", value: -500000000000.0, bound: 0.0, edge: Lower, unit: Pascal, reason: "dynamic pressure cannot be negative" }
aero_dynamic_pressure,426d1a94a2000000;3ff0000000000000,OutOfDomain { node: "aero_dynamic_pressure", field: "q", value: 500000000000.0, bound: 1.0, edge: Upper, unit: Pascal, reason: "above 1 Pa the vehicle is re-entering, not orbiting" }
aero_dynamic_pressure,0000000000000000;3ff0000000000000,0000000000000000
aero_dynamic_pressure,bff0000000000000;3ff0000000000000,OutOfDomain { node: "aero_dynamic_pressure", field: "q", value: -0.5, bound: 0.0, edge: Lower, unit: Pascal, reason: "dynamic pressure cannot be negative" }
aero_dynamic_pressure,3ff0000000000000;7ff8000000000000,Refused { node: "aero_dynamic_pressure", reason: "an input is not a finite number" }
aero_dynamic_pressure,3ff0000000000000;7ff0000000000000,Refused { node: "aero_dynamic_pressure", reason: "an input is not a finite number" }
aero_dynamic_pressure,3ff0000000000000;c26d1a94a2000000,OutOfDomain { node: "aero_dynamic_pressure", field: "q", value: 5e23, bound: 1.0, edge: Upper, unit: Pascal, reason: "above 1 Pa the vehicle is re-entering, not orbiting" }
aero_dynamic_pressure,3ff0000000000000;426d1a94a2000000,OutOfDomain { node: "aero_dynamic_pressure", field: "q", value: 5e23, bound: 1.0, edge: Upper, unit: Pascal, reason: "above 1 Pa the vehicle is re-entering, not orbiting" }
aero_dynamic_pressure,3ff0000000000000;0000000000000000,0000000000000000
aero_dynamic_pressure,3ff0000000000000;bff0000000000000,3fe0000000000000
aero_frontal_area,7ff8000000000000;3ff0000000000000,Refused { node: "aero_frontal_area", reason: "an input is not a finite number" }
aero_frontal_area,7ff0000000000000;3ff0000000000000,Refused { node: "aero_frontal_area", reason: "an input is not a finite number" }
aero_frontal_area,c26d1a94a2000000;3ff0000000000000,OutOfDomain { node: "aero_frontal_area", field: "A", value: 7.853981633974482e23, bound: 20.0, edge: Upper, unit: SquareMetre, reason: "above 20 m2 nothing in this design closes" }
aero_frontal_area,426d1a94a2000000;3ff0000000000000,OutOfDomain { node: "aero_frontal_area", field: "A", value: 7.853981633974482e23, bound: 20.0, edge: Upper, unit: SquareMetre, reason: "above 20 m2 nothing in this design closes" }
aero_frontal_area,0000000000000000;3ff0000000000000,3ff0000000000000
aero_frontal_area,bff0000000000000;3ff0000000000000,3ffc90fdaa22168c
aero_frontal_area,3ff0000000000000;7ff8000000000000,Refused { node: "aero_frontal_area", reason: "an input is not a finite number" }
aero_frontal_area,3ff0000000000000;7ff0000000000000,Refused { node: "aero_frontal_area", reason: "an input is not a finite number" }
aero_frontal_area,3ff0000000000000;c26d1a94a2000000,OutOfDomain { node: "aero_frontal_area", field: "A", value: -999999999999.2146, bound: 0.005, edge: Lower, unit: SquareMetre, reason: "below 50 cm2 there is no vehicle" }
aero_frontal_area,3ff0000000000000;426d1a94a2000000,OutOfDomain { node: "aero_frontal_area", field: "A", value: 1000000000000.7854, bound: 20.0, edge: Upper, unit: SquareMetre, reason: "above 20 m2 nothing in this design closes" }
aero_frontal_area,3ff0000000000000;0000000000000000,3fe921fb54442d18
aero_frontal_area,3ff0000000000000;bff0000000000000,OutOfDomain { node: "aero_frontal_area", field: "A", value: -0.21460183660255172, bound: 0.005, edge: Lower, unit: SquareMetre, reason: "below 50 cm2 there is no vehicle" }
aero_speed_ratio,40be4a999999999a;408c4e6666666666;3f932b55ef1fddec,40214a3b080f972a
aero_speed_ratio,7ff8000000000000;408c4e6666666666;3f932b55ef1fddec,Refused { node: "aero_speed_ratio", reason: "an input is not a finite number" }
aero_speed_ratio,7ff0000000000000;408c4e6666666666;3f932b55ef1fddec,Refused { node: "aero_speed_ratio", reason: "an input is not a finite number" }
aero_speed_ratio,c26d1a94a2000000;408c4e6666666666;3f932b55ef1fddec,OutOfDomain { node: "aero_speed_ratio", field: "s", value: -1114819800.4424334, bound: 1.0, edge: Lower, unit: One, reason: "below a speed ratio of one the flow is thermal rather than hyperthermal, and Sentman's relations lose their meaning" }
aero_speed_ratio,426d1a94a2000000;408c4e6666666666;3f932b55ef1fddec,OutOfDomain { node: "aero_speed_ratio", field: "s", value: 1114819800.4424334, bound: 30.0, edge: Upper, unit: One, reason: "above 30 the exponential terms underflow and the relations are numerically dead" }
aero_speed_ratio,0000000000000000;408c4e6666666666;3f932b55ef1fddec,OutOfDomain { node: "aero_speed_ratio", field: "s", value: 0.0, bound: 1.0, edge: Lower, unit: One, reason: "below a speed ratio of one the flow is thermal rather than hyperthermal, and Sentman's relations lose their meaning" }
aero_speed_ratio,bff0000000000000;408c4e6666666666;3f932b55ef1fddec,OutOfDomain { node: "aero_speed_ratio", field: "s", value: -0.0011148198004424334, bound: 1.0, edge: Lower, unit: One, reason: "below a speed ratio of one the flow is thermal rather than hyperthermal, and Sentman's relations lose their meaning" }
aero_speed_ratio,40be4a999999999a;7ff8000000000000;3f932b55ef1fddec,Refused { node: "aero_speed_ratio", reason: "an input is not a finite number" }
aero_speed_ratio,40be4a999999999a;7ff0000000000000;3f932b55ef1fddec,Refused { node: "aero_speed_ratio", reason: "an input is not a finite number" }
aero_speed_ratio,40be4a999999999a;c26d1a94a2000000;3f932b55ef1fddec,Degenerate { node: "aero_speed_ratio", field: "s", reason: "the value here is not a finite number" }
aero_speed_ratio,40be4a999999999a;426d1a94a2000000;3f932b55ef1fddec,OutOfDomain { node: "aero_speed_ratio", field: "s", value: 0.0002601837882374478, bound: 1.0, edge: Lower, unit: One, reason: "below a speed ratio of one the flow is thermal rather than hyperthermal, and Sentman's relations lose their meaning" }
aero_speed_ratio,40be4a999999999a;0000000000000000;3f932b55ef1fddec,Degenerate { node: "aero_speed_ratio", field: "s", reason: "the value here is not a finite number" }
aero_speed_ratio,40be4a999999999a;bff0000000000000;3f932b55ef1fddec,Degenerate { node: "aero_speed_ratio", field: "s", reason: "the value here is not a finite number" }
aero_speed_ratio,40be4a999999999a;408c4e6666666666;7ff8000000000000,Refused { node: "aero_speed_ratio", reason: "an input is not a finite number" }
aero_speed_ratio,40be4a999999999a;408c4e6666666666;7ff0000000000000,Refused { node: "aero_speed_ratio", reason: "an input is not a finite number" }
aero_speed_ratio,40be4a999999999a;408c4e6666666666;c26d1a94a2000000,Degenerate { node: "aero_speed_ratio", field: "s", reason: "the value here is not a finite number" }
aero_speed_ratio,40be4a999999999a;408c4e6666666666;426d1a94a2000000,OutOfDomain { node: "aero_speed_ratio", field: "s", value: 63184587.17115992, bound: 30.0, edge: Upper, unit: One, reason: "above 30 the exponential terms underflow and the relations are numerically dead" }
aero_speed_ratio,40be4a999999999a;408c4e6666666666;0000000000000000,OutOfDomain { node: "aero_speed_ratio", field: "s", value: 0.0, bound: 1.0, edge: Lower, unit: One, reason: "below a speed ratio of one the flow is thermal rather than hyperthermal, and Sentman's relations lose their meaning" }
aero_speed_ratio,40be4a999999999a;408c4e6666666666;bff0000000000000,Degenerate { node: "aero_speed_ratio", field: "s", reason: "the value here is not a finite number" }
aero_torque,7ff8000000000000;3ff0000000000000,Refused { node: "aero_torque", reason: "an input is not a finite number" }
aero_torque,7ff0000000000000;3ff0000000000000,Refused { node: "aero_torque", reason: "an input is not a finite number" }
aero_torque,c26d1a94a2000000;3ff0000000000000,OutOfDomain { node: "aero_torque", field: "T_aero", value: -1000000000000.0, bound: 0.0, edge: Lower, unit: NewtonMetre, reason: "a torque magnitude cannot be negative" }
aero_torque,426d1a94a2000000;3ff0000000000000,OutOfDomain { node: "aero_torque", field: "T_aero", value: 1000000000000.0, bound: 1.0, edge: Upper, unit: NewtonMetre, reason: "above 1 N.m no reaction wheel that fits this vehicle can hold attitude" }
aero_torque,0000000000000000;3ff0000000000000,0000000000000000
aero_torque,bff0000000000000;3ff0000000000000,OutOfDomain { node: "aero_torque", field: "T_aero", value: -1.0, bound: 0.0, edge: Lower, unit: NewtonMetre, reason: "a torque magnitude cannot be negative" }
aero_torque,3ff0000000000000;7ff8000000000000,Refused { node: "aero_torque", reason: "an input is not a finite number" }
aero_torque,3ff0000000000000;7ff0000000000000,Refused { node: "aero_torque", reason: "an input is not a finite number" }
aero_torque,3ff0000000000000;c26d1a94a2000000,OutOfDomain { node: "aero_torque", field: "T_aero", value: -1000000000000.0, bound: 0.0, edge: Lower, unit: NewtonMetre, reason: "a torque magnitude cannot be negative" }
aero_torque,3ff0000000000000;426d1a94a2000000,OutOfDomain { node: "aero_torque", field: "T_aero", value: 1000000000000.0, bound: 1.0, edge: Upper, unit: NewtonMetre, reason: "above 1 N.m no reaction wheel that fits this vehicle can hold attitude" }
aero_torque,3ff0000000000000;0000000000000000,0000000000000000
aero_torque,3ff0000000000000;bff0000000000000,OutOfDomain { node: "aero_torque", field: "T_aero", value: -1.0, bound: 0.0, edge: Lower, unit: NewtonMetre, reason: "a torque magnitude cannot be negative" }
com_antenna_gain,3fd3333333333333;41fe8c2120000000;3fe3333333333333,403a01bd8434c072
com_antenna_gain,7ff8000000000000;41fe8c2120000000;3fe3333333333333,Refused { node: "com_antenna_gain", reason: "an input is not a finite number" }
com_antenna_gain,7ff0000000000000;41fe8c2120000000;3fe3333333333333,Refused { node: "com_antenna_gain", reason: "an input is not a finite number" }
com_antenna_gain,c26d1a94a2000000;41fe8c2120000000;3fe3333333333333,OutOfDomain { node: "com_antenna_gain", field: "G_t", value: 276.4643729468349, bound: 80.0, edge: Upper, unit: One, reason: "above 80 dBi is a deep-space aperture, not a spacecraft antenna" }
com_antenna_gain,426d1a94a2000000;41fe8c2120000000;3fe3333333333333,OutOfDomain { node: "com_antenna_gain", field: "G_t", value: 276.4643729468349, bound: 80.0, edge: Upper, unit: One, reason: "above 80 dBi is a deep-space aperture, not a spacecraft antenna" }
com_antenna_gain,0000000000000000;41fe8c2120000000;3fe3333333333333,Degenerate { node: "com_antenna_gain", field: "G_t", reason: "the value here is not a finite number" }
com_antenna_gain,bff0000000000000;41fe8c2120000000;3fe3333333333333,40423b70929de6c8
com_antenna_gain,3fd3333333333333;7ff8000000000000;3fe3333333333333,Refused { node: "com_antenna_gain", reason: "an input is not a finite number" }
com_antenna_gain,3fd3333333333333;7ff0000000000000;3fe3333333333333,Refused { node: "com_antenna_gain", reason: "an input is not a finite number" }
com_antenna_gain,3fd3333333333333;c26d1a94a2000000;3fe3333333333333,4050eec0db2016b9
com_antenna_gain,3fd3333333333333;426d1a94a2000000;3fe3333333333333,4050eec0db2016b9
com_antenna_gain,3fd3333333333333;0000000000000000;3fe3333333333333,Degenerate { node: "com_antenna_gain", field: "G_t", reason: "the value here is not a finite number" }
com_antenna_gain,3fd3333333333333;bff0000000000000;3fe3333333333333,OutOfDomain { node: "com_antenna_gain", field: "G_t", value: -172.26947900644618, bound: -10.0, edge: Lower, unit: One, reason: "an aperture antenna does not have less than -10 dBi of gain" }
com_antenna_gain,3fd3333333333333;41fe8c2120000000;7ff8000000000000,Refused { node: "com_antenna_gain", reason: "an input is not a finite number" }
com_antenna_gain,3fd3333333333333;41fe8c2120000000;7ff0000000000000,Refused { node: "com_antenna_gain", reason: "an input is not a finite number" }
com_antenna_gain,3fd3333333333333;41fe8c2120000000;c26d1a94a2000000,Degenerate { node: "com_antenna_gain", field: "G_t", reason: "the value here is not a finite number" }
com_antenna_gain,3fd3333333333333;41fe8c2120000000;426d1a94a2000000,OutOfDomain { node: "com_antenna_gain", field: "G_t", value: 148.2252855373917, bound: 80.0, edge: Upper, unit: One, reason: "above 80 dBi is a deep-space aperture, not a spacecraft antenna" }
com_antenna_gain,3fd3333333333333;41fe8c2120000000;0000000000000000,Degenerate { node: "com_antenna_gain", field: "G_t", reason: "the value here is not a finite number" }
com_antenna_gain,3fd3333333333333;41fe8c2120000000;bff0000000000000,Degenerate { node: "com_antenna_gain", field: "G_t", reason: "the value here is not a finite number" }
com_cn0,7ff8000000000000;3ff0000000000000;3ff0000000000000;3ff0000000000000,Refused { node: "com_cn0", reason: "an input is not a finite number" }
com_cn0,7ff0000000000000;3ff0000000000000;3ff0000000000000;3ff0000000000000,Refused { node: "com_cn0", reason: "an input is not a finite number" }
com_cn0,c26d1a94a2000000;3ff0000000000000;3ff0000000000000;3ff0000000000000,OutOfDomain { node: "com_cn0", field: "CN0", value: -999999999772.4009, bound: 20.0, edge: Lower, unit: One, reason: "below 20 dB-Hz no link in this design closes" }
com_cn0,426d1a94a2000000;3ff0000000000000;3ff0000000000000;3ff0000000000000,OutOfDomain { node: "com_cn0", field: "CN0", value: 1000000000227.5991, bound: 120.0, edge: Upper, unit: One, reason: "above 120 dB-Hz the geometry is not one this tool covers" }
com_cn0,0000000000000000;3ff0000000000000;3ff0000000000000;3ff0000000000000,OutOfDomain { node: "com_cn0", field: "CN0", value: 227.59916717321764, bound: 120.0, edge: Upper, unit: One, reason: "above 120 dB-Hz the geometry is not one this tool covers" }
com_cn0,bff0000000000000;3ff0000000000000;3ff0000000000000;3ff0000000000000,OutOfDomain { node: "com_cn0", field: "CN0", value: 226.59916717321764, bound: 120.0, edge: Upper, unit: One, reason: "above 120 dB-Hz the geometry is not one this tool covers" }
com_cn0,3ff0000000000000;7ff8000000000000;3ff0000000000000;3ff0000000000000,Refused { node: "com_cn0", reason: "an input is not a finite number" }
com_cn0,3ff0000000000000;7ff0000000000000;3ff0000000000000;3ff0000000000000,Refused { node: "com_cn0", reason: "an input is not a finite number" }
com_cn0,3ff0000000000000;c26d1a94a2000000;3ff0000000000000;3ff0000000000000,OutOfDomain { node: "com_cn0", field: "CN0", value: 1000000000229.5991, bound: 120.0, edge: Upper, unit: One, reason: "above 120 dB-Hz the geometry is not one this tool covers" }
com_cn0,3ff0000000000000;426d1a94a2000000;3ff0000000000000;3ff0000000000000,OutOfDomain { node: "com_cn0", field: "CN0", value: -999999999770.4009, bound: 20.0, edge: Lower, unit: One, reason: "below 20 dB-Hz no link in this design closes" }
com_cn0,3ff0000000000000;0000000000000000;3ff0000000000000;3ff0000000000000,OutOfDomain { node: "com_cn0", field: "CN0", value: 229.59916717321764, bound: 120.0, edge: Upper, unit: One, reason: "above 120 dB-Hz the geometry is not one this tool covers" }
com_cn0,3ff0000000000000;bff0000000000000;3ff0000000000000;3ff0000000000000,OutOfDomain { node: "com_cn0", field: "CN0", value: 230.59916717321764, bound: 120.0, edge: Upper, unit: One, reason: "above 120 dB-Hz the geometry is not one this tool covers" }
com_cn0,3ff0000000000000;3ff0000000000000;7ff8000000000000;3ff0000000000000,Refused { node: "com_cn0", reason: "an input is not a finite number" }
com_cn0,3ff0000000000000;3ff0000000000000;7ff0000000000000;3ff0000000000000,Refused { node: "com_cn0", reason: "an input is not a finite number" }
com_cn0,3ff0000000000000;3ff0000000000000;c26d1a94a2000000;3ff0000000000000,OutOfDomain { node: "com_cn0", field: "CN0", value: 1000000000229.5991, bound: 120.0, edge: Upper, unit: One, reason: "above 120 dB-Hz the geometry is not one this tool covers" }
com_cn0,3ff0000000000000;3ff0000000000000;426d1a94a2000000;3ff0000000000000,OutOfDomain { node: "com_cn0", field: "CN0", value: -999999999770.4009, bound: 20.0, edge: Lower, unit: One, reason: "below 20 dB-Hz no link in this design closes" }
com_cn0,3ff0000000000000;3ff0000000000000;0000000000000000;3ff0000000000000,OutOfDomain { node: "com_cn0", field: "CN0", value: 229.59916717321764, bound: 120.0, edge: Upper, unit: One, reason: "above 120 dB-Hz the geometry is not one this tool covers" }
com_cn0,3ff0000000000000;3ff0000000000000;bff0000000000000;3ff0000000000000,OutOfDomain { node: "com_cn0", field: "CN0", value: 230.59916717321764, bound: 120.0, edge: Upper, unit: One, reason: "above 120 dB-Hz the geometry is not one this tool covers" }
com_cn0,3ff0000000000000;3ff0000000000000;3ff0000000000000;7ff8000000000000,Refused { node: "com_cn0", reason: "an input is not a finite number" }
com_cn0,3ff0000000000000;3ff0000000000000;3ff0000000000000;7ff0000000000000,Refused { node: "com_cn0", reason: "an input is not a finite number" }
com_cn0,3ff0000000000000;3ff0000000000000;3ff0000000000000;c26d1a94a2000000,OutOfDomain { node: "com_cn0", field: "CN0", value: -999999999772.4009, bound: 20.0, edge: Lower, unit: One, reason: "below 20 dB-Hz no link in this design closes" }
com_cn0,3ff0000000000000;3ff0000000000000;3ff0000000000000;426d1a94a2000000,OutOfDomain { node: "com_cn0", field: "CN0", value: 1000000000227.5991, bound: 120.0, edge: Upper, unit: One, reason: "above 120 dB-Hz the geometry is not one this tool covers" }
com_cn0,3ff0000000000000;3ff0000000000000;3ff0000000000000;0000000000000000,OutOfDomain { node: "com_cn0", field: "CN0", value: 227.59916717321764, bound: 120.0, edge: Upper, unit: One, reason: "above 120 dB-Hz the geometry is not one this tool covers" }
com_cn0,3ff0000000000000;3ff0000000000000;3ff0000000000000;bff0000000000000,OutOfDomain { node: "com_cn0", field: "CN0", value: 226.59916717321764, bound: 120.0, edge: Upper, unit: One, reason: "above 120 dB-Hz the geometry is not one this tool covers" }
com_contact_time,7ff8000000000000;3ff0000000000000,Refused { node: "com_contact_time", reason: "an input is not a finite number" }
com_contact_time,7ff0000000000000;3ff0000000000000,Refused { node: "com_contact_time", reason: "an input is not a finite number" }
com_contact_time,c26d1a94a2000000;3ff0000000000000,OutOfDomain { node: "com_contact_time", field: "t_con", value: -318309886183.7907, bound: 0.0, edge: Lower, unit: Second, reason: "a contact time cannot be negative" }
com_contact_time,426d1a94a2000000;3ff0000000000000,OutOfDomain { node: "com_contact_time", field: "t_con", value: 318309886183.7907, bound: 3600.0, edge: Upper, unit: Second, reason: "above an hour is not a low-orbit pass" }
com_contact_time,0000000000000000;3ff0000000000000,0000000000000000
com_contact_time,bff0000000000000;3ff0000000000000,OutOfDomain { node: "com_contact_time", field: "t_con", value: -0.3183098861837907, bound: 0.0, edge: Lower, unit: Second, reason: "a contact time cannot be negative" }
com_contact_time,3ff0000000000000;7ff8000000000000,Refused { node: "com_contact_time", reason: "an input is not a finite number" }
com_contact_time,3ff0000000000000;7ff0000000000000,Refused { node: "com_contact_time", reason: "an input is not a finite number" }
com_contact_time,3ff0000000000000;c26d1a94a2000000,OutOfDomain { node: "com_contact_time", field: "t_con", value: -318309886183.7907, bound: 0.0, edge: Lower, unit: Second, reason: "a contact time cannot be negative" }
com_contact_time,3ff0000000000000;426d1a94a2000000,OutOfDomain { node: "com_contact_time", field: "t_con", value: 318309886183.7907, bound: 3600.0, edge: Upper, unit: Second, reason: "above an hour is not a low-orbit pass" }
com_contact_time,3ff0000000000000;0000000000000000,0000000000000000
com_contact_time,3ff0000000000000;bff0000000000000,OutOfDomain { node: "com_contact_time", field: "t_con", value: -0.3183098861837907, bound: 0.0, edge: Lower, unit: Second, reason: "a contact time cannot be negative" }
com_daily_volume,7ff8000000000000;3ff0000000000000,Refused { node: "com_daily_volume", reason: "an input is not a finite number" }
com_daily_volume,7ff0000000000000;3ff0000000000000,Refused { node: "com_daily_volume", reason: "an input is not a finite number" }
com_daily_volume,c26d1a94a2000000;3ff0000000000000,OutOfDomain { node: "com_daily_volume", field: "V_day", value: -950000000000.0, bound: 0.0, edge: Lower, unit: Bit, reason: "a data volume cannot be negative" }
com_daily_volume,426d1a94a2000000;3ff0000000000000,426ba60d33800000
com_daily_volume,0000000000000000;3ff0000000000000,0000000000000000
com_daily_volume,bff0000000000000;3ff0000000000000,OutOfDomain { node: "com_daily_volume", field: "V_day", value: -0.95, bound: 0.0, edge: Lower, unit: Bit, reason: "a data volume cannot be negative" }
com_daily_volume,3ff0000000000000;7ff8000000000000,Refused { node: "com_daily_volume", reason: "an input is not a finite number" }
com_daily_volume,3ff0000000000000;7ff0000000000000,Refused { node: "com_daily_volume", reason: "an input is not a finite number" }
com_daily_volume,3ff0000000000000;c26d1a94a2000000,OutOfDomain { node: "com_daily_volume", field: "V_day", value: -950000000000.0, bound: 0.0, edge: Lower, unit: Bit, reason: "a data volume cannot be negative" }
com_daily_volume,3ff0000000000000;426d1a94a2000000,426ba60d33800000
com_daily_volume,3ff0000000000000;0000000000000000,0000000000000000
com_daily_volume,3ff0000000000000;bff0000000000000,OutOfDomain { node: "com_daily_volume", field: "V_day", value: -0.95, bound: 0.0, edge: Lower, unit: Bit, reason: "a data volume cannot be negative" }
com_data_rate,7ff8000000000000;3ff0000000000000;3ff0000000000000;3ff0000000000000,Refused { node: "com_data_rate", reason: "an input is not a finite number" }
com_data_rate,7ff0000000000000;3ff0000000000000;3ff0000000000000;3ff0000000000000,Refused { node: "com_data_rate", reason: "an input is not a finite number" }
com_data_rate,c26d1a94a2000000;3ff0000000000000;3ff0000000000000;3ff0000000000000,OutOfDomain { node: "com_data_rate", field: "R_b", value: 0.0, bound: 1000.0, edge: Lower, unit: BitPerSecond, reason: "below 1 kbit/s the downlink cannot even carry housekeeping" }
com_data_rate,426d1a94a2000000;3ff0000000000000;3ff0000000000000;3ff0000000000000,Degenerate { node: "com_data_rate", field: "R_b", reason: "the value here is not a finite number" }
com_data_rate,0000000000000000;3ff0000000000000;3ff0000000000000;3ff0000000000000,OutOfDomain { node: "com_data_rate", field: "R_b", value: 0.5011872336272724, bound: 1000.0, edge: Lower, unit: BitPerSecond, reason: "below 1 kbit/s the downlink cannot even carry housekeeping" }
com_data_rate,bff0000000000000;3ff0000000000000;3ff0000000000000;3ff0000000000000,OutOfDomain { node: "com_data_rate", field: "R_b", value: 0.39810717055349726, bound: 1000.0, edge: Lower, unit: BitPerSecond, reason: "below 1 kbit/s the downlink cannot even carry housekeeping" }
com_data_rate,3ff0000000000000;7ff8000000000000;3ff0000000000000;3ff0000000000000,Refused { node: "com_data_rate", reason: "an input is not a finite number" }
com_data_rate,3ff0000000000000;7ff0000000000000;3ff0000000000000;3ff0000000000000,Refused { node: "com_data_rate", reason: "an input is not a finite number" }
com_data_rate,3ff0000000000000;c26d1a94a2000000;3ff0000000000000;3ff0000000000000,Degenerate { node: "com_data_rate", field: "R_b", reason: "the value here is not a finite number" }
com_data_rate,3ff0000000000000;426d1a94a2000000;3ff0000000000000;3ff0000000000000,OutOfDomain { node: "com_data_rate", field: "R_b", value: 0.0, bound: 1000.0, edge: Lower, unit: BitPerSecond, reason: "below 1 kbit/s the downlink cannot even carry housekeeping" }
com_data_rate,3ff0000000000000;0000000000000000;3ff0000000000000;3ff0000000000000,OutOfDomain { node: "com_data_rate", field: "R_b", value: 0.7943282347242815, bound: 1000.0, edge: Lower, unit: BitPerSecond, reason: "below 1 kbit/s the downlink cannot even carry housekeeping" }
com_data_rate,3ff0000000000000;bff0000000000000;3ff0000000000000;3ff0000000000000,OutOfDomain { node: "com_data_rate", field: "R_b", value: 1.0, bound: 1000.0, edge: Lower, unit: BitPerSecond, reason: "below 1 kbit/s the downlink cannot even carry housekeeping" }
com_data_rate,3ff0000000000000;3ff0000000000000;7ff8000000000000;3ff0000000000000,Refused { node: "com_data_rate", reason: "an input is not a finite number" }
com_data_rate,3ff0000000000000;3ff0000000000000;7ff0000000000000;3ff0000000000000,Refused { node: "com_data_rate", reason: "an input is not a finite number" }
com_data_rate,3ff0000000000000;3ff0000000000000;c26d1a94a2000000;3ff0000000000000,Degenerate { node: "com_data_rate", field: "R_b", reason: "the value here is not a finite number" }
com_data_rate,3ff0000000000000;3ff0000000000000;426d1a94a2000000;3ff0000000000000,OutOfDomain { node: "com_data_rate", field: "R_b", value: 0.0, bound: 1000.0, edge: Lower, unit: BitPerSecond, reason: "below 1 kbit/s the downlink cannot even carry housekeeping" }
com_data_rate,3ff0000000000000;3ff0000000000000;0000000000000000;3ff0000000000000,OutOfDomain { node: "com_data_rate", field: "R_b", value: 0.7943282347242815, bound: 1000.0, edge: Lower, unit: BitPerSecond, reason: "below 1 kbit/s the downlink cannot even carry housekeeping" }
com_data_rate,3ff0000000000000;3ff0000000000000;bff0000000000000;3ff0000000000000,OutOfDomain { node: "com_data_rate", field: "R_b", value: 1.0, bound: 1000.0, edge: Lower, unit: BitPerSecond, reason: "below 1 kbit/s the downlink cannot even carry housekeeping" }
com_data_rate,3ff0000000000000;3ff0000000000000;3ff0000000000000;7ff8000000000000,Refused { node: "com_data_rate", reason: "an input is not a finite number" }
com_data_rate,3ff0000000000000;3ff0000000000000;3ff0000000000000;7ff0000000000000,Refused { node: "com_data_rate", reason: "an input is not a finite number" }
com_data_rate,3ff0000000000000;3ff0000000000000;3ff0000000000000;c26d1a94a2000000,Degenerate { node: "com_data_rate", field: "R_b", reason: "the value here is not a finite number" }
com_data_rate,3ff0000000000000;3ff0000000000000;3ff0000000000000;426d1a94a2000000,OutOfDomain { node: "com_data_rate", field: "R_b", value: 0.0, bound: 1000.0, edge: Lower, unit: BitPerSecond, reason: "below 1 kbit/s the downlink cannot even carry housekeeping" }
com_data_rate,3ff0000000000000;3ff0000000000000;3ff0000000000000;0000000000000000,OutOfDomain { node: "com_data_rate", field: "R_b", value: 0.7943282347242815, bound: 1000.0, edge: Lower, unit: BitPerSecond, reason: "below 1 kbit/s the downlink cannot even carry housekeeping" }
com_data_rate,3ff0000000000000;3ff0000000000000;3ff0000000000000;bff0000000000000,OutOfDomain { node: "com_data_rate", field: "R_b", value: 1.0, bound: 1000.0, edge: Lower, unit: BitPerSecond, reason: "below 1 kbit/s the downlink cannot even carry housekeeping" }
com_doppler,7ff8000000000000;3ff0000000000000,Refused { node: "com_doppler", reason: "an input is not a finite number" }
com_doppler,7ff0000000000000;3ff0000000000000,Refused { node: "com_doppler", reason: "an input is not a finite number" }
com_doppler,c26d1a94a2000000;3ff0000000000000,OutOfDomain { node: "com_doppler", field: "df", value: -3335.6409519815206, bound: 0.0, edge: Lower, unit: Hertz, reason: "a shift magnitude cannot be negative" }
com_doppler,426d1a94a2000000;3ff0000000000000,40aa0f482adbade0
com_doppler,0000000000000000;3ff0000000000000,0000000000000000
com_doppler,bff0000000000000;3ff0000000000000,OutOfDomain { node: "com_doppler", field: "df", value: -3.3356409519815204e-9, bound: 0.0, edge: Lower, unit: Hertz, reason: "a shift magnitude cannot be negative" }
com_doppler,3ff0000000000000;7ff8000000000000,Refused { node: "com_doppler", reason: "an input is not a finite number" }
com_doppler,3ff0000000000000;7ff0000000000000,Refused { node: "com_doppler", reason: "an input is not a finite number" }
com_doppler,3ff0000000000000;c26d1a94a2000000,OutOfDomain { node: "com_doppler", field: "df", value: -3335.6409519815206, bound: 0.0, edge: Lower, unit: Hertz, reason: "a shift magnitude cannot be negative" }
com_doppler,3ff0000000000000;426d1a94a2000000,40aa0f482adbade0
com_doppler,3ff0000000000000;0000000000000000,0000000000000000
com_doppler,3ff0000000000000;bff0000000000000,OutOfDomain { node: "com_doppler", field: "df", value: -3.3356409519815204e-9, bound: 0.0, edge: Lower, unit: Hertz, reason: "a shift magnitude cannot be negative" }
com_ebn0,7ff8000000000000;3ff0000000000000,Refused { node: "com_ebn0", reason: "an input is not a finite number" }
com_ebn0,7ff0000000000000;3ff0000000000000,Refused { node: "com_ebn0", reason: "an input is not a finite number" }
com_ebn0,c26d1a94a2000000;3ff0000000000000,OutOfDomain { node: "com_ebn0", field: "EbN0", value: -1000000000000.0, bound: -10.0, edge: Lower, unit: One, reason: "below -10 dB no coded link closes" }
com_ebn0,426d1a94a2000000;3ff0000000000000,OutOfDomain { node: "com_ebn0", field: "EbN0", value: 1000000000000.0, bound: 40.0, edge: Upper, unit: One, reason: "above 40 dB the link is overdesigned by orders of magnitude" }
com_ebn0,0000000000000000;3ff0000000000000,0000000000000000
com_ebn0,bff0000000000000;3ff0000000000000,bff0000000000000
com_ebn0,3ff0000000000000;7ff8000000000000,Refused { node: "com_ebn0", reason: "an input is not a finite number" }
com_ebn0,3ff0000000000000;7ff0000000000000,Refused { node: "com_ebn0", reason: "an input is not a finite number" }
com_ebn0,3ff0000000000000;c26d1a94a2000000,Degenerate { node: "com_ebn0", field: "EbN0", reason: "the value here is not a finite number" }
com_ebn0,3ff0000000000000;426d1a94a2000000,OutOfDomain { node: "com_ebn0", field: "EbN0", value: -118.99999999999999, bound: -10.0, edge: Lower, unit: One, reason: "below -10 dB no coded link closes" }
com_ebn0,3ff0000000000000;0000000000000000,Degenerate { node: "com_ebn0", field: "EbN0", reason: "the value here is not a finite number" }
com_ebn0,3ff0000000000000;bff0000000000000,Degenerate { node: "com_ebn0", field: "EbN0", reason: "the value here is not a finite number" }
com_eirp,7ff8000000000000;3ff0000000000000;3ff0000000000000,Refused { node: "com_eirp", reason: "an input is not a finite number" }
com_eirp,7ff0000000000000;3ff0000000000000;3ff0000000000000,Refused { node: "com_eirp", reason: "an input is not a finite number" }
com_eirp,c26d1a94a2000000;3ff0000000000000;3ff0000000000000,Degenerate { node: "com_eirp", field: "EIRP", reason: "the value here is not a finite number" }
com_eirp,426d1a94a2000000;3ff0000000000000;3ff0000000000000,OutOfDomain { node: "com_eirp", field: "EIRP", value: 119.99999999999999, bound: 90.0, edge: Upper, unit: One, reason: "above 90 dBW the transmitter is not the one described" }
com_eirp,0000000000000000;3ff0000000000000;3ff0000000000000,Degenerate { node: "com_eirp", field: "EIRP", reason: "the value here is not a finite number" }
com_eirp,bff0000000000000;3ff0000000000000;3ff0000000000000,Degenerate { node: "com_eirp", field: "EIRP", reason: "the value here is not a finite number" }
com_eirp,3ff0000000000000;7ff8000000000000;3ff0000000000000,Refused { node: "com_eirp", reason: "an input is not a finite number" }
com_eirp,3ff0000000000000;7ff0000000000000;3ff0000000000000,Refused { node: "com_eirp", reason: "an input is not a finite number" }
com_eirp,3ff0000000000000;c26d1a94a2000000;3ff0000000000000,OutOfDomain { node: "com_eirp", field: "EIRP", value: -1000000000001.0, bound: -20.0, edge: Lower, unit: One, reason: "below -20 dBW no link in this design closes" }
com_eirp,3ff0000000000000;426d1a94a2000000;3ff0000000000000,OutOfDomain { node: "com_eirp", field: "EIRP", value: 999999999999.0, bound: 90.0, edge: Upper, unit: One, reason: "above 90 dBW the transmitter is not the one described" }
com_eirp,3ff0000000000000;0000000000000000;3ff0000000000000,bff0000000000000
com_eirp,3ff0000000000000;bff0000000000000;3ff0000000000000,c000000000000000
com_eirp,3ff0000000000000;3ff0000000000000;7ff8000000000000,Refused { node: "com_eirp", reason: "an input is not a finite number" }
com_eirp,3ff0000000000000;3ff0000000000000;7ff0000000000000,Refused { node: "com_eirp", reason: "an input is not a finite number" }
com_eirp,3ff0000000000000;3ff0000000000000;c26d1a94a2000000,OutOfDomain { node: "com_eirp", field: "EIRP", value: 1000000000001.0, bound: 90.0, edge: Upper, unit: One, reason: "above 90 dBW the transmitter is not the one described" }
com_eirp,3ff0000000000000;3ff0000000000000;426d1a94a2000000,OutOfDomain { node: "com_eirp", field: "EIRP", value: -999999999999.0, bound: -20.0, edge: Lower, unit: One, reason: "below -20 dBW no link in this design closes" }
com_eirp,3ff0000000000000;3ff0000000000000;0000000000000000,3ff0000000000000
com_eirp,3ff0000000000000;3ff0000000000000;bff0000000000000,4000000000000000
com_g_over_t,7ff8000000000000;3ff0000000000000,Refused { node: "com_g_over_t", reason: "an input is not a finite number" }
com_g_over_t,7ff0000000000000;3ff0000000000000,Refused { node: "com_g_over_t", reason: "an input is not a finite number" }
com_g_over_t,c26d1a94a2000000;3ff0000000000000,OutOfDomain { node: "com_g_over_t", field: "GT", value: -1000000000000.0, bound: -30.0, edge: Lower, unit: One, reason: "below -30 dB/K no ground station in this network performs that badly" }
com_g_over_t,426d1a94a2000000;3ff0000000000000,OutOfDomain { node: "com_g_over_t", field: "GT", value: 1000000000000.0, bound: 60.0, edge: Upper, unit: One, reason: "above 60 dB/K is a deep-space station" }
com_g_over_t,0000000000000000;3ff0000000000000,0000000000000000
com_g_over_t,bff0000000000000;3ff0000000000000,bff0000000000000
com_g_over_t,3ff0000000000000;7ff8000000000000,Refused { node: "com_g_over_t", reason: "an input is not a finite number" }
com_g_over_t,3ff0000000000000;7ff0000000000000,Refused { node: "com_g_over_t", reason: "an input is not a finite number" }
com_g_over_t,3ff0000000000000;c26d1a94a2000000,Degenerate { node: "com_g_over_t", field: "GT", reason: "the value here is not a finite number" }
com_g_over_t,3ff0000000000000;426d1a94a2000000,OutOfDomain { node: "com_g_over_t", field: "GT", value: -118.99999999999999, bound: -30.0, edge: Lower, unit: One, reason: "below -30 dB/K no ground station in this network performs that badly" }
com_g_over_t,3ff0000000000000;0000000000000000,Degenerate { node: "com_g_over_t", field: "GT", reason: "the value here is not a finite number" }
com_g_over_t,3ff0000000000000;bff0000000000000,Degenerate { node: "com_g_over_t", field: "GT", reason: "the value here is not a finite number" }
com_gs_gain,7ff8000000000000;3ff0000000000000;3ff0000000000000,Refused { node: "com_gs_gain", reason: "an input is not a finite number" }
com_gs_gain,7ff0000000000000;3ff0000000000000;3ff0000000000000,Refused { node: "com_gs_gain", reason: "an input is not a finite number" }
com_gs_gain,c26d1a94a2000000;3ff0000000000000;3ff0000000000000,OutOfDomain { node: "com_gs_gain", field: "G_r", value: 80.40658339532413, bound: 80.0, edge: Upper, unit: One, reason: "above 80 dBi is a deep-space aperture" }
com_gs_gain,426d1a94a2000000;3ff0000000000000;3ff0000000000000,OutOfDomain { node: "com_gs_gain", field: "G_r", value: 80.40658339532413, bound: 80.0, edge: Upper, unit: One, reason: "above 80 dBi is a deep-space aperture" }
com_gs_gain,0000000000000000;3ff0000000000000;3ff0000000000000,Degenerate { node: "com_gs_gain", field: "G_r", reason: "the value here is not a finite number" }
com_gs_gain,bff0000000000000;3ff0000000000000;3ff0000000000000,OutOfDomain { node: "com_gs_gain", field: "G_r", value: -159.59341660467584, bound: 0.0, edge: Lower, unit: One, reason: "a ground aperture of this class always has positive gain" }
com_gs_gain,3ff0000000000000;7ff8000000000000;3ff0000000000000,Refused { node: "com_gs_gain", reason: "an input is not a finite number" }
com_gs_gain,3ff0000000000000;7ff0000000000000;3ff0000000000000,Refused { node: "com_gs_gain", reason: "an input is not a finite number" }
com_gs_gain,3ff0000000000000;c26d1a94a2000000;3ff0000000000000,OutOfDomain { node: "com_gs_gain", field: "G_r", value: 80.40658339532413, bound: 80.0, edge: Upper, unit: One, reason: "above 80 dBi is a deep-space aperture" }
com_gs_gain,3ff0000000000000;426d1a94a2000000;3ff0000000000000,OutOfDomain { node: "com_gs_gain", field: "G_r", value: 80.40658339532413, bound: 80.0, edge: Upper, unit: One, reason: "above 80 dBi is a deep-space aperture" }
com_gs_gain,3ff0000000000000;0000000000000000;3ff0000000000000,Degenerate { node: "com_gs_gain", field: "G_r", reason: "the value here is not a finite number" }
com_gs_gain,3ff0000000000000;bff0000000000000;3ff0000000000000,OutOfDomain { node: "com_gs_gain", field: "G_r", value: -159.59341660467584, bound: 0.0, edge: Lower, unit: One, reason: "a ground aperture of this class always has positive gain" }
com_gs_gain,3ff0000000000000;3ff0000000000000;7ff8000000000000,Refused { node: "com_gs_gain", reason: "an input is not a finite number" }
com_gs_gain,3ff0000000000000;3ff0000000000000;7ff0000000000000,Refused { node: "com_gs_gain", reason: "an input is not a finite number" }
com_gs_gain,3ff0000000000000;3ff0000000000000;c26d1a94a2000000,Degenerate { node: "com_gs_gain", field: "G_r", reason: "the value here is not a finite number" }
com_gs_gain,3ff0000000000000;3ff0000000000000;426d1a94a2000000,OutOfDomain { node: "com_gs_gain", field: "G_r", value: -39.593416604675866, bound: 0.0, edge: Lower, unit: One, reason: "a ground aperture of this class always has positive gain" }
com_gs_gain,3ff0000000000000;3ff0000000000000;0000000000000000,Degenerate { node: "com_gs_gain", field: "G_r", reason: "the value here is not a finite number" }
com_gs_gain,3ff0000000000000;3ff0000000000000;bff0000000000000,Degenerate { node: "com_gs_gain", field: "G_r", reason: "the value here is not a finite number" }
com_link_margin,7ff8000000000000;3ff0000000000000;3ff0000000000000,Refused { node: "com_link_margin", reason: "an input is not a finite number" }
com_link_margin,7ff0000000000000;3ff0000000000000;3ff0000000000000,Refused { node: "com_link_margin", reason: "an input is not a finite number" }
com_link_margin,c26d1a94a2000000;3ff0000000000000;3ff0000000000000,OutOfDomain { node: "com_link_margin", field: "M_link", value: -1000000000002.0, bound: -30.0, edge: Lower, unit: One, reason: "below -30 dB the link is not close to closing and the design is wrong somewhere upstream" }
com_link_margin,426d1a94a2000000;3ff0000000000000;3ff0000000000000,OutOfDomain { node: "com_link_margin", field: "M_link", value: 999999999998.0, bound: 40.0, edge: Upper, unit: One, reason: "above 40 dB the link is overdesigned by orders of magnitude" }
com_link_margin,0000000000000000;3ff0000000000000;3ff0000000000000,c000000000000000
com_link_margin,bff0000000000000;3ff0000000000000;3ff0000000000000,c008000000000000
com_link_margin,3ff0000000000000;7ff8000000000000;3ff0000000000000,Refused { node: "com_link_margin", reason: "an input is not a finite number" }
com_link_margin,3ff0000000000000;7ff0000000000000;3ff0000000000000,Refused { node: "com_link_margin", reason: "an input is not a finite number" }
com_link_margin,3ff0000000000000;c26d1a94a2000000;3ff0000000000000,OutOfDomain { node: "com_link_margin", field: "M_link", value: 1000000000000.0, bound: 40.0, edge: Upper, unit: One, reason: "above 40 dB the link is overdesigned by orders of magnitude" }
com_link_margin,3ff0000000000000;426d1a94a2000000;3ff0000000000000,OutOfDomain { node: "com_link_margin", field: "M_link", value: -1000000000000.0, bound: -30.0, edge: Lower, unit: One, reason: "below -30 dB the link is not close to closing and the design is wrong somewhere upstream" }
com_link_margin,3ff0000000000000;0000000000000000;3ff0000000000000,0000000000000000
com_link_margin,3ff0000000000000;bff0000000000000;3ff0000000000000,3ff0000000000000
com_link_margin,3ff0000000000000;3ff0000000000000;7ff8000000000000,Refused { node: "com_link_margin", reason: "an input is not a finite number" }
com_link_margin,3ff0000000000000;3ff0000000000000;7ff0000000000000,Refused { node: "com_link_margin", reason: "an input is not a finite number" }
com_link_margin,3ff0000000000000;3ff0000000000000;c26d1a94a2000000,OutOfDomain { node: "com_link_margin", field: "M_link", value: 1000000000000.0, bound: 40.0, edge: Upper, unit: One, reason: "above 40 dB the link is overdesigned by orders of magnitude" }
com_link_margin,3ff0000000000000;3ff0000000000000;426d1a94a2000000,OutOfDomain { node: "com_link_margin", field: "M_link", value: -1000000000000.0, bound: -30.0, edge: Lower, unit: One, reason: "below -30 dB the link is not close to closing and the design is wrong somewhere upstream" }
com_link_margin,3ff0000000000000;3ff0000000000000;0000000000000000,0000000000000000
com_link_margin,3ff0000000000000;3ff0000000000000;bff0000000000000,3ff0000000000000
com_pass_volume,7ff8000000000000;3ff0000000000000,Refused { node: "com_pass_volume", reason: "an input is not a finite number" }
com_pass_volume,7ff0000000000000;3ff0000000000000,Refused { node: "com_pass_volume", reason: "an input is not a finite number" }
com_pass_volume,c26d1a94a2000000;3ff0000000000000,OutOfDomain { node: "com_pass_volume", field: "V_pass", value: -600000000000.0, bound: 0.0, edge: Lower, unit: Bit, reason: "a data volume cannot be negative" }
com_pass_volume,426d1a94a2000000;3ff0000000000000,426176592e000000
com_pass_volume,0000000000000000;3ff0000000000000,0000000000000000
com_pass_volume,bff0000000000000;3ff0000000000000,OutOfDomain { node: "com_pass_volume", field: "V_pass", value: -0.6, bound: 0.0, edge: Lower, unit: Bit, reason: "a data volume cannot be negative" }
com_pass_volume,3ff0000000000000;7ff8000000000000,Refused { node: "com_pass_volume", reason: "an input is not a finite number" }
com_pass_volume,3ff0000000000000;7ff0000000000000,Refused { node: "com_pass_volume", reason: "an input is not a finite number" }
com_pass_volume,3ff0000000000000;c26d1a94a2000000,OutOfDomain { node: "com_pass_volume", field: "V_pass", value: -600000000000.0, bound: 0.0, edge: Lower, unit: Bit, reason: "a data volume cannot be negative" }
com_pass_volume,3ff0000000000000;426d1a94a2000000,426176592e000000
com_pass_volume,3ff0000000000000;0000000000000000,0000000000000000
com_pass_volume,3ff0000000000000;bff0000000000000,OutOfDomain { node: "com_pass_volume", field: "V_pass", value: -0.6, bound: 0.0, edge: Lower, unit: Bit, reason: "a data volume cannot be negative" }
com_path_loss,7ff8000000000000;3ff0000000000000,Refused { node: "com_path_loss", reason: "an input is not a finite number" }
com_path_loss,7ff0000000000000;3ff0000000000000,Refused { node: "com_path_loss", reason: "an input is not a finite number" }
com_path_loss,c26d1a94a2000000;3ff0000000000000,OutOfDomain { node: "com_path_loss", field: "L_fs", value: 92.44778322188338, bound: 100.0, edge: Lower, unit: One, reason: "below 100 dB the range is shorter than any orbit in this band" }
com_path_loss,426d1a94a2000000;3ff0000000000000,OutOfDomain { node: "com_path_loss", field: "L_fs", value: 92.44778322188338, bound: 100.0, edge: Lower, unit: One, reason: "below 100 dB the range is shorter than any orbit in this band" }
com_path_loss,0000000000000000;3ff0000000000000,Degenerate { node: "com_path_loss", field: "L_fs", reason: "the value here is not a finite number" }
com_path_loss,bff0000000000000;3ff0000000000000,OutOfDomain { node: "com_path_loss", field: "L_fs", value: -147.5522167781166, bound: 100.0, edge: Lower, unit: One, reason: "below 100 dB the range is shorter than any orbit in this band" }
com_path_loss,3ff0000000000000;7ff8000000000000,Refused { node: "com_path_loss", reason: "an input is not a finite number" }
com_path_loss,3ff0000000000000;7ff0000000000000,Refused { node: "com_path_loss", reason: "an input is not a finite number" }
com_path_loss,3ff0000000000000;c26d1a94a2000000,OutOfDomain { node: "com_path_loss", field: "L_fs", value: 92.44778322188338, bound: 100.0, edge: Lower, unit: One, reason: "below 100 dB the range is shorter than any orbit in this band" }
com_path_loss,3ff0000000000000;426d1a94a2000000,OutOfDomain { node: "com_path_loss", field: "L_fs", value: 92.44778322188338, bound: 100.0, edge: Lower, unit: One, reason: "below 100 dB the range is shorter than any orbit in this band" }
com_path_loss,3ff0000000000000;0000000000000000,Degenerate { node: "com_path_loss", field: "L_fs", reason: "the value here is not a finite number" }
com_path_loss,3ff0000000000000;bff0000000000000,OutOfDomain { node: "com_path_loss", field: "L_fs", value: -147.5522167781166, bound: 100.0, edge: Lower, unit: One, reason: "below 100 dB the range is shorter than any orbit in this band" }
com_system_noise_temperature,7ff8000000000000;3ff0000000000000,Refused { node: "com_system_noise_temperature", reason: "an input is not a finite number" }
com_system_noise_temperature,7ff0000000000000;3ff0000000000000,Refused { node: "com_system_noise_temperature", reason: "an input is not a finite number" }
com_system_noise_temperature,c26d1a94a2000000;3ff0000000000000,OutOfDomain { node: "com_system_noise_temperature", field: "T_s", value: -794328234572.3423, bound: 10.0, edge: Lower, unit: Kelvin, reason: "below 10 K requires cryogenic cooling not present in this ground segment" }
com_system_noise_temperature,426d1a94a2000000;3ff0000000000000,OutOfDomain { node: "com_system_noise_temperature", field: "T_s", value: 794328234876.2207, bound: 3000.0, edge: Upper, unit: Kelvin, reason: "above 3000 K the receiving system is not usable" }
com_system_noise_temperature,0000000000000000;3ff0000000000000,4062fe0e77cdcb0b
com_system_noise_temperature,bff0000000000000;3ff0000000000000,4062e4a354c1fd47
com_system_noise_temperature,3ff0000000000000;7ff8000000000000,Refused { node: "com_system_noise_temperature", reason: "an input is not a finite number" }
com_system_noise_temperature,3ff0000000000000;7ff0000000000000,Refused { node: "com_system_noise_temperature", reason: "an input is not a finite number" }
com_system_noise_temperature,3ff0000000000000;c26d1a94a2000000,Degenerate { node: "com_system_noise_temperature", field: "T_s", reason: "the value here is not a finite number" }
com_system_noise_temperature,3ff0000000000000;426d1a94a2000000,Degenerate { node: "com_system_noise_temperature", field: "T_s", reason: "the value here is not a finite number" }
com_system_noise_temperature,3ff0000000000000;0000000000000000,405752d85659c69b
com_system_noise_temperature,3ff0000000000000;bff0000000000000,4032770ae81cabc8
cost_bus_recurring,7ff8000000000000;3ff0000000000000,Refused { node: "cost_bus_recurring", reason: "an input is not a finite number" }
cost_bus_recurring,7ff0000000000000;3ff0000000000000,Refused { node: "cost_bus_recurring", reason: "an input is not a finite number" }
cost_bus_recurring,c26d1a94a2000000;3ff0000000000000,Degenerate { node: "cost_bus_recurring", field: "C_bus", reason: "the value here is not a finite number" }
cost_bus_recurring,426d1a94a2000000;3ff0000000000000,OutOfDomain { node: "cost_bus_recurring", field: "C_bus", value: 2.7378272998103184e16, bound: 10000000000.0, edge: Upper, unit: UsDollar, reason: "above 10 billion for one bus the relation is being fed a mass it was not fitted on" }
cost_bus_recurring,0000000000000000;3ff0000000000000,0000000000000000
cost_bus_recurring,bff0000000000000;3ff0000000000000,Degenerate { node: "cost_bus_recurring", field: "C_bus", reason: "the value here is not a finite number" }
cost_bus_recurring,3ff0000000000000;7ff8000000000000,Refused { node: "cost_bus_recurring", reason: "an input is not a finite number" }
cost_bus_recurring,3ff0000000000000;7ff0000000000000,Refused { node: "cost_bus_recurring", reason: "an input is not a finite number" }
cost_bus_recurring,3ff0000000000000;c26d1a94a2000000,OutOfDomain { node: "cost_bus_recurring", field: "C_bus", value: 9.7999999999412e77, bound: 10000000000.0, edge: Upper, unit: UsDollar, reason: "above 10 billion for one bus the relation is being fed a mass it was not fitted on" }
cost_bus_recurring,3ff0000000000000;426d1a94a2000000,OutOfDomain { node: "cost_bus_recurring", field: "C_bus", value: 9.800000000058799e77, bound: 10000000000.0, edge: Upper, unit: UsDollar, reason: "above 10 billion for one bus the relation is being fed a mass it was not fitted on" }
cost_bus_recurring,3ff0000000000000;0000000000000000,412de84000000000
cost_bus_recurring,3ff0000000000000;bff0000000000000,0000000000000000
cost_non_recurring,7ff8000000000000;3ff0000000000000,Refused { node: "cost_non_recurring", reason: "an input is not a finite number" }
cost_non_recurring,7ff0000000000000;3ff0000000000000,Refused { node: "cost_non_recurring", reason: "an input is not a finite number" }
cost_non_recurring,c26d1a94a2000000;3ff0000000000000,Degenerate { node: "cost_non_recurring", field: "C_nre", reason: "the value here is not a finite number" }
cost_non_recurring,426d1a94a2000000;3ff0000000000000,OutOfDomain { node: "cost_non_recurring", field: "C_nre", value: 3617997965990186.0, bound: 100000000000.0, edge: Upper, unit: UsDollar, reason: "above 100 billion the relation is being fed a mass it was not fitted on" }
cost_non_recurring,0000000000000000;3ff0000000000000,0000000000000000
cost_non_recurring,bff0000000000000;3ff0000000000000,Degenerate { node: "cost_non_recurring", field: "C_nre", reason: "the value here is not a finite number" }
cost_non_recurring,3ff0000000000000;7ff8000000000000,Refused { node: "cost_non_recurring", reason: "an input is not a finite number" }
cost_non_recurring,3ff0000000000000;7ff0000000000000,Refused { node: "cost_non_recurring", reason: "an input is not a finite number" }
cost_non_recurring,3ff0000000000000;c26d1a94a2000000,OutOfDomain { node: "cost_non_recurring", field: "C_nre", value: 1.41999999999148e79, bound: 100000000000.0, edge: Upper, unit: UsDollar, reason: "above 100 billion the relation is being fed a mass it was not fitted on" }
cost_non_recurring,3ff0000000000000;426d1a94a2000000,OutOfDomain { node: "cost_non_recurring", field: "C_nre", value: 1.4200000000085197e79, bound: 100000000000.0, edge: Upper, unit: UsDollar, reason: "above 100 billion the relation is being fed a mass it was not fitted on" }
cost_non_recurring,3ff0000000000000;0000000000000000,416b159800000000
cost_non_recurring,3ff0000000000000;bff0000000000000,0000000000000000
cost_payload_recurring,7ff8000000000000;3ff0000000000000,Refused { node: "cost_payload_recurring", reason: "an input is not a finite number" }
cost_payload_recurring,7ff0000000000000;3ff0000000000000,Refused { node: "cost_payload_recurring", reason: "an input is not a finite number" }
cost_payload_recurring,c26d1a94a2000000;3ff0000000000000,Degenerate { node: "cost_payload_recurring", field: "C_pay", reason: "the value here is not a finite number" }
cost_payload_recurring,426d1a94a2000000;3ff0000000000000,OutOfDomain { node: "cost_payload_recurring", field: "C_pay", value: 7470534958645490.0, bound: 10000000000.0, edge: Upper, unit: UsDollar, reason: "above 10 billion for one payload set the relation is being fed a mass it was not fitted on" }
cost_payload_recurring,0000000000000000;3ff0000000000000,0000000000000000
cost_payload_recurring,bff0000000000000;3ff0000000000000,Degenerate { node: "cost_payload_recurring", field: "C_pay", reason: "the value here is not a finite number" }
cost_payload_recurring,3ff0000000000000;7ff8000000000000,Refused { node: "cost_payload_recurring", reason: "an input is not a finite number" }
cost_payload_recurring,3ff0000000000000;7ff0000000000000,Refused { node: "cost_payload_recurring", reason: "an input is not a finite number" }
cost_payload_recurring,3ff0000000000000;c26d1a94a2000000,OutOfDomain { node: "cost_payload_recurring", field: "C_pay", value: 1.8499999999889e78, bound: 10000000000.0, edge: Upper, unit: UsDollar, reason: "above 10 billion for one payload set the relation is being fed a mass it was not fitted on" }
cost_payload_recurring,3ff0000000000000;426d1a94a2000000,OutOfDomain { node: "cost_payload_recurring", field: "C_pay", value: 1.8500000000110997e78, bound: 10000000000.0, edge: Upper, unit: UsDollar, reason: "above 10 billion for one payload set the relation is being fed a mass it was not fitted on" }
cost_payload_recurring,3ff0000000000000;0000000000000000,413c3a9000000000
cost_payload_recurring,3ff0000000000000;bff0000000000000,0000000000000000
cost_per_year,7ff8000000000000;3ff0000000000000,Refused { node: "cost_per_year", reason: "an input is not a finite number" }
cost_per_year,7ff0000000000000;3ff0000000000000,Refused { node: "cost_per_year", reason: "an input is not a finite number" }
cost_per_year,c26d1a94a2000000;3ff0000000000000,OutOfDomain { node: "cost_per_year", field: "C_yr", value: -3.1557600000000004e19, bound: 0.0, edge: Lower, unit: UsDollar, reason: "a cost cannot be negative" }
cost_per_year,426d1a94a2000000;3ff0000000000000,OutOfDomain { node: "cost_per_year", field: "C_yr", value: 3.1557600000000004e19, bound: 1000000000000.0, edge: Upper, unit: UsDollar, reason: "above a trillion dollars a year the programme is not the one being designed" }
cost_per_year,0000000000000000;3ff0000000000000,0000000000000000
cost_per_year,bff0000000000000;3ff0000000000000,OutOfDomain { node: "cost_per_year", field: "C_yr", value: -31557600.000000004, bound: 0.0, edge: Lower, unit: UsDollar, reason: "a cost cannot be negative" }
cost_per_year,3ff0000000000000;7ff8000000000000,Refused { node: "cost_per_year", reason: "an input is not a finite number" }
cost_per_year,3ff0000000000000;7ff0000000000000,Refused { node: "cost_per_year", reason: "an input is not a finite number" }
cost_per_year,3ff0000000000000;c26d1a94a2000000,OutOfDomain { node: "cost_per_year", field: "C_yr", value: -3.15576e-5, bound: 0.0, edge: Lower, unit: UsDollar, reason: "a cost cannot be negative" }
cost_per_year,3ff0000000000000;426d1a94a2000000,3f008b96e1285a84
cost_per_year,3ff0000000000000;0000000000000000,Degenerate { node: "cost_per_year", field: "C_yr", reason: "the value here is not a finite number" }
cost_per_year,3ff0000000000000;bff0000000000000,OutOfDomain { node: "cost_per_year", field: "C_yr", value: -31557600.000000004, bound: 0.0, edge: Lower, unit: UsDollar, reason: "a cost cannot be negative" }
cost_production,7ff8000000000000;3ff0000000000000;3ff0000000000000;3ff0000000000000,Refused { node: "cost_production", reason: "an input is not a finite number" }
cost_production,7ff0000000000000;3ff0000000000000;3ff0000000000000;3ff0000000000000,Refused { node: "cost_production", reason: "an input is not a finite number" }
cost_production,c26d1a94a2000000;3ff0000000000000;3ff0000000000000;3ff0000000000000,OutOfDomain { node: "cost_production", field: "C_prod", value: -999999999999.0, bound: 0.0, edge: Lower, unit: UsDollar, reason: "a cost cannot be negative" }
cost_production,426d1a94a2000000;3ff0000000000000;3ff0000000000000;3ff0000000000000,OutOfDomain { node: "cost_production", field: "C_prod", value: 1000000000001.0, bound: 1000000000000.0, edge: Upper, unit: UsDollar, reason: "above a trillion dollars the programme is not the one being designed" }
cost_production,0000000000000000;3ff0000000000000;3ff0000000000000;3ff0000000000000,3ff0000000000000
cost_production,bff0000000000000;3ff0000000000000;3ff0000000000000;3ff0000000000000,0000000000000000
cost_production,3ff0000000000000;7ff8000000000000;3ff0000000000000;3ff0000000000000,Refused { node: "cost_production", reason: "an input is not a finite number" }
cost_production,3ff0000000000000;7ff0000000000000;3ff0000000000000;3ff0000000000000,Refused { node: "cost_production", reason: "an input is not a finite number" }
cost_production,3ff0000000000000;c26d1a94a2000000;3ff0000000000000;3ff0000000000000,OutOfDomain { node: "cost_production", field: "C_prod", value: -999999999999.0, bound: 0.0, edge: Lower, unit: UsDollar, reason: "a cost cannot be negative" }
cost_production,3ff0000000000000;426d1a94a2000000;3ff0000000000000;3ff0000000000000,OutOfDomain { node: "cost_production", field: "C_prod", value: 1000000000001.0, bound: 1000000000000.0, edge: Upper, unit: UsDollar, reason: "above a trillion dollars the programme is not the one being designed" }
cost_production,3ff0000000000000;0000000000000000;3ff0000000000000;3ff0000000000000,3ff0000000000000
cost_production,3ff0000000000000;bff0000000000000;3ff0000000000000;3ff0000000000000,0000000000000000
cost_production,3ff0000000000000;3ff0000000000000;7ff8000000000000;3ff0000000000000,Refused { node: "cost_production", reason: "an input is not a finite number" }
cost_production,3ff0000000000000;3ff0000000000000;7ff0000000000000;3ff0000000000000,Refused { node: "cost_production", reason: "an input is not a finite number" }
cost_production,3ff0000000000000;3ff0000000000000;c26d1a94a2000000;3ff0000000000000,0000000000000000
cost_production,3ff0000000000000;3ff0000000000000;426d1a94a2000000;3ff0000000000000,41ffffffffe00000
cost_production,3ff0000000000000;3ff0000000000000;0000000000000000;3ff0000000000000,0000000000000000
cost_production,3ff0000000000000;3ff0000000000000;bff0000000000000;3ff0000000000000,0000000000000000
cost_production,3ff0000000000000;3ff0000000000000;3ff0000000000000;7ff8000000000000,Refused { node: "cost_production", reason: "an input is not a finite number" }
cost_production,3ff0000000000000;3ff0000000000000;3ff0000000000000;7ff0000000000000,Refused { node: "cost_production", reason: "an input is not a finite number" }
cost_production,3ff0000000000000;3ff0000000000000;3ff0000000000000;c26d1a94a2000000,Degenerate { node: "cost_production", field: "C_prod", reason: "the value here is not a finite number" }
cost_production,3ff0000000000000;3ff0000000000000;3ff0000000000000;426d1a94a2000000,4000000000000000
cost_production,3ff0000000000000;3ff0000000000000;3ff0000000000000;0000000000000000,Degenerate { node: "cost_production", field: "C_prod", reason: "the value here is not a finite number" }
cost_production,3ff0000000000000;3ff0000000000000;3ff0000000000000;bff0000000000000,Degenerate { node: "cost_production", field: "C_prod", reason: "the value here is not a finite number" }
cost_programme,7ff8000000000000;3ff0000000000000;3ff0000000000000;3ff0000000000000;3ff0000000000000;3ff0000000000000,Refused { node: "cost_programme", reason: "an input is not a finite number" }
cost_programme,7ff0000000000000;3ff0000000000000;3ff0000000000000;3ff0000000000000;3ff0000000000000;3ff0000000000000,Refused { node: "cost_programme", reason: "an input is not a finite number" }
cost_programme,c26d1a94a2000000;3ff0000000000000;3ff0000000000000;3ff0000000000000;3ff0000000000000;3ff0000000000000,OutOfDomain { node: "cost_programme", field: "C_tot", value: -999999999998.0, bound: 0.0, edge: Lower, unit: UsDollar, reason: "a cost cannot be negative" }
cost_programme,426d1a94a2000000;3ff0000000000000;3ff0000000000000;3ff0000000000000;3ff0000000000000;3ff0000000000000,OutOfDomain { node: "cost_programme", field: "C_tot", value: 1000000000002.0, bound: 1000000000000.0, edge: Upper, unit: UsDollar, reason: "above a trillion dollars the programme is not the one being designed" }
cost_programme,0000000000000000;3ff0000000000000;3ff0000000000000;3ff0000000000000;3ff0000000000000;3ff0000000000000,400000000440cb5e
cost_programme,bff0000000000000;3ff0000000000000;3ff0000000000000;3ff0000000000000;3ff0000000000000;3ff0000000000000,3ff00000088196bc
cost_programme,3ff0000000000000;7ff8000000000000;3ff0000000000000;3ff0000000000000;3ff0000000000000;3ff0000000000000,Refused { node: "cost_programme", reason: "an input is not a finite number" }
cost_programme,3ff0000000000000;7ff0000000000000;3ff0000000000000;3ff0000000000000;3ff0000000000000;3ff0000000000000,Refused { node: "cost_programme", reason: "an input is not a finite number" }
cost_programme,3ff0000000000000;c26d1a94a2000000;3ff0000000000000;3ff0000000000000;3ff0000000000000;3ff0000000000000,OutOfDomain { node: "cost_programme", field: "C_tot", value: -999999999998.0, bound: 0.0, edge: Lower, unit: UsDollar, reason: "a cost cannot be negative" }
cost_programme,3ff0000000000000;426d1a94a2000000;3ff0000000000000;3ff0000000000000;3ff0000000000000;3ff0000000000000,OutOfDomain { node: "cost_programme", field: "C_tot", value: 1000000000002.0, bound: 1000000000000.0, edge: Upper, unit: UsDollar, reason: "above a trillion dollars the programme is not the one being designed" }
cost_programme,3ff0000000000000;0000000000000000;3ff0000000000000;3ff0000000000000;3ff0000000000000;3ff0000000000000,400000000440cb5e
cost_programme,3ff0000000000000;bff0000000000000;3ff0000000000000;3ff0000000000000;3ff0000000000000;3ff0000000000000,3ff00000088196bc
cost_programme,3ff0000000000000;3ff0000000000000;7ff8000000000000;3ff0000000000000;3ff0000000000000;3ff0000000000000,Refused { node: "cost_programme", reason: "an input is not a finite number" }
cost_programme,3ff0000000000000;3ff0000000000000;7ff0000000000000;3ff0000000000000;3ff0000000000000;3ff0000000000000,Refused { node: "cost_programme", reason: "an input is not a finite number" }
cost_programme,3ff0000000000000;3ff0000000000000;c26d1a94a2000000;3ff0000000000000;3ff0000000000000;3ff0000000000000,OutOfDomain { node: "cost_programme", field: "C_tot", value: -999999999998.0, bound: 0.0, edge: Lower, unit: UsDollar, reason: "a cost cannot be negative" }
cost_programme,3ff0000000000000;3ff0000000000000;426d1a94a2000000;3ff0000000000000;3ff0000000000000;3ff0000000000000,OutOfDomain { node: "cost_programme", field: "C_tot", value: 1000000000002.0, bound: 1000000000000.0, edge: Upper, unit: UsDollar, reason: "above a trillion dollars the programme is not the one being designed" }
cost_programme,3ff0000000000000;3ff0000000000000;0000000000000000;3ff0000000000000;3ff0000000000000;3ff0000000000000,400000000440cb5e
cost_programme,3ff0000000000000;3ff0000000000000;bff0000000000000;3ff0000000000000;3ff0000000000000;3ff0000000000000,3ff00000088196bc
cost_programme,3ff0000000000000;3ff0000000000000;3ff0000000000000;7ff8000000000000;3ff0000000000000;3ff0000000000000,Refused { node: "cost_programme", reason: "an input is not a finite number" }
cost_programme,3ff0000000000000;3ff0000000000000;3ff0000000000000;7ff0000000000000;3ff0000000000000;3ff0000000000000,Refused { node: "cost_programme", reason: "an input is not a finite number" }
cost_programme,3ff0000000000000;3ff0000000000000;3ff0000000000000;c26d1a94a2000000;3ff0000000000000;3ff0000000000000,OutOfDomain { node: "cost_programme", field: "C_tot", value: -999999999998.0, bound: 0.0, edge: Lower, unit: UsDollar, reason: "a cost cannot be negative" }
cost_programme,3ff0000000000000;3ff0000000000000;3ff0000000000000;426d1a94a2000000;3ff0000000000000;3ff0000000000000,OutOfDomain { node: "cost_programme", field: "C_tot", value: 1000000000002.0, bound: 1000000000000.0, edge: Upper, unit: UsDollar, reason: "above a trillion dollars the programme is not the one being designed" }
cost_programme,3ff0000000000000;3ff0000000000000;3ff0000000000000;0000000000000000;3ff0000000000000;3ff0000000000000,400000000440cb5e
cost_programme,3ff0000000000000;3ff0000000000000;3ff0000000000000;bff0000000000000;3ff0000000000000;3ff0000000000000,3ff00000088196bc
cost_programme,3ff0000000000000;3ff0000000000000;3ff0000000000000;3ff0000000000000;7ff8000000000000;3ff0000000000000,Refused { node: "cost_programme", reason: "an input is not a finite number" }
cost_programme,3ff0000000000000;3ff0000000000000;3ff0000000000000;3ff0000000000000;7ff0000000000000;3ff0000000000000,Refused { node: "cost_programme", reason: "an input is not a finite number" }
cost_programme,3ff0000000000000;3ff0000000000000;3ff0000000000000;3ff0000000000000;c26d1a94a2000000;3ff0000000000000,OutOfDomain { node: "cost_programme", field: "C_tot", value: -31685.087814028946, bound: 0.0, edge: Lower, unit: UsDollar, reason: "a cost cannot be negative" }
cost_programme,3ff0000000000000;3ff0000000000000;3ff0000000000000;3ff0000000000000;426d1a94a2000000;3ff0000000000000,40def2c59ebebb9d
cost_programme,3ff0000000000000;3ff0000000000000;3ff0000000000000;3ff0000000000000;0000000000000000;3ff0000000000000,4008000000000000
cost_programme,3ff0000000000000;3ff0000000000000;3ff0000000000000;3ff0000000000000;bff0000000000000;3ff0000000000000,4007fffffbbf34a2
cost_programme,3ff0000000000000;3ff0000000000000;3ff0000000000000;3ff0000000000000;3ff0000000000000;7ff8000000000000,Refused { node: "cost_programme", reason: "an input is not a finite number" }
cost_programme,3ff0000000000000;3ff0000000000000;3ff0000000000000;3ff0000000000000;3ff0000000000000;7ff0000000000000,Refused { node: "cost_programme", reason: "an input is not a finite number" }
cost_programme,3ff0000000000000;3ff0000000000000;3ff0000000000000;3ff0000000000000;3ff0000000000000;c26d1a94a2000000,OutOfDomain { node: "cost_programme", field: "C_tot", value: -31685.08781402895, bound: 0.0, edge: Lower, unit: UsDollar, reason: "a cost cannot be negative" }
cost_programme,3ff0000000000000;3ff0000000000000;3ff0000000000000;3ff0000000000000;3ff0000000000000;426d1a94a2000000,40def2c59ebebb9e
cost_programme,3ff0000000000000;3ff0000000000000;3ff0000000000000;3ff0000000000000;3ff0000000000000;0000000000000000,4008000000000000
cost_programme,3ff0000000000000;3ff0000000000000;3ff0000000000000;3ff0000000000000;3ff0000000000000;bff0000000000000,4007fffffbbf34a2
cost_replacement_avoided,7ff8000000000000;3ff0000000000000;3ff0000000000000;3ff0000000000000;3ff0000000000000,Refused { node: "cost_replacement_avoided", reason: "an input is not a finite number" }
cost_replacement_avoided,7ff0000000000000;3ff0000000000000;3ff0000000000000;3ff0000000000000;3ff0000000000000,Refused { node: "cost_replacement_avoided", reason: "an input is not a finite number" }
cost_replacement_avoided,c26d1a94a2000000;3ff0000000000000;3ff0000000000000;3ff0000000000000;3ff0000000000000,OutOfDomain { node: "cost_replacement_avoided", field: "C_avd", value: -999999999998.0, bound: 0.0, edge: Lower, unit: UsDollar, reason: "a saving cannot be negative" }
cost_replacement_avoided,426d1a94a2000000;3ff0000000000000;3ff0000000000000;3ff0000000000000;3ff0000000000000,OutOfDomain { node: "cost_replacement_avoided", field: "C_avd", value: 1000000000002.0, bound: 1000000000000.0, edge: Upper, unit: UsDollar, reason: "above a trillion dollars the programme is not the one being designed" }
cost_replacement_avoided,0000000000000000;3ff0000000000000;3ff0000000000000;3ff0000000000000;3ff0000000000000,4000000000000000
cost_replacement_avoided,bff0000000000000;3ff0000000000000;3ff0000000000000;3ff0000000000000;3ff0000000000000,3ff0000000000000
cost_replacement_avoided,3ff0000000000000;7ff8000000000000;3ff0000000000000;3ff0000000000000;3ff0000000000000,Refused { node: "cost_replacement_avoided", reason: "an input is not a finite number" }
cost_replacement_avoided,3ff0000000000000;7ff0000000000000;3ff0000000000000;3ff0000000000000;3ff0000000000000,Refused { node: "cost_replacement_avoided", reason: "an input is not a finite number" }
cost_replacement_avoided,3ff0000000000000;c26d1a94a2000000;3ff0000000000000;3ff0000000000000;3ff0000000000000,OutOfDomain { node: "cost_replacement_avoided", field: "C_avd", value: -999999999998.0, bound: 0.0, edge: Lower, unit: UsDollar, reason: "a saving cannot be negative" }
cost_replacement_avoided,3ff0000000000000;426d1a94a2000000;3ff0000000000000;3ff0000000000000;3ff0000000000000,OutOfDomain { node: "cost_replacement_avoided", field: "C_avd", value: 1000000000002.0, bound: 1000000000000.0, edge: Upper, unit: UsDollar, reason: "above a trillion dollars the programme is not the one being designed" }
cost_replacement_avoided,3ff0000000000000;0000000000000000;3ff0000000000000;3ff0000000000000;3ff0000000000000,4000000000000000
cost_replacement_avoided,3ff0000000000000;bff0000000000000;3ff0000000000000;3ff0000000000000;3ff0000000000000,3ff0000000000000
cost_replacement_avoided,3ff0000000000000;3ff0000000000000;7ff8000000000000;3ff0000000000000;3ff0000000000000,Refused { node: "cost_replacement_avoided", reason: "an input is not a finite number" }
cost_replacement_avoided,3ff0000000000000;3ff0000000000000;7ff0000000000000;3ff0000000000000;3ff0000000000000,Refused { node: "cost_replacement_avoided", reason: "an input is not a finite number" }
cost_replacement_avoided,3ff0000000000000;3ff0000000000000;c26d1a94a2000000;3ff0000000000000;3ff0000000000000,OutOfDomain { node: "cost_replacement_avoided", field: "C_avd", value: -999999999998.0, bound: 0.0, edge: Lower, unit: UsDollar, reason: "a saving cannot be negative" }
cost_replacement_avoided,3ff0000000000000;3ff0000000000000;426d1a94a2000000;3ff0000000000000;3ff0000000000000,OutOfDomain { node: "cost_replacement_avoided", field: "C_avd", value: 1000000000002.0, bound: 1000000000000.0, edge: Upper, unit: UsDollar, reason: "above a trillion dollars the programme is not the one being designed" }
cost_replacement_avoided,3ff0000000000000;3ff0000000000000;0000000000000000;3ff0000000000000;3ff0000000000000,4000000000000000
cost_replacement_avoided,3ff0000000000000;3ff0000000000000;bff0000000000000;3ff0000000000000;3ff0000000000000,3ff0000000000000
cost_replacement_avoided,3ff0000000000000;3ff0000000000000;3ff0000000000000;7ff8000000000000;3ff0000000000000,Refused { node: "cost_replacement_avoided", reason: "an input is not a finite number" }
cost_replacement_avoided,3ff0000000000000;3ff0000000000000;3ff0000000000000;7ff0000000000000;3ff0000000000000,Refused { node: "cost_replacement_avoided", reason: "an input is not a finite number" }
cost_replacement_avoided,3ff0000000000000;3ff0000000000000;3ff0000000000000;c26d1a94a2000000;3ff0000000000000,OutOfDomain { node: "cost_replacement_avoided", field: "C_avd", value: -3000000000000.0, bound: 0.0, edge: Lower, unit: UsDollar, reason: "a saving cannot be negative" }
cost_replacement_avoided,3ff0000000000000;3ff0000000000000;3ff0000000000000;426d1a94a2000000;3ff0000000000000,OutOfDomain { node: "cost_replacement_avoided", field: "C_avd", value: 3000000000000.0, bound: 1000000000000.0, edge: Upper, unit: UsDollar, reason: "above a trillion dollars the programme is not the one being designed" }
cost_replacement_avoided,3ff0000000000000;3ff0000000000000;3ff0000000000000;0000000000000000;3ff0000000000000,0000000000000000
cost_replacement_avoided,3ff0000000000000;3ff0000000000000;3ff0000000000000;bff0000000000000;3ff0000000000000,OutOfDomain { node: "cost_replacement_avoided", field: "C_avd", value: -3.0, bound: 0.0, edge: Lower, unit: UsDollar, reason: "a saving cannot be negative" }
cost_replacement_avoided,3ff0000000000000;3ff0000000000000;3ff0000000000000;3ff0000000000000;7ff8000000000000,Refused { node: "cost_replacement_avoided", reason: "an input is not a finite number" }
cost_replacement_avoided,3ff0000000000000;3ff0000000000000;3ff0000000000000;3ff0000000000000;7ff0000000000000,Refused { node: "cost_replacement_avoided", reason: "an input is not a finite number" }
cost_replacement_avoided,3ff0000000000000;3ff0000000000000;3ff0000000000000;3ff0000000000000;c26d1a94a2000000,0000000000000000
cost_replacement_avoided,3ff0000000000000;3ff0000000000000;3ff0000000000000;3ff0000000000000;426d1a94a2000000,4008000000000000
cost_replacement_avoided,3ff0000000000000;3ff0000000000000;3ff0000000000000;3ff0000000000000;0000000000000000,0000000000000000
cost_replacement_avoided,3ff0000000000000;3ff0000000000000;3ff0000000000000;3ff0000000000000;bff0000000000000,0000000000000000
env_atomic_oxygen_density,7ff8000000000000;3ff0000000000000,Refused { node: "env_atomic_oxygen_density", reason: "an input is not a finite number" }
env_atomic_oxygen_density,7ff0000000000000;3ff0000000000000,Refused { node: "env_atomic_oxygen_density", reason: "an input is not a finite number" }
env_atomic_oxygen_density,c26d1a94a2000000;3ff0000000000000,43794a7724feac00
env_atomic_oxygen_density,426d1a94a2000000;3ff0000000000000,OutOfDomain { node: "env_atomic_oxygen_density", field: "n_O", value: 0.0, bound: 100000000.0, edge: Lower, unit: PerCubicMetre, reason: "below 1e8 there is effectively no atomic oxygen and the accommodation model returns a specular surface" }
env_atomic_oxygen_density,0000000000000000;3ff0000000000000,43794a7724feac00
env_atomic_oxygen_density,bff0000000000000;3ff0000000000000,43794a7724feac00
env_atomic_oxygen_density,3ff0000000000000;7ff8000000000000,Refused { node: "env_atomic_oxygen_density", reason: "an input is not a finite number" }
env_atomic_oxygen_density,3ff0000000000000;7ff0000000000000,Refused { node: "env_atomic_oxygen_density", reason: "an input is not a finite number" }
env_atomic_oxygen_density,3ff0000000000000;c26d1a94a2000000,43794a7724feac00
env_atomic_oxygen_density,3ff0000000000000;426d1a94a2000000,43794a7724feac00
env_atomic_oxygen_density,3ff0000000000000;0000000000000000,43794a7724feac00
env_atomic_oxygen_density,3ff0000000000000;bff0000000000000,43794a7724feac00
env_density_uncertainty,7ff8000000000000,Refused { node: "env_density_uncertainty", reason: "an input is not a finite number" }
env_density_uncertainty,7ff0000000000000,Refused { node: "env_density_uncertainty", reason: "an input is not a finite number" }
env_density_uncertainty,c26d1a94a2000000,OutOfDomain { node: "env_density_uncertainty", field: "sigma_rho", value: -29999999999.85, bound: 0.05, edge: Lower, unit: One, reason: "no published comparison of an empirical thermosphere model against measured drag does better than 5%" }
env_density_uncertainty,426d1a94a2000000,OutOfDomain { node: "env_density_uncertainty", field: "sigma_rho", value: 30000000000.15, bound: 1.0, edge: Upper, unit: One, reason: "an uncertainty above 100% of the value is not an uncertainty, it is an absence of a model" }
env_density_uncertainty,0000000000000000,3fc3333333333333
env_density_uncertainty,bff0000000000000,3fbeb851eb851eb8
env_exospheric_temperature,4051800000000000;4051800000000000;3ff0000000000000,4083cf0d6946bb7d
env_exospheric_temperature,4062c00000000000;4062c00000000000;4008000000000000,408dacd20e2df1d9
env_exospheric_temperature,406f400000000000;406f400000000000;401c000000000000,4096279892149b21
env_exospheric_temperature,4024000000000000;4024000000000000;0000000000000000,4079b6e147ae147a
env_exospheric_temperature,4069000000000000;4062c00000000000;4008000000000000,408fb4d20e2df1d9
env_exospheric_temperature,4059000000000000;4062c00000000000;4008000000000000,408ba4d20e2df1d9
env_exospheric_temperature,4062c00000000000;4062c00000000000;401c000000000000,4091179892149b21
env_exospheric_temperature,4062c00000000000;4062c00000000000;4020000000000000,409269b70784434e
env_exospheric_temperature,7ff8000000000000;4051800000000000;3ff0000000000000,Refused { node: "env_exospheric_temperature", reason: "an input is not a finite number" }
env_exospheric_temperature,7ff0000000000000;4051800000000000;3ff0000000000000,Refused { node: "env_exospheric_temperature", reason: "an input is not a finite number" }
env_exospheric_temperature,c26d1a94a2000000;4051800000000000;3ff0000000000000,OutOfDomain { node: "env_exospheric_temperature", field: "T_inf", value: -1299999999457.1184, bound: 400.0, edge: Lower, unit: Kelvin, reason: "no observed thermosphere is colder than 400 K; below that the Bates profile inverts" }
env_exospheric_temperature,426d1a94a2000000;4051800000000000;3ff0000000000000,OutOfDomain { node: "env_exospheric_temperature", field: "T_inf", value: 1300000000542.8816, bound: 2500.0, edge: Upper, unit: Kelvin, reason: "above 2500 K is beyond any recorded storm and beyond the fit" }
env_exospheric_temperature,0000000000000000;4051800000000000;3ff0000000000000,4080f70d6946bb7d
env_exospheric_temperature,bff0000000000000;4051800000000000;3ff0000000000000,4080eca702e05517
env_exospheric_temperature,4051800000000000;7ff8000000000000;3ff0000000000000,Refused { node: "env_exospheric_temperature", reason: "an input is not a finite number" }
env_exospheric_temperature,4051800000000000;7ff0000000000000;3ff0000000000000,Refused { node: "env_exospheric_temperature", reason: "an input is not a finite number" }
env_exospheric_temperature,4051800000000000;c26d1a94a2000000;3ff0000000000000,OutOfDomain { node: "env_exospheric_temperature", field: "T_inf", value: -1939999999501.9185, bound: 400.0, edge: Lower, unit: Kelvin, reason: "no observed thermosphere is colder than 400 K; below that the Bates profile inverts" }
env_exospheric_temperature,4051800000000000;426d1a94a2000000;3ff0000000000000,OutOfDomain { node: "env_exospheric_temperature", field: "T_inf", value: 1940000000498.0815, bound: 2500.0, edge: Upper, unit: Kelvin, reason: "above 2500 K is beyond any recorded storm and beyond the fit" }
env_exospheric_temperature,4051800000000000;0000000000000000;3ff0000000000000,407f214e05c0aa2e
env_exospheric_temperature,4051800000000000;bff0000000000000;3ff0000000000000,407f0243c8500657
env_exospheric_temperature,4051800000000000;4051800000000000;7ff8000000000000,Refused { node: "env_exospheric_temperature", reason: "an input is not a finite number" }
env_exospheric_temperature,4051800000000000;4051800000000000;7ff0000000000000,Refused { node: "env_exospheric_temperature", reason: "an input is not a finite number" }
env_exospheric_temperature,4051800000000000;4051800000000000;c26d1a94a2000000,OutOfDomain { node: "env_exospheric_temperature", field: "T_inf", value: -27999999999394.2, bound: 400.0, edge: Lower, unit: Kelvin, reason: "no observed thermosphere is colder than 400 K; below that the Bates profile inverts" }
env_exospheric_temperature,4051800000000000;4051800000000000;426d1a94a2000000,Degenerate { node: "env_exospheric_temperature", field: "T_inf", reason: "the value here is not a finite number" }
env_exospheric_temperature,4051800000000000;4051800000000000;0000000000000000,4082eea3d70a3d70
env_exospheric_temperature,4051800000000000;4051800000000000;bff0000000000000,40820e7d00a4aee3
env_f107,7ff8000000000000,Refused { node: "env_f107", reason: "an input is not a finite number" }
env_f107,7ff0000000000000,Refused { node: "env_f107", reason: "an input is not a finite number" }
env_f107,c26d1a94a2000000,OutOfDomain { node: "env_f107", field: "F107", value: -1000000000000.0, bound: 60.0, edge: Lower, unit: One, reason: "below 60 sfu has never been observed; the fit has no support there" }
env_f107,426d1a94a2000000,OutOfDomain { node: "env_f107", field: "F107", value: 1000000000000.0, bound: 400.0, edge: Upper, unit: One, reason: "above 400 sfu is beyond the largest recorded daily value, so the temperature relation is extrapolated" }
env_f107,0000000000000000,OutOfDomain { node: "env_f107", field: "F107", value: 0.0, bound: 60.0, edge: Lower, unit: One, reason: "below 60 sfu has never been observed; the fit has no support there" }
env_f107,bff0000000000000,OutOfDomain { node: "env_f107", field: "F107", value: -1.0, bound: 60.0, edge: Lower, unit: One, reason: "below 60 sfu has never been observed; the fit has no support there" }
env_f107a,7ff8000000000000,Refused { node: "env_f107a", reason: "an input is not a finite number" }
env_f107a,7ff0000000000000,Refused { node: "env_f107a", reason: "an input is not a finite number" }
env_f107a,c26d1a94a2000000,OutOfDomain { node: "env_f107a", field: "F107A", value: -1000000000000.0, bound: 60.0, edge: Lower, unit: One, reason: "same support limit as the daily value" }
env_f107a,426d1a94a2000000,OutOfDomain { node: "env_f107a", field: "F107A", value: 1000000000000.0, bound: 400.0, edge: Upper, unit: One, reason: "same support limit as the daily value" }
env_f107a,0000000000000000,OutOfDomain { node: "env_f107a", field: "F107A", value: 0.0, bound: 60.0, edge: Lower, unit: One, reason: "same support limit as the daily value" }
env_f107a,bff0000000000000,OutOfDomain { node: "env_f107a", field: "F107A", value: -1.0, bound: 60.0, edge: Lower, unit: One, reason: "same support limit as the daily value" }
env_knudsen,7ff8000000000000;3ff0000000000000,Refused { node: "env_knudsen", reason: "an input is not a finite number" }
env_knudsen,7ff0000000000000;3ff0000000000000,Refused { node: "env_knudsen", reason: "an input is not a finite number" }
env_knudsen,c26d1a94a2000000;3ff0000000000000,OutOfDomain { node: "env_knudsen", field: "Kn", value: -1000000000000.0, bound: 10.0, edge: Lower, unit: One, reason: "below Kn = 10 the flow is transitional and Sentman's free-molecular relations are outside their envelope. This bound is the Ariane 501 lesson written as a guard: a component used outside the envelope it was specified for, with nothing re-derived" }
env_knudsen,426d1a94a2000000;3ff0000000000000,426d1a94a2000000
env_knudsen,0000000000000000;3ff0000000000000,OutOfDomain { node: "env_knudsen", field: "Kn", value: 0.0, bound: 10.0, edge: Lower, unit: One, reason: "below Kn = 10 the flow is transitional and Sentman's free-molecular relations are outside their envelope. This bound is the Ariane 501 lesson written as a guard: a component used outside the envelope it was specified for, with nothing re-derived" }
env_knudsen,bff0000000000000;3ff0000000000000,OutOfDomain { node: "env_knudsen", field: "Kn", value: -1.0, bound: 10.0, edge: Lower, unit: One, reason: "below Kn = 10 the flow is transitional and Sentman's free-molecular relations are outside their envelope. This bound is the Ariane 501 lesson written as a guard: a component used outside the envelope it was specified for, with nothing re-derived" }
env_knudsen,3ff0000000000000;7ff8000000000000,Refused { node: "env_knudsen", reason: "an input is not a finite number" }
env_knudsen,3ff0000000000000;7ff0000000000000,Refused { node: "env_knudsen", reason: "an input is not a finite number" }
env_knudsen,3ff0000000000000;c26d1a94a2000000,OutOfDomain { node: "env_knudsen", field: "Kn", value: -1e-12, bound: 10.0, edge: Lower, unit: One, reason: "below Kn = 10 the flow is transitional and Sentman's free-molecular relations are outside their envelope. This bound is the Ariane 501 lesson written as a guard: a component used outside the envelope it was specified for, with nothing re-derived" }
env_knudsen,3ff0000000000000;426d1a94a2000000,OutOfDomain { node: "env_knudsen", field: "Kn", value: 1e-12, bound: 10.0, edge: Lower, unit: One, reason: "below Kn = 10 the flow is transitional and Sentman's free-molecular relations are outside their envelope. This bound is the Ariane 501 lesson written as a guard: a component used outside the envelope it was specified for, with nothing re-derived" }
env_knudsen,3ff0000000000000;0000000000000000,Degenerate { node: "env_knudsen", field: "Kn", reason: "the value here is not a finite number" }
env_knudsen,3ff0000000000000;bff0000000000000,OutOfDomain { node: "env_knudsen", field: "Kn", value: -1.0, bound: 10.0, edge: Lower, unit: One, reason: "below Kn = 10 the flow is transitional and Sentman's free-molecular relations are outside their envelope. This bound is the Ariane 501 lesson written as a guard: a component used outside the envelope it was specified for, with nothing re-derived" }
env_kp,7ff8000000000000,Refused { node: "env_kp", reason: "an input is not a finite number" }
env_kp,7ff0000000000000,Refused { node: "env_kp", reason: "an input is not a finite number" }
env_kp,c26d1a94a2000000,OutOfDomain { node: "env_kp", field: "Kp", value: -1000000000000.0, bound: 0.0, edge: Lower, unit: One, reason: "Kp is defined on 0..9; a negative index is not a quiet day, it is a unit error" }
env_kp,426d1a94a2000000,OutOfDomain { node: "env_kp", field: "Kp", value: 1000000000000.0, bound: 9.0, edge: Upper, unit: One, reason: "Kp is defined on 0..9. This is the guard that catches an Ap value passed in by mistake, which would otherwise return an exospheric temperature of 1e18 K without complaint" }
env_kp,0000000000000000,0000000000000000
env_kp,bff0000000000000,OutOfDomain { node: "env_kp", field: "Kp", value: -1.0, bound: 0.0, edge: Lower, unit: One, reason: "Kp is defined on 0..9; a negative index is not a quiet day, it is a unit error" }
env_local_temperature,7ff8000000000000;3ff0000000000000,Refused { node: "env_local_temperature", reason: "an input is not a finite number" }
env_local_temperature,7ff0000000000000;3ff0000000000000,Refused { node: "env_local_temperature", reason: "an input is not a finite number" }
env_local_temperature,c26d1a94a2000000;3ff0000000000000,4076800000000000
env_local_temperature,426d1a94a2000000;3ff0000000000000,OutOfDomain { node: "env_local_temperature", field: "T", value: 1.0, bound: 200.0, edge: Lower, unit: Kelvin, reason: "below the 120 km base temperature the profile is not defined" }
env_local_temperature,0000000000000000;3ff0000000000000,4076800000000000
env_local_temperature,bff0000000000000;3ff0000000000000,4076800000000000
env_local_temperature,3ff0000000000000;7ff8000000000000,Refused { node: "env_local_temperature", reason: "an input is not a finite number" }
env_local_temperature,3ff0000000000000;7ff0000000000000,Refused { node: "env_local_temperature", reason: "an input is not a finite number" }
env_local_temperature,3ff0000000000000;c26d1a94a2000000,4076800000000000
env_local_temperature,3ff0000000000000;426d1a94a2000000,4076800000000000
env_local_temperature,3ff0000000000000;0000000000000000,4076800000000000
env_local_temperature,3ff0000000000000;bff0000000000000,4076800000000000
env_magnetic_field,7ff8000000000000;3ff0000000000000,Refused { node: "env_magnetic_field", reason: "an input is not a finite number" }
env_magnetic_field,7ff0000000000000;3ff0000000000000,Refused { node: "env_magnetic_field", reason: "an input is not a finite number" }
env_magnetic_field,c26d1a94a2000000;3ff0000000000000,OutOfDomain { node: "env_magnetic_field", field: "B", value: -1.430892298976542e-20, bound: 1e-6, edge: Lower, unit: Tesla, reason: "the field never falls below a microtesla at these altitudes" }
env_magnetic_field,426d1a94a2000000;3ff0000000000000,OutOfDomain { node: "env_magnetic_field", field: "B", value: 1.430892298976542e-20, bound: 1e-6, edge: Lower, unit: Tesla, reason: "the field never falls below a microtesla at these altitudes" }
env_magnetic_field,0000000000000000;3ff0000000000000,Degenerate { node: "env_magnetic_field", field: "B", reason: "the value here is not a finite number" }
env_magnetic_field,bff0000000000000;3ff0000000000000,OutOfDomain { node: "env_magnetic_field", field: "B", value: -1.430892298976542e16, bound: 1e-6, edge: Lower, unit: Tesla, reason: "the field never falls below a microtesla at these altitudes" }
env_magnetic_field,3ff0000000000000;7ff8000000000000,Refused { node: "env_magnetic_field", reason: "an input is not a finite number" }
env_magnetic_field,3ff0000000000000;7ff0000000000000,Refused { node: "env_magnetic_field", reason: "an input is not a finite number" }
env_magnetic_field,3ff0000000000000;c26d1a94a2000000,OutOfDomain { node: "env_magnetic_field", field: "B", value: 1.1788949228184906e16, bound: 0.0001, edge: Upper, unit: Tesla, reason: "the surface equatorial field is 3.1e-5 T; 1e-4 would be four times the polar surface value" }
env_magnetic_field,3ff0000000000000;426d1a94a2000000,OutOfDomain { node: "env_magnetic_field", field: "B", value: 1.1788949228184906e16, bound: 0.0001, edge: Upper, unit: Tesla, reason: "the surface equatorial field is 3.1e-5 T; 1e-4 would be four times the polar surface value" }
env_magnetic_field,3ff0000000000000;0000000000000000,OutOfDomain { node: "env_magnetic_field", field: "B", value: 8095359215812522.0, bound: 0.0001, edge: Upper, unit: Tesla, reason: "the surface equatorial field is 3.1e-5 T; 1e-4 would be four times the polar surface value" }
env_magnetic_field,3ff0000000000000;bff0000000000000,OutOfDomain { node: "env_magnetic_field", field: "B", value: 1.430892298976542e16, bound: 0.0001, edge: Upper, unit: Tesla, reason: "the surface equatorial field is 3.1e-5 T; 1e-4 would be four times the polar surface value" }
env_mass_density,410e848000000000;408daccccccccccd,3dd239eff020a63a
env_mass_density,41186a0000000000;408daccccccccccd,3d8992ff2eb4314e
env_mass_density,41086a0000000000;4083cf3333333333,3de714544bbfde72
env_mass_density,7ff8000000000000;408daccccccccccd,Refused { node: "env_mass_density", reason: "an input is not a finite number" }
env_mass_density,7ff0000000000000;408daccccccccccd,Refused { node: "env_mass_density", reason: "an input is not a finite number" }
env_mass_density,c26d1a94a2000000;408daccccccccccd,3e5a46a8c847dc7e
env_mass_density,426d1a94a2000000;408daccccccccccd,OutOfDomain { node: "env_mass_density", field: "rho", value: 0.0, bound: 1e-15, edge: Lower, unit: KgPerCubicMetre, reason: "below 1e-15 kg/m3 the free-molecular relations downstream stop producing a meaningful drag" }
env_mass_density,0000000000000000;408daccccccccccd,3e5a46a8c847dc7e
env_mass_density,bff0000000000000;408daccccccccccd,3e5a46a8c847dc7e
env_mass_density,410e848000000000;7ff8000000000000,Refused { node: "env_mass_density", reason: "an input is not a finite number" }
env_mass_density,410e848000000000;7ff0000000000000,Refused { node: "env_mass_density", reason: "an input is not a finite number" }
env_mass_density,410e848000000000;c26d1a94a2000000,Degenerate { node: "env_mass_density", field: "rho", reason: "the value here is not a finite number" }
env_mass_density,410e848000000000;426d1a94a2000000,OutOfDomain { node: "env_mass_density", field: "rho", value: 9.707368833865147e-18, bound: 1e-15, edge: Lower, unit: KgPerCubicMetre, reason: "below 1e-15 kg/m3 the free-molecular relations downstream stop producing a meaningful drag" }
env_mass_density,410e848000000000;0000000000000000,OutOfDomain { node: "env_mass_density", field: "rho", value: 5.324663129165502e-16, bound: 1e-15, edge: Lower, unit: KgPerCubicMetre, reason: "below 1e-15 kg/m3 the free-molecular relations downstream stop producing a meaningful drag" }
env_mass_density,410e848000000000;bff0000000000000,OutOfDomain { node: "env_mass_density", field: "rho", value: 4.755595148977223e-16, bound: 1e-15, edge: Lower, unit: KgPerCubicMetre, reason: "below 1e-15 kg/m3 the free-molecular relations downstream stop producing a meaningful drag" }
env_mean_free_path,7ff8000000000000,Refused { node: "env_mean_free_path", reason: "an input is not a finite number" }
env_mean_free_path,7ff0000000000000,Refused { node: "env_mean_free_path", reason: "an input is not a finite number" }
env_mean_free_path,c26d1a94a2000000,OutOfDomain { node: "env_mean_free_path", field: "lambda", value: -7071067.811865475, bound: 0.001, edge: Lower, unit: Metre, reason: "a mean free path below a millimetre would put a spacecraft-scale body in continuum flow" }
env_mean_free_path,426d1a94a2000000,415af956f3f59a9c
env_mean_free_path,0000000000000000,Degenerate { node: "env_mean_free_path", field: "lambda", reason: "the value here is not a finite number" }
env_mean_free_path,bff0000000000000,OutOfDomain { node: "env_mean_free_path", field: "lambda", value: -7.071067811865475e18, bound: 0.001, edge: Lower, unit: Metre, reason: "a mean free path below a millimetre would put a spacecraft-scale body in continuum flow" }
env_mean_molar_mass,7ff8000000000000;3ff0000000000000,Refused { node: "env_mean_molar_mass", reason: "an input is not a finite number" }
env_mean_molar_mass,7ff0000000000000;3ff0000000000000,Refused { node: "env_mean_molar_mass", reason: "an input is not a finite number" }
env_mean_molar_mass,c26d1a94a2000000;3ff0000000000000,3f9ae6934cb02c19
env_mean_molar_mass,426d1a94a2000000;3ff0000000000000,OutOfDomain { node: "env_mean_molar_mass", field: "M", value: 0.0, bound: 0.002, edge: Lower, unit: KgPerMol, reason: "below 2 g/mol the mixture would be pure hydrogen, which does not occur in this band" }
env_mean_molar_mass,0000000000000000;3ff0000000000000,3f9ae6934cb02c19
env_mean_molar_mass,bff0000000000000;3ff0000000000000,3f9ae6934cb02c19
env_mean_molar_mass,3ff0000000000000;7ff8000000000000,Refused { node: "env_mean_molar_mass", reason: "an input is not a finite number" }
env_mean_molar_mass,3ff0000000000000;7ff0000000000000,Refused { node: "env_mean_molar_mass", reason: "an input is not a finite number" }
env_mean_molar_mass,3ff0000000000000;c26d1a94a2000000,3f9ae6934cb02c19
env_mean_molar_mass,3ff0000000000000;426d1a94a2000000,3f9ae6934cb02c19
env_mean_molar_mass,3ff0000000000000;0000000000000000,3f9ae6934cb02c19
env_mean_molar_mass,3ff0000000000000;bff0000000000000,3f9ae6934cb02c19
env_number_density,7ff8000000000000;3ff0000000000000,Refused { node: "env_number_density", reason: "an input is not a finite number" }
env_number_density,7ff0000000000000;3ff0000000000000,Refused { node: "env_number_density", reason: "an input is not a finite number" }
env_number_density,c26d1a94a2000000;3ff0000000000000,439f24001d4213e0
env_number_density,426d1a94a2000000;3ff0000000000000,OutOfDomain { node: "env_number_density", field: "n", value: 0.0, bound: 100000000.0, edge: Lower, unit: PerCubicMetre, reason: "below 1e8 per cubic metre there is nothing for an intake to collect" }
env_number_density,0000000000000000;3ff0000000000000,439f24001d4213e0
env_number_density,bff0000000000000;3ff0000000000000,439f24001d4213e0
env_number_density,3ff0000000000000;7ff8000000000000,Refused { node: "env_number_density", reason: "an input is not a finite number" }
env_number_density,3ff0000000000000;7ff0000000000000,Refused { node: "env_number_density", reason: "an input is not a finite number" }
env_number_density,3ff0000000000000;c26d1a94a2000000,439f24001d4213e0
env_number_density,3ff0000000000000;426d1a94a2000000,439f24001d4213e0
env_number_density,3ff0000000000000;0000000000000000,439f24001d4213e0
env_number_density,3ff0000000000000;bff0000000000000,439f24001d4213e0
env_scale_height,7ff8000000000000;3ff0000000000000,Refused { node: "env_scale_height", reason: "an input is not a finite number" }
env_scale_height,7ff0000000000000;3ff0000000000000,Refused { node: "env_scale_height", reason: "an input is not a finite number" }
env_scale_height,c26d1a94a2000000;3ff0000000000000,OutOfDomain { node: "env_scale_height", field: "H", value: 285844595843552.3, bound: 200000.0, edge: Upper, unit: Metre, reason: "above 200 km the atmosphere is effectively isothermal and the concept stops being useful" }
env_scale_height,426d1a94a2000000;3ff0000000000000,Degenerate { node: "env_scale_height", field: "H", reason: "the value here is not a finite number" }
env_scale_height,0000000000000000;3ff0000000000000,40c6b63e570ba537
env_scale_height,bff0000000000000;3ff0000000000000,40c6b63ddf8fc695
env_scale_height,3ff0000000000000;7ff8000000000000,Refused { node: "env_scale_height", reason: "an input is not a finite number" }
env_scale_height,3ff0000000000000;7ff0000000000000,Refused { node: "env_scale_height", reason: "an input is not a finite number" }
env_scale_height,3ff0000000000000;c26d1a94a2000000,40c6b63ece878517
env_scale_height,3ff0000000000000;426d1a94a2000000,40c6b63ece878517
env_scale_height,3ff0000000000000;0000000000000000,40c6b63ece878517
env_scale_height,3ff0000000000000;bff0000000000000,40c6b63ece878517
gnc_along_track_error,7ff8000000000000;3ff0000000000000,Refused { node: "gnc_along_track_error", reason: "an input is not a finite number" }
gnc_along_track_error,7ff0000000000000;3ff0000000000000,Refused { node: "gnc_along_track_error", reason: "an input is not a finite number" }
gnc_along_track_error,c26d1a94a2000000;3ff0000000000000,OutOfDomain { node: "gnc_along_track_error", field: "e_at", value: -1.119744e22, bound: 0.0, edge: Lower, unit: Metre, reason: "an error magnitude cannot be negative" }
gnc_along_track_error,426d1a94a2000000;3ff0000000000000,OutOfDomain { node: "gnc_along_track_error", field: "e_at", value: 1.119744e22, bound: 10000000.0, edge: Upper, unit: Metre, reason: "above 10000 km the prediction is meaningless and the answer is that the model is unusable there" }
gnc_along_track_error,0000000000000000;3ff0000000000000,0000000000000000
gnc_along_track_error,bff0000000000000;3ff0000000000000,OutOfDomain { node: "gnc_along_track_error", field: "e_at", value: -11197440000.0, bound: 0.0, edge: Lower, unit: Metre, reason: "an error magnitude cannot be negative" }
gnc_along_track_error,3ff0000000000000;7ff8000000000000,Refused { node: "gnc_along_track_error", reason: "an input is not a finite number" }
gnc_along_track_error,3ff0000000000000;7ff0000000000000,Refused { node: "gnc_along_track_error", reason: "an input is not a finite number" }
gnc_along_track_error,3ff0000000000000;c26d1a94a2000000,OutOfDomain { node: "gnc_along_track_error", field: "e_at", value: -1.119744e22, bound: 0.0, edge: Lower, unit: Metre, reason: "an error magnitude cannot be negative" }
gnc_along_track_error,3ff0000000000000;426d1a94a2000000,OutOfDomain { node: "gnc_along_track_error", field: "e_at", value: 1.119744e22, bound: 10000000.0, edge: Upper, unit: Metre, reason: "above 10000 km the prediction is meaningless and the answer is that the model is unusable there" }
gnc_along_track_error,3ff0000000000000;0000000000000000,0000000000000000
gnc_along_track_error,3ff0000000000000;bff0000000000000,OutOfDomain { node: "gnc_along_track_error", field: "e_at", value: -11197440000.0, bound: 0.0, edge: Lower, unit: Metre, reason: "an error magnitude cannot be negative" }
gnc_gravity_gradient_torque,7ff8000000000000;3ff0000000000000;3ff0000000000000,Refused { node: "gnc_gravity_gradient_torque", reason: "an input is not a finite number" }
gnc_gravity_gradient_torque,7ff0000000000000;3ff0000000000000;3ff0000000000000,Refused { node: "gnc_gravity_gradient_torque", reason: "an input is not a finite number" }
gnc_gravity_gradient_torque,c26d1a94a2000000;3ff0000000000000;3ff0000000000000,8000000000000000
gnc_gravity_gradient_torque,426d1a94a2000000;3ff0000000000000;3ff0000000000000,0000000000000000
gnc_gravity_gradient_torque,0000000000000000;3ff0000000000000;3ff0000000000000,Degenerate { node: "gnc_gravity_gradient_torque", field: "T_gg", reason: "the value here is not a finite number" }
gnc_gravity_gradient_torque,bff0000000000000;3ff0000000000000;3ff0000000000000,8000000000000000
gnc_gravity_gradient_torque,3ff0000000000000;7ff8000000000000;3ff0000000000000,Refused { node: "gnc_gravity_gradient_torque", reason: "an input is not a finite number" }
gnc_gravity_gradient_torque,3ff0000000000000;7ff0000000000000;3ff0000000000000,Refused { node: "gnc_gravity_gradient_torque", reason: "an input is not a finite number" }
gnc_gravity_gradient_torque,3ff0000000000000;c26d1a94a2000000;3ff0000000000000,OutOfDomain { node: "gnc_gravity_gradient_torque", field: "T_gg", value: 2.044940703513708e26, bound: 1.0, edge: Upper, unit: NewtonMetre, reason: "above 1 N.m no wheel that fits this vehicle can hold attitude" }
gnc_gravity_gradient_torque,3ff0000000000000;426d1a94a2000000;3ff0000000000000,OutOfDomain { node: "gnc_gravity_gradient_torque", field: "T_gg", value: 2.044940703509618e26, bound: 1.0, edge: Upper, unit: NewtonMetre, reason: "above 1 N.m no wheel that fits this vehicle can hold attitude" }
gnc_gravity_gradient_torque,3ff0000000000000;0000000000000000;3ff0000000000000,OutOfDomain { node: "gnc_gravity_gradient_torque", field: "T_gg", value: 204494070351166.3, bound: 1.0, edge: Upper, unit: NewtonMetre, reason: "above 1 N.m no wheel that fits this vehicle can hold attitude" }
gnc_gravity_gradient_torque,3ff0000000000000;bff0000000000000;3ff0000000000000,OutOfDomain { node: "gnc_gravity_gradient_torque", field: "T_gg", value: 408988140702332.6, bound: 1.0, edge: Upper, unit: NewtonMetre, reason: "above 1 N.m no wheel that fits this vehicle can hold attitude" }
gnc_gravity_gradient_torque,3ff0000000000000;3ff0000000000000;7ff8000000000000,Refused { node: "gnc_gravity_gradient_torque", reason: "an input is not a finite number" }
gnc_gravity_gradient_torque,3ff0000000000000;3ff0000000000000;7ff0000000000000,Refused { node: "gnc_gravity_gradient_torque", reason: "an input is not a finite number" }
gnc_gravity_gradient_torque,3ff0000000000000;3ff0000000000000;c26d1a94a2000000,OutOfDomain { node: "gnc_gravity_gradient_torque", field: "T_gg", value: 2.044940703513708e26, bound: 1.0, edge: Upper, unit: NewtonMetre, reason: "above 1 N.m no wheel that fits this vehicle can hold attitude" }
gnc_gravity_gradient_torque,3ff0000000000000;3ff0000000000000;426d1a94a2000000,OutOfDomain { node: "gnc_gravity_gradient_torque", field: "T_gg", value: 2.044940703509618e26, bound: 1.0, edge: Upper, unit: NewtonMetre, reason: "above 1 N.m no wheel that fits this vehicle can hold attitude" }
gnc_gravity_gradient_torque,3ff0000000000000;3ff0000000000000;0000000000000000,OutOfDomain { node: "gnc_gravity_gradient_torque", field: "T_gg", value: 204494070351166.3, bound: 1.0, edge: Upper, unit: NewtonMetre, reason: "above 1 N.m no wheel that fits this vehicle can hold attitude" }
gnc_gravity_gradient_torque,3ff0000000000000;3ff0000000000000;bff0000000000000,OutOfDomain { node: "gnc_gravity_gradient_torque", field: "T_gg", value: 408988140702332.6, bound: 1.0, edge: Upper, unit: NewtonMetre, reason: "above 1 N.m no wheel that fits this vehicle can hold attitude" }
gnc_ground_pointing_error,7ff8000000000000;3ff0000000000000,Refused { node: "gnc_ground_pointing_error", reason: "an input is not a finite number" }
gnc_ground_pointing_error,7ff0000000000000;3ff0000000000000,Refused { node: "gnc_ground_pointing_error", reason: "an input is not a finite number" }
gnc_ground_pointing_error,c26d1a94a2000000;3ff0000000000000,OutOfDomain { node: "gnc_ground_pointing_error", field: "e_gnd", value: -1000000000000.0, bound: 0.0, edge: Lower, unit: Metre, reason: "a ground error cannot be negative" }
gnc_ground_pointing_error,426d1a94a2000000;3ff0000000000000,OutOfDomain { node: "gnc_ground_pointing_error", field: "e_gnd", value: 1000000000000.0, bound: 100000.0, edge: Upper, unit: Metre, reason: "above 100 km the pointing is not usable for any payload here" }
gnc_ground_pointing_error,0000000000000000;3ff0000000000000,0000000000000000
gnc_ground_pointing_error,bff0000000000000;3ff0000000000000,OutOfDomain { node: "gnc_ground_pointing_error", field: "e_gnd", value: -1.0, bound: 0.0, edge: Lower, unit: Metre, reason: "a ground error cannot be negative" }
gnc_ground_pointing_error,3ff0000000000000;7ff8000000000000,Refused { node: "gnc_ground_pointing_error", reason: "an input is not a finite number" }
gnc_ground_pointing_error,3ff0000000000000;7ff0000000000000,Refused { node: "gnc_ground_pointing_error", reason: "an input is not a finite number" }
gnc_ground_pointing_error,3ff0000000000000;c26d1a94a2000000,OutOfDomain { node: "gnc_ground_pointing_error", field: "e_gnd", value: -1000000000000.0, bound: 0.0, edge: Lower, unit: Metre, reason: "a ground error cannot be negative" }
gnc_ground_pointing_error,3ff0000000000000;426d1a94a2000000,OutOfDomain { node: "gnc_ground_pointing_error", field: "e_gnd", value: 1000000000000.0, bound: 100000.0, edge: Upper, unit: Metre, reason: "above 100 km the pointing is not usable for any payload here" }
gnc_ground_pointing_error,3ff0000000000000;0000000000000000,0000000000000000
gnc_ground_pointing_error,3ff0000000000000;bff0000000000000,OutOfDomain { node: "gnc_ground_pointing_error", field: "e_gnd", value: -1.0, bound: 0.0, edge: Lower, unit: Metre, reason: "a ground error cannot be negative" }
gnc_magnetic_torque,7ff8000000000000;3ff0000000000000,Refused { node: "gnc_magnetic_torque", reason: "an input is not a finite number" }
gnc_magnetic_torque,7ff0000000000000;3ff0000000000000,Refused { node: "gnc_magnetic_torque", reason: "an input is not a finite number" }
gnc_magnetic_torque,c26d1a94a2000000;3ff0000000000000,OutOfDomain { node: "gnc_magnetic_torque", field: "T_mag", value: -1000000000000.0, bound: 0.0, edge: Lower, unit: NewtonMetre, reason: "a torque magnitude cannot be negative" }
gnc_magnetic_torque,426d1a94a2000000;3ff0000000000000,OutOfDomain { node: "gnc_magnetic_torque", field: "T_mag", value: 1000000000000.0, bound: 1.0, edge: Upper, unit: NewtonMetre, reason: "above 1 N.m no wheel that fits this vehicle can hold attitude" }
gnc_magnetic_torque,0000000000000000;3ff0000000000000,0000000000000000
gnc_magnetic_torque,bff0000000000000;3ff0000000000000,OutOfDomain { node: "gnc_magnetic_torque", field: "T_mag", value: -1.0, bound: 0.0, edge: Lower, unit: NewtonMetre, reason: "a torque magnitude cannot be negative" }
gnc_magnetic_torque,3ff0000000000000;7ff8000000000000,Refused { node: "gnc_magnetic_torque", reason: "an input is not a finite number" }
gnc_magnetic_torque,3ff0000000000000;7ff0000000000000,Refused { node: "gnc_magnetic_torque", reason: "an input is not a finite number" }
gnc_magnetic_torque,3ff0000000000000;c26d1a94a2000000,OutOfDomain { node: "gnc_magnetic_torque", field: "T_mag", value: -1000000000000.0, bound: 0.0, edge: Lower, unit: NewtonMetre, reason: "a torque magnitude cannot be negative" }
gnc_magnetic_torque,3ff0000000000000;426d1a94a2000000,OutOfDomain { node: "gnc_magnetic_torque", field: "T_mag", value: 1000000000000.0, bound: 1.0, edge: Upper, unit: NewtonMetre, reason: "above 1 N.m no wheel that fits this vehicle can hold attitude" }
gnc_magnetic_torque,3ff0000000000000;0000000000000000,0000000000000000
gnc_magnetic_torque,3ff0000000000000;bff0000000000000,OutOfDomain { node: "gnc_magnetic_torque", field: "T_mag", value: -1.0, bound: 0.0, edge: Lower, unit: NewtonMetre, reason: "a torque magnitude cannot be negative" }
gnc_magnetorquer_dipole,7ff8000000000000;3ff0000000000000;3ff0000000000000,Refused { node: "gnc_magnetorquer_dipole", reason: "an input is not a finite number" }
gnc_magnetorquer_dipole,7ff0000000000000;3ff0000000000000;3ff0000000000000,Refused { node: "gnc_magnetorquer_dipole", reason: "an input is not a finite number" }
gnc_magnetorquer_dipole,c26d1a94a2000000;3ff0000000000000;3ff0000000000000,OutOfDomain { node: "gnc_magnetorquer_dipole", field: "m_req", value: -1000000000000.0, bound: 0.0, edge: Lower, unit: AmpereSquareMetre, reason: "a dipole magnitude cannot be negative" }
gnc_magnetorquer_dipole,426d1a94a2000000;3ff0000000000000;3ff0000000000000,OutOfDomain { node: "gnc_magnetorquer_dipole", field: "m_req", value: 1000000000000.0, bound: 1000.0, edge: Upper, unit: AmpereSquareMetre, reason: "above 1000 A.m2 no torque rod that fits this vehicle produces it" }
gnc_magnetorquer_dipole,0000000000000000;3ff0000000000000;3ff0000000000000,0000000000000000
gnc_magnetorquer_dipole,bff0000000000000;3ff0000000000000;3ff0000000000000,OutOfDomain { node: "gnc_magnetorquer_dipole", field: "m_req", value: -1.0, bound: 0.0, edge: Lower, unit: AmpereSquareMetre, reason: "a dipole magnitude cannot be negative" }
gnc_magnetorquer_dipole,3ff0000000000000;7ff8000000000000;3ff0000000000000,Refused { node: "gnc_magnetorquer_dipole", reason: "an input is not a finite number" }
gnc_magnetorquer_dipole,3ff0000000000000;7ff0000000000000;3ff0000000000000,Refused { node: "gnc_magnetorquer_dipole", reason: "an input is not a finite number" }
gnc_magnetorquer_dipole,3ff0000000000000;c26d1a94a2000000;3ff0000000000000,OutOfDomain { node: "gnc_magnetorquer_dipole", field: "m_req", value: -1e-12, bound: 0.0, edge: Lower, unit: AmpereSquareMetre, reason: "a dipole magnitude cannot be negative" }
gnc_magnetorquer_dipole,3ff0000000000000;426d1a94a2000000;3ff0000000000000,3d719799812dea11
gnc_magnetorquer_dipole,3ff0000000000000;0000000000000000;3ff0000000000000,Degenerate { node: "gnc_magnetorquer_dipole", field: "m_req", reason: "the value here is not a finite number" }
gnc_magnetorquer_dipole,3ff0000000000000;bff0000000000000;3ff0000000000000,OutOfDomain { node: "gnc_magnetorquer_dipole", field: "m_req", value: -1.0, bound: 0.0, edge: Lower, unit: AmpereSquareMetre, reason: "a dipole magnitude cannot be negative" }
gnc_magnetorquer_dipole,3ff0000000000000;3ff0000000000000;7ff8000000000000,Refused { node: "gnc_magnetorquer_dipole", reason: "an input is not a finite number" }
gnc_magnetorquer_dipole,3ff0000000000000;3ff0000000000000;7ff0000000000000,Refused { node: "gnc_magnetorquer_dipole", reason: "an input is not a finite number" }
gnc_magnetorquer_dipole,3ff0000000000000;3ff0000000000000;c26d1a94a2000000,OutOfDomain { node: "gnc_magnetorquer_dipole", field: "m_req", value: -1e-12, bound: 0.0, edge: Lower, unit: AmpereSquareMetre, reason: "a dipole magnitude cannot be negative" }
gnc_magnetorquer_dipole,3ff0000000000000;3ff0000000000000;426d1a94a2000000,3d719799812dea11
gnc_magnetorquer_dipole,3ff0000000000000;3ff0000000000000;0000000000000000,Degenerate { node: "gnc_magnetorquer_dipole", field: "m_req", reason: "the value here is not a finite number" }
gnc_magnetorquer_dipole,3ff0000000000000;3ff0000000000000;bff0000000000000,OutOfDomain { node: "gnc_magnetorquer_dipole", field: "m_req", value: -1.0, bound: 0.0, edge: Lower, unit: AmpereSquareMetre, reason: "a dipole magnitude cannot be negative" }
gnc_momentum_storage,7ff8000000000000;3ff0000000000000,Refused { node: "gnc_momentum_storage", reason: "an input is not a finite number" }
gnc_momentum_storage,7ff0000000000000;3ff0000000000000,Refused { node: "gnc_momentum_storage", reason: "an input is not a finite number" }
gnc_momentum_storage,c26d1a94a2000000;3ff0000000000000,OutOfDomain { node: "gnc_momentum_storage", field: "h_req", value: -750000000000.0, bound: 0.0, edge: Lower, unit: NewtonMetreSecond, reason: "a momentum magnitude cannot be negative" }
gnc_momentum_storage,426d1a94a2000000;3ff0000000000000,OutOfDomain { node: "gnc_momentum_storage", field: "h_req", value: 750000000000.0, bound: 100.0, edge: Upper, unit: NewtonMetreSecond, reason: "above 100 N.m.s no wheel assembly that fits this vehicle stores it" }
gnc_momentum_storage,0000000000000000;3ff0000000000000,0000000000000000
gnc_momentum_storage,bff0000000000000;3ff0000000000000,OutOfDomain { node: "gnc_momentum_storage", field: "h_req", value: -0.75, bound: 0.0, edge: Lower, unit: NewtonMetreSecond, reason: "a momentum magnitude cannot be negative" }
gnc_momentum_storage,3ff0000000000000;7ff8000000000000,Refused { node: "gnc_momentum_storage", reason: "an input is not a finite number" }
gnc_momentum_storage,3ff0000000000000;7ff0000000000000,Refused { node: "gnc_momentum_storage", reason: "an input is not a finite number" }
gnc_momentum_storage,3ff0000000000000;c26d1a94a2000000,OutOfDomain { node: "gnc_momentum_storage", field: "h_req", value: -750000000000.0, bound: 0.0, edge: Lower, unit: NewtonMetreSecond, reason: "a momentum magnitude cannot be negative" }
gnc_momentum_storage,3ff0000000000000;426d1a94a2000000,OutOfDomain { node: "gnc_momentum_storage", field: "h_req", value: 750000000000.0, bound: 100.0, edge: Upper, unit: NewtonMetreSecond, reason: "above 100 N.m.s no wheel assembly that fits this vehicle stores it" }
gnc_momentum_storage,3ff0000000000000;0000000000000000,0000000000000000
gnc_momentum_storage,3ff0000000000000;bff0000000000000,OutOfDomain { node: "gnc_momentum_storage", field: "h_req", value: -0.75, bound: 0.0, edge: Lower, unit: NewtonMetreSecond, reason: "a momentum magnitude cannot be negative" }
gnc_nav_position_error,7ff8000000000000;3ff0000000000000,Refused { node: "gnc_nav_position_error", reason: "an input is not a finite number" }
gnc_nav_position_error,7ff0000000000000;3ff0000000000000,Refused { node: "gnc_nav_position_error", reason: "an input is not a finite number" }
gnc_nav_position_error,c26d1a94a2000000;3ff0000000000000,OutOfDomain { node: "gnc_nav_position_error", field: "e_nav", value: -1000000000000.0, bound: 0.0, edge: Lower, unit: Metre, reason: "a position error cannot be negative" }
gnc_nav_position_error,426d1a94a2000000;3ff0000000000000,OutOfDomain { node: "gnc_nav_position_error", field: "e_nav", value: 1000000000000.0, bound: 10000.0, edge: Upper, unit: Metre, reason: "above 10 km the navigation solution is not usable" }
gnc_nav_position_error,0000000000000000;3ff0000000000000,0000000000000000
gnc_nav_position_error,bff0000000000000;3ff0000000000000,OutOfDomain { node: "gnc_nav_position_error", field: "e_nav", value: -1.0, bound: 0.0, edge: Lower, unit: Metre, reason: "a position error cannot be negative" }
gnc_nav_position_error,3ff0000000000000;7ff8000000000000,Refused { node: "gnc_nav_position_error", reason: "an input is not a finite number" }
gnc_nav_position_error,3ff0000000000000;7ff0000000000000,Refused { node: "gnc_nav_position_error", reason: "an input is not a finite number" }
gnc_nav_position_error,3ff0000000000000;c26d1a94a2000000,OutOfDomain { node: "gnc_nav_position_error", field: "e_nav", value: -1000000000000.0, bound: 0.0, edge: Lower, unit: Metre, reason: "a position error cannot be negative" }
gnc_nav_position_error,3ff0000000000000;426d1a94a2000000,OutOfDomain { node: "gnc_nav_position_error", field: "e_nav", value: 1000000000000.0, bound: 10000.0, edge: Upper, unit: Metre, reason: "above 10 km the navigation solution is not usable" }
gnc_nav_position_error,3ff0000000000000;0000000000000000,0000000000000000
gnc_nav_position_error,3ff0000000000000;bff0000000000000,OutOfDomain { node: "gnc_nav_position_error", field: "e_nav", value: -1.0, bound: 0.0, edge: Lower, unit: Metre, reason: "a position error cannot be negative" }
gnc_pointing_error,7ff8000000000000;3ff0000000000000;3ff0000000000000;3ff0000000000000,Refused { node: "gnc_pointing_error", reason: "an input is not a finite number" }
gnc_pointing_error,7ff0000000000000;3ff0000000000000;3ff0000000000000;3ff0000000000000,Refused { node: "gnc_pointing_error", reason: "an input is not a finite number" }
gnc_pointing_error,c26d1a94a2000000;3ff0000000000000;3ff0000000000000;3ff0000000000000,OutOfDomain { node: "gnc_pointing_error", field: "sig_pt", value: 3000000000000.0, bound: 0.05235987755982988, edge: Upper, unit: Radian, reason: "above three degrees no payload in this design produces a usable product" }
gnc_pointing_error,426d1a94a2000000;3ff0000000000000;3ff0000000000000;3ff0000000000000,OutOfDomain { node: "gnc_pointing_error", field: "sig_pt", value: 3000000000000.0, bound: 0.05235987755982988, edge: Upper, unit: Radian, reason: "above three degrees no payload in this design produces a usable product" }
gnc_pointing_error,0000000000000000;3ff0000000000000;3ff0000000000000;3ff0000000000000,OutOfDomain { node: "gnc_pointing_error", field: "sig_pt", value: 5.196152422706632, bound: 0.05235987755982988, edge: Upper, unit: Radian, reason: "above three degrees no payload in this design produces a usable product" }
gnc_pointing_error,bff0000000000000;3ff0000000000000;3ff0000000000000;3ff0000000000000,OutOfDomain { node: "gnc_pointing_error", field: "sig_pt", value: 6.0, bound: 0.05235987755982988, edge: Upper, unit: Radian, reason: "above three degrees no payload in this design produces a usable product" }
gnc_pointing_error,3ff0000000000000;7ff8000000000000;3ff0000000000000;3ff0000000000000,Refused { node: "gnc_pointing_error", reason: "an input is not a finite number" }
gnc_pointing_error,3ff0000000000000;7ff0000000000000;3ff0000000000000;3ff0000000000000,Refused { node: "gnc_pointing_error", reason: "an input is not a finite number" }
gnc_pointing_error,3ff0000000000000;c26d1a94a2000000;3ff0000000000000;3ff0000000000000,OutOfDomain { node: "gnc_pointing_error", field: "sig_pt", value: 3000000000000.0, bound: 0.05235987755982988, edge: Upper, unit: Radian, reason: "above three degrees no payload in this design produces a usable product" }
gnc_pointing_error,3ff0000000000000;426d1a94a2000000;3ff0000000000000;3ff0000000000000,OutOfDomain { node: "gnc_pointing_error", field: "sig_pt", value: 3000000000000.0, bound: 0.05235987755982988, edge: Upper, unit: Radian, reason: "above three degrees no payload in this design produces a usable product" }
gnc_pointing_error,3ff0000000000000;0000000000000000;3ff0000000000000;3ff0000000000000,OutOfDomain { node: "gnc_pointing_error", field: "sig_pt", value: 5.196152422706632, bound: 0.05235987755982988, edge: Upper, unit: Radian, reason: "above three degrees no payload in this design produces a usable product" }
gnc_pointing_error,3ff0000000000000;bff0000000000000;3ff0000000000000;3ff0000000000000,OutOfDomain { node: "gnc_pointing_error", field: "sig_pt", value: 6.0, bound: 0.05235987755982988, edge: Upper, unit: Radian, reason: "above three degrees no payload in this design produces a usable product" }
gnc_pointing_error,3ff0000000000000;3ff0000000000000;7ff8000000000000;3ff0000000000000,Refused { node: "gnc_pointing_error", reason: "an input is not a finite number" }
gnc_pointing_error,3ff0000000000000;3ff0000000000000;7ff0000000000000;3ff0000000000000,Refused { node: "gnc_pointing_error", reason: "an input is not a finite number" }
gnc_pointing_error,3ff0000000000000;3ff0000000000000;c26d1a94a2000000;3ff0000000000000,OutOfDomain { node: "gnc_pointing_error", field: "sig_pt", value: 3000000000000.0, bound: 0.05235987755982988, edge: Upper, unit: Radian, reason: "above three degrees no payload in this design produces a usable product" }
gnc_pointing_error,3ff0000000000000;3ff0000000000000;426d1a94a2000000;3ff0000000000000,OutOfDomain { node: "gnc_pointing_error", field: "sig_pt", value: 3000000000000.0, bound: 0.05235987755982988, edge: Upper, unit: Radian, reason: "above three degrees no payload in this design produces a usable product" }
gnc_pointing_error,3ff0000000000000;3ff0000000000000;0000000000000000;3ff0000000000000,OutOfDomain { node: "gnc_pointing_error", field: "sig_pt", value: 5.196152422706632, bound: 0.05235987755982988, edge: Upper, unit: Radian, reason: "above three degrees no payload in this design produces a usable product" }
gnc_pointing_error,3ff0000000000000;3ff0000000000000;bff0000000000000;3ff0000000000000,OutOfDomain { node: "gnc_pointing_error", field: "sig_pt", value: 6.0, bound: 0.05235987755982988, edge: Upper, unit: Radian, reason: "above three degrees no payload in this design produces a usable product" }
gnc_pointing_error,3ff0000000000000;3ff0000000000000;3ff0000000000000;7ff8000000000000,Refused { node: "gnc_pointing_error", reason: "an input is not a finite number" }
gnc_pointing_error,3ff0000000000000;3ff0000000000000;3ff0000000000000;7ff0000000000000,Refused { node: "gnc_pointing_error", reason: "an input is not a finite number" }
gnc_pointing_error,3ff0000000000000;3ff0000000000000;3ff0000000000000;c26d1a94a2000000,OutOfDomain { node: "gnc_pointing_error", field: "sig_pt", value: 3000000000000.0, bound: 0.05235987755982988, edge: Upper, unit: Radian, reason: "above three degrees no payload in this design produces a usable product" }
gnc_pointing_error,3ff0000000000000;3ff0000000000000;3ff0000000000000;426d1a94a2000000,OutOfDomain { node: "gnc_pointing_error", field: "sig_pt", value: 3000000000000.0, bound: 0.05235987755982988, edge: Upper, unit: Radian, reason: "above three degrees no payload in this design produces a usable product" }
gnc_pointing_error,3ff0000000000000;3ff0000000000000;3ff0000000000000;0000000000000000,OutOfDomain { node: "gnc_pointing_error", field: "sig_pt", value: 5.196152422706632, bound: 0.05235987755982988, edge: Upper, unit: Radian, reason: "above three degrees no payload in this design produces a usable product" }
gnc_pointing_error,3ff0000000000000;3ff0000000000000;3ff0000000000000;bff0000000000000,OutOfDomain { node: "gnc_pointing_error", field: "sig_pt", value: 6.0, bound: 0.05235987755982988, edge: Upper, unit: Radian, reason: "above three degrees no payload in this design produces a usable product" }
gnc_solar_torque,7ff8000000000000;3ff0000000000000;3ff0000000000000,Refused { node: "gnc_solar_torque", reason: "an input is not a finite number" }
gnc_solar_torque,7ff0000000000000;3ff0000000000000;3ff0000000000000,Refused { node: "gnc_solar_torque", reason: "an input is not a finite number" }
gnc_solar_torque,c26d1a94a2000000;3ff0000000000000;3ff0000000000000,OutOfDomain { node: "gnc_solar_torque", field: "T_srp", value: -3924589.3946353416, bound: 0.0, edge: Lower, unit: NewtonMetre, reason: "a torque magnitude cannot be negative" }
gnc_solar_torque,426d1a94a2000000;3ff0000000000000;3ff0000000000000,OutOfDomain { node: "gnc_solar_torque", field: "T_srp", value: 3924589.3946353416, bound: 1.0, edge: Upper, unit: NewtonMetre, reason: "above 1 N.m no wheel that fits this vehicle can hold attitude" }
gnc_solar_torque,0000000000000000;3ff0000000000000;3ff0000000000000,0000000000000000
gnc_solar_torque,bff0000000000000;3ff0000000000000;3ff0000000000000,OutOfDomain { node: "gnc_solar_torque", field: "T_srp", value: -3.924589394635342e-6, bound: 0.0, edge: Lower, unit: NewtonMetre, reason: "a torque magnitude cannot be negative" }
gnc_solar_torque,3ff0000000000000;7ff8000000000000;3ff0000000000000,Refused { node: "gnc_solar_torque", reason: "an input is not a finite number" }
gnc_solar_torque,3ff0000000000000;7ff0000000000000;3ff0000000000000,Refused { node: "gnc_solar_torque", reason: "an input is not a finite number" }
gnc_solar_torque,3ff0000000000000;c26d1a94a2000000;3ff0000000000000,OutOfDomain { node: "gnc_solar_torque", field: "T_srp", value: -3924589.3946353425, bound: 0.0, edge: Lower, unit: NewtonMetre, reason: "a torque magnitude cannot be negative" }
gnc_solar_torque,3ff0000000000000;426d1a94a2000000;3ff0000000000000,OutOfDomain { node: "gnc_solar_torque", field: "T_srp", value: 3924589.3946353425, bound: 1.0, edge: Upper, unit: NewtonMetre, reason: "above 1 N.m no wheel that fits this vehicle can hold attitude" }
gnc_solar_torque,3ff0000000000000;0000000000000000;3ff0000000000000,0000000000000000
gnc_solar_torque,3ff0000000000000;bff0000000000000;3ff0000000000000,OutOfDomain { node: "gnc_solar_torque", field: "T_srp", value: -3.924589394635342e-6, bound: 0.0, edge: Lower, unit: NewtonMetre, reason: "a torque magnitude cannot be negative" }
gnc_solar_torque,3ff0000000000000;3ff0000000000000;7ff8000000000000,Refused { node: "gnc_solar_torque", reason: "an input is not a finite number" }
gnc_solar_torque,3ff0000000000000;3ff0000000000000;7ff0000000000000,Refused { node: "gnc_solar_torque", reason: "an input is not a finite number" }
gnc_solar_torque,3ff0000000000000;3ff0000000000000;c26d1a94a2000000,3ed81cfced7ca869
gnc_solar_torque,3ff0000000000000;3ff0000000000000;426d1a94a2000000,3ed81cfced7ca869
gnc_solar_torque,3ff0000000000000;3ff0000000000000;0000000000000000,3ede775461a0faac
gnc_solar_torque,3ff0000000000000;3ff0000000000000;bff0000000000000,3ed075feeb1d0c37
gnc_total_disturbance,7ff8000000000000;3ff0000000000000;3ff0000000000000;3ff0000000000000,Refused { node: "gnc_total_disturbance", reason: "an input is not a finite number" }
gnc_total_disturbance,7ff0000000000000;3ff0000000000000;3ff0000000000000;3ff0000000000000,Refused { node: "gnc_total_disturbance", reason: "an input is not a finite number" }
gnc_total_disturbance,c26d1a94a2000000;3ff0000000000000;3ff0000000000000;3ff0000000000000,OutOfDomain { node: "gnc_total_disturbance", field: "T_dis", value: 1000000000003.0, bound: 5.0, edge: Upper, unit: NewtonMetre, reason: "above 5 N.m the vehicle is uncontrollable by any actuator that fits it" }
gnc_total_disturbance,426d1a94a2000000;3ff0000000000000;3ff0000000000000;3ff0000000000000,OutOfDomain { node: "gnc_total_disturbance", field: "T_dis", value: 1000000000003.0, bound: 5.0, edge: Upper, unit: NewtonMetre, reason: "above 5 N.m the vehicle is uncontrollable by any actuator that fits it" }
gnc_total_disturbance,0000000000000000;3ff0000000000000;3ff0000000000000;3ff0000000000000,4008000000000000
gnc_total_disturbance,bff0000000000000;3ff0000000000000;3ff0000000000000;3ff0000000000000,4010000000000000
gnc_total_disturbance,3ff0000000000000;7ff8000000000000;3ff0000000000000;3ff0000000000000,Refused { node: "gnc_total_disturbance", reason: "an input is not a finite number" }
gnc_total_disturbance,3ff0000000000000;7ff0000000000000;3ff0000000000000;3ff0000000000000,Refused { node: "gnc_total_disturbance", reason: "an input is not a finite number" }
gnc_total_disturbance,3ff0000000000000;c26d1a94a2000000;3ff0000000000000;3ff0000000000000,OutOfDomain { node: "gnc_total_disturbance", field: "T_dis", value: 1000000000003.0, bound: 5.0, edge: Upper, unit: NewtonMetre, reason: "above 5 N.m the vehicle is uncontrollable by any actuator that fits it" }
gnc_total_disturbance,3ff0000000000000;426d1a94a2000000;3ff0000000000000;3ff0000000000000,OutOfDomain { node: "gnc_total_disturbance", field: "T_dis", value: 1000000000003.0, bound: 5.0, edge: Upper, unit: NewtonMetre, reason: "above 5 N.m the vehicle is uncontrollable by any actuator that fits it" }
gnc_total_disturbance,3ff0000000000000;0000000000000000;3ff0000000000000;3ff0000000000000,4008000000000000
gnc_total_disturbance,3ff0000000000000;bff0000000000000;3ff0000000000000;3ff0000000000000,4010000000000000
gnc_total_disturbance,3ff0000000000000;3ff0000000000000;7ff8000000000000;3ff0000000000000,Refused { node: "gnc_total_disturbance", reason: "an input is not a finite number" }
gnc_total_disturbance,3ff0000000000000;3ff0000000000000;7ff0000000000000;3ff0000000000000,Refused { node: "gnc_total_disturbance", reason: "an input is not a finite number" }
gnc_total_disturbance,3ff0000000000000;3ff0000000000000;c26d1a94a2000000;3ff0000000000000,OutOfDomain { node: "gnc_total_disturbance", field: "T_dis", value: 1000000000003.0, bound: 5.0, edge: Upper, unit: NewtonMetre, reason: "above 5 N.m the vehicle is uncontrollable by any actuator that fits it" }
gnc_total_disturbance,3ff0000000000000;3ff0000000000000;426d1a94a2000000;3ff0000000000000,OutOfDomain { node: "gnc_total_disturbance", field: "T_dis", value: 1000000000003.0, bound: 5.0, edge: Upper, unit: NewtonMetre, reason: "above 5 N.m the vehicle is uncontrollable by any actuator that fits it" }
gnc_total_disturbance,3ff0000000000000;3ff0000000000000;0000000000000000;3ff0000000000000,4008000000000000
gnc_total_disturbance,3ff0000000000000;3ff0000000000000;bff0000000000000;3ff0000000000000,4010000000000000
gnc_total_disturbance,3ff0000000000000;3ff0000000000000;3ff0000000000000;7ff8000000000000,Refused { node: "gnc_total_disturbance", reason: "an input is not a finite number" }
gnc_total_disturbance,3ff0000000000000;3ff0000000000000;3ff0000000000000;7ff0000000000000,Refused { node: "gnc_total_disturbance", reason: "an input is not a finite number" }
gnc_total_disturbance,3ff0000000000000;3ff0000000000000;3ff0000000000000;c26d1a94a2000000,OutOfDomain { node: "gnc_total_disturbance", field: "T_dis", value: 1000000000003.0, bound: 5.0, edge: Upper, unit: NewtonMetre, reason: "above 5 N.m the vehicle is uncontrollable by any actuator that fits it" }
gnc_total_disturbance,3ff0000000000000;3ff0000000000000;3ff0000000000000;426d1a94a2000000,OutOfDomain { node: "gnc_total_disturbance", field: "T_dis", value: 1000000000003.0, bound: 5.0, edge: Upper, unit: NewtonMetre, reason: "above 5 N.m the vehicle is uncontrollable by any actuator that fits it" }
gnc_total_disturbance,3ff0000000000000;3ff0000000000000;3ff0000000000000;0000000000000000,4008000000000000
gnc_total_disturbance,3ff0000000000000;3ff0000000000000;3ff0000000000000;bff0000000000000,4010000000000000
kpi_availability,7ff8000000000000;3ff0000000000000,Refused { node: "kpi_availability", reason: "an input is not a finite number" }
kpi_availability,7ff0000000000000;3ff0000000000000,Refused { node: "kpi_availability", reason: "an input is not a finite number" }
kpi_availability,c26d1a94a2000000;3ff0000000000000,bff0000000001198
kpi_availability,426d1a94a2000000;3ff0000000000000,bfefffffffffdcd1
kpi_availability,0000000000000000;3ff0000000000000,0000000000000000
kpi_availability,bff0000000000000;3ff0000000000000,c000000000000000
kpi_availability,3ff0000000000000;7ff8000000000000,Refused { node: "kpi_availability", reason: "an input is not a finite number" }
kpi_availability,3ff0000000000000;7ff0000000000000,Refused { node: "kpi_availability", reason: "an input is not a finite number" }
kpi_availability,3ff0000000000000;c26d1a94a2000000,OutOfDomain { node: "kpi_availability", field: "M", value: -1000000000001.0, bound: -100.0, edge: Lower, unit: One, reason: "a margin below -10000% means the inputs are not the ones the requirement was written against" }
kpi_availability,3ff0000000000000;426d1a94a2000000,OutOfDomain { node: "kpi_availability", field: "M", value: 999999999999.0, bound: 1000.0, edge: Upper, unit: One, reason: "a margin above 100000% means the requirement is not the one that binds" }
kpi_availability,3ff0000000000000;0000000000000000,bff0000000000000
kpi_availability,3ff0000000000000;bff0000000000000,c000000000000000
kpi_cost_per_year,7ff8000000000000;3ff0000000000000,Refused { node: "kpi_cost_per_year", reason: "an input is not a finite number" }
kpi_cost_per_year,7ff0000000000000;3ff0000000000000,Refused { node: "kpi_cost_per_year", reason: "an input is not a finite number" }
kpi_cost_per_year,c26d1a94a2000000;3ff0000000000000,3ff0000000001198
kpi_cost_per_year,426d1a94a2000000;3ff0000000000000,3fefffffffffdcd1
kpi_cost_per_year,0000000000000000;3ff0000000000000,0000000000000000
kpi_cost_per_year,bff0000000000000;3ff0000000000000,4000000000000000
kpi_cost_per_year,3ff0000000000000;7ff8000000000000,Refused { node: "kpi_cost_per_year", reason: "an input is not a finite number" }
kpi_cost_per_year,3ff0000000000000;7ff0000000000000,Refused { node: "kpi_cost_per_year", reason: "an input is not a finite number" }
kpi_cost_per_year,3ff0000000000000;c26d1a94a2000000,OutOfDomain { node: "kpi_cost_per_year", field: "M", value: 1000000000001.0, bound: 1000.0, edge: Upper, unit: One, reason: "a margin above 100000% means the requirement is not the one that binds" }
kpi_cost_per_year,3ff0000000000000;426d1a94a2000000,OutOfDomain { node: "kpi_cost_per_year", field: "M", value: -999999999999.0, bound: -100.0, edge: Lower, unit: One, reason: "a margin below -10000% means the inputs are not the ones the requirement was written against" }
kpi_cost_per_year,3ff0000000000000;0000000000000000,3ff0000000000000
kpi_cost_per_year,3ff0000000000000;bff0000000000000,4000000000000000
kpi_data_volume,7ff8000000000000;3ff0000000000000,Refused { node: "kpi_data_volume", reason: "an input is not a finite number" }
kpi_data_volume,7ff0000000000000;3ff0000000000000,Refused { node: "kpi_data_volume", reason: "an input is not a finite number" }
kpi_data_volume,c26d1a94a2000000;3ff0000000000000,bff0000000001198
kpi_data_volume,426d1a94a2000000;3ff0000000000000,bfefffffffffdcd1
kpi_data_volume,0000000000000000;3ff0000000000000,0000000000000000
kpi_data_volume,bff0000000000000;3ff0000000000000,c000000000000000
kpi_data_volume,3ff0000000000000;7ff8000000000000,Refused { node: "kpi_data_volume", reason: "an input is not a finite number" }
kpi_data_volume,3ff0000000000000;7ff0000000000000,Refused { node: "kpi_data_volume", reason: "an input is not a finite number" }
kpi_data_volume,3ff0000000000000;c26d1a94a2000000,OutOfDomain { node: "kpi_data_volume", field: "M", value: -1000000000001.0, bound: -100.0, edge: Lower, unit: One, reason: "a margin below -10000% means the inputs are not the ones the requirement was written against" }
kpi_data_volume,3ff0000000000000;426d1a94a2000000,OutOfDomain { node: "kpi_data_volume", field: "M", value: 999999999999.0, bound: 1000.0, edge: Upper, unit: One, reason: "a margin above 100000% means the requirement is not the one that binds" }
kpi_data_volume,3ff0000000000000;0000000000000000,bff0000000000000
kpi_data_volume,3ff0000000000000;bff0000000000000,c000000000000000
kpi_geolocation,7ff8000000000000;3ff0000000000000,Refused { node: "kpi_geolocation", reason: "an input is not a finite number" }
kpi_geolocation,7ff0000000000000;3ff0000000000000,Refused { node: "kpi_geolocation", reason: "an input is not a finite number" }
kpi_geolocation,c26d1a94a2000000;3ff0000000000000,3ff0000000001198
kpi_geolocation,426d1a94a2000000;3ff0000000000000,3fefffffffffdcd1
kpi_geolocation,0000000000000000;3ff0000000000000,0000000000000000
kpi_geolocation,bff0000000000000;3ff0000000000000,4000000000000000
kpi_geolocation,3ff0000000000000;7ff8000000000000,Refused { node: "kpi_geolocation", reason: "an input is not a finite number" }
kpi_geolocation,3ff0000000000000;7ff0000000000000,Refused { node: "kpi_geolocation", reason: "an input is not a finite number" }
kpi_geolocation,3ff0000000000000;c26d1a94a2000000,OutOfDomain { node: "kpi_geolocation", field: "M", value: 1000000000001.0, bound: 1000.0, edge: Upper, unit: One, reason: "a margin above 100000% means the requirement is not the one that binds" }
kpi_geolocation,3ff0000000000000;426d1a94a2000000,OutOfDomain { node: "kpi_geolocation", field: "M", value: -999999999999.0, bound: -100.0, edge: Lower, unit: One, reason: "a margin below -10000% means the inputs are not the ones the requirement was written against" }
kpi_geolocation,3ff0000000000000;0000000000000000,3ff0000000000000
kpi_geolocation,3ff0000000000000;bff0000000000000,4000000000000000
kpi_gsd,7ff8000000000000;3ff0000000000000,Refused { node: "kpi_gsd", reason: "an input is not a finite number" }
kpi_gsd,7ff0000000000000;3ff0000000000000,Refused { node: "kpi_gsd", reason: "an input is not a finite number" }
kpi_gsd,c26d1a94a2000000;3ff0000000000000,3ff0000000001198
kpi_gsd,426d1a94a2000000;3ff0000000000000,3fefffffffffdcd1
kpi_gsd,0000000000000000;3ff0000000000000,0000000000000000
kpi_gsd,bff0000000000000;3ff0000000000000,4000000000000000
kpi_gsd,3ff0000000000000;7ff8000000000000,Refused { node: "kpi_gsd", reason: "an input is not a finite number" }
kpi_gsd,3ff0000000000000;7ff0000000000000,Refused { node: "kpi_gsd", reason: "an input is not a finite number" }
kpi_gsd,3ff0000000000000;c26d1a94a2000000,OutOfDomain { node: "kpi_gsd", field: "M", value: 1000000000001.0, bound: 1000.0, edge: Upper, unit: One, reason: "a margin above 100000% means the requirement is not the one that binds" }
kpi_gsd,3ff0000000000000;426d1a94a2000000,OutOfDomain { node: "kpi_gsd", field: "M", value: -999999999999.0, bound: -100.0, edge: Lower, unit: One, reason: "a margin below -10000% means the inputs are not the ones the requirement was written against" }
kpi_gsd,3ff0000000000000;0000000000000000,3ff0000000000000
kpi_gsd,3ff0000000000000;bff0000000000000,4000000000000000
kpi_latency,7ff8000000000000;3ff0000000000000,Refused { node: "kpi_latency", reason: "an input is not a finite number" }
kpi_latency,7ff0000000000000;3ff0000000000000,Refused { node: "kpi_latency", reason: "an input is not a finite number" }
kpi_latency,c26d1a94a2000000;3ff0000000000000,3ff0000000001198
kpi_latency,426d1a94a2000000;3ff0000000000000,3fefffffffffdcd1
kpi_latency,0000000000000000;3ff0000000000000,0000000000000000
kpi_latency,bff0000000000000;3ff0000000000000,4000000000000000
kpi_latency,3ff0000000000000;7ff8000000000000,Refused { node: "kpi_latency", reason: "an input is not a finite number" }
kpi_latency,3ff0000000000000;7ff0000000000000,Refused { node: "kpi_latency", reason: "an input is not a finite number" }
kpi_latency,3ff0000000000000;c26d1a94a2000000,OutOfDomain { node: "kpi_latency", field: "M", value: 1000000000001.0, bound: 1000.0, edge: Upper, unit: One, reason: "a margin above 100000% means the requirement is not the one that binds" }
kpi_latency,3ff0000000000000;426d1a94a2000000,OutOfDomain { node: "kpi_latency", field: "M", value: -999999999999.0, bound: -100.0, edge: Lower, unit: One, reason: "a margin below -10000% means the inputs are not the ones the requirement was written against" }
kpi_latency,3ff0000000000000;0000000000000000,3ff0000000000000
kpi_latency,3ff0000000000000;bff0000000000000,4000000000000000
kpi_mass_margin,7ff8000000000000;3ff0000000000000,Refused { node: "kpi_mass_margin", reason: "an input is not a finite number" }
kpi_mass_margin,7ff0000000000000;3ff0000000000000,Refused { node: "kpi_mass_margin", reason: "an input is not a finite number" }
kpi_mass_margin,c26d1a94a2000000;3ff0000000000000,bff0000000001198
kpi_mass_margin,426d1a94a2000000;3ff0000000000000,bfefffffffffdcd1
kpi_mass_margin,0000000000000000;3ff0000000000000,0000000000000000
kpi_mass_margin,bff0000000000000;3ff0000000000000,c000000000000000
kpi_mass_margin,3ff0000000000000;7ff8000000000000,Refused { node: "kpi_mass_margin", reason: "an input is not a finite number" }
kpi_mass_margin,3ff0000000000000;7ff0000000000000,Refused { node: "kpi_mass_margin", reason: "an input is not a finite number" }
kpi_mass_margin,3ff0000000000000;c26d1a94a2000000,OutOfDomain { node: "kpi_mass_margin", field: "M", value: -1000000000001.0, bound: -100.0, edge: Lower, unit: One, reason: "a margin below -10000% means the inputs are not the ones the requirement was written against" }
kpi_mass_margin,3ff0000000000000;426d1a94a2000000,OutOfDomain { node: "kpi_mass_margin", field: "M", value: 999999999999.0, bound: 1000.0, edge: Upper, unit: One, reason: "a margin above 100000% means the requirement is not the one that binds" }
kpi_mass_margin,3ff0000000000000;0000000000000000,bff0000000000000
kpi_mass_margin,3ff0000000000000;bff0000000000000,c000000000000000
kpi_power_margin,7ff8000000000000;3ff0000000000000,Refused { node: "kpi_power_margin", reason: "an input is not a finite number" }
kpi_power_margin,7ff0000000000000;3ff0000000000000,Refused { node: "kpi_power_margin", reason: "an input is not a finite number" }
kpi_power_margin,c26d1a94a2000000;3ff0000000000000,bff0000000001198
kpi_power_margin,426d1a94a2000000;3ff0000000000000,bfefffffffffdcd1
kpi_power_margin,0000000000000000;3ff0000000000000,0000000000000000
kpi_power_margin,bff0000000000000;3ff0000000000000,c000000000000000
kpi_power_margin,3ff0000000000000;7ff8000000000000,Refused { node: "kpi_power_margin", reason: "an input is not a finite number" }
kpi_power_margin,3ff0000000000000;7ff0000000000000,Refused { node: "kpi_power_margin", reason: "an input is not a finite number" }
kpi_power_margin,3ff0000000000000;c26d1a94a2000000,OutOfDomain { node: "kpi_power_margin", field: "M", value: -1000000000001.0, bound: -100.0, edge: Lower, unit: One, reason: "a margin below -10000% means the inputs are not the ones the requirement was written against" }
kpi_power_margin,3ff0000000000000;426d1a94a2000000,OutOfDomain { node: "kpi_power_margin", field: "M", value: 999999999999.0, bound: 1000.0, edge: Upper, unit: One, reason: "a margin above 100000% means the requirement is not the one that binds" }
kpi_power_margin,3ff0000000000000;0000000000000000,bff0000000000000
kpi_power_margin,3ff0000000000000;bff0000000000000,c000000000000000
kpi_revisit,7ff8000000000000;3ff0000000000000,Refused { node: "kpi_revisit", reason: "an input is not a finite number" }
kpi_revisit,7ff0000000000000;3ff0000000000000,Refused { node: "kpi_revisit", reason: "an input is not a finite number" }
kpi_revisit,c26d1a94a2000000;3ff0000000000000,3ff0000000001198
kpi_revisit,426d1a94a2000000;3ff0000000000000,3fefffffffffdcd1
kpi_revisit,0000000000000000;3ff0000000000000,0000000000000000
kpi_revisit,bff0000000000000;3ff0000000000000,4000000000000000
kpi_revisit,3ff0000000000000;7ff8000000000000,Refused { node: "kpi_revisit", reason: "an input is not a finite number" }
kpi_revisit,3ff0000000000000;7ff0000000000000,Refused { node: "kpi_revisit", reason: "an input is not a finite number" }
kpi_revisit,3ff0000000000000;c26d1a94a2000000,OutOfDomain { node: "kpi_revisit", field: "M", value: 1000000000001.0, bound: 1000.0, edge: Upper, unit: One, reason: "a margin above 100000% means the requirement is not the one that binds" }
kpi_revisit,3ff0000000000000;426d1a94a2000000,OutOfDomain { node: "kpi_revisit", field: "M", value: -999999999999.0, bound: -100.0, edge: Lower, unit: One, reason: "a margin below -10000% means the inputs are not the ones the requirement was written against" }
kpi_revisit,3ff0000000000000;0000000000000000,3ff0000000000000
kpi_revisit,3ff0000000000000;bff0000000000000,4000000000000000
kpi_service_lifetime,7ff8000000000000;3ff0000000000000,Refused { node: "kpi_service_lifetime", reason: "an input is not a finite number" }
kpi_service_lifetime,7ff0000000000000;3ff0000000000000,Refused { node: "kpi_service_lifetime", reason: "an input is not a finite number" }
kpi_service_lifetime,c26d1a94a2000000;3ff0000000000000,bff0000000001198
kpi_service_lifetime,426d1a94a2000000;3ff0000000000000,bfefffffffffdcd1
kpi_service_lifetime,0000000000000000;3ff0000000000000,0000000000000000
kpi_service_lifetime,bff0000000000000;3ff0000000000000,c000000000000000
kpi_service_lifetime,3ff0000000000000;7ff8000000000000,Refused { node: "kpi_service_lifetime", reason: "an input is not a finite number" }
kpi_service_lifetime,3ff0000000000000;7ff0000000000000,Refused { node: "kpi_service_lifetime", reason: "an input is not a finite number" }
kpi_service_lifetime,3ff0000000000000;c26d1a94a2000000,OutOfDomain { node: "kpi_service_lifetime", field: "M", value: -1000000000001.0, bound: -100.0, edge: Lower, unit: One, reason: "a margin below -10000% means the inputs are not the ones the requirement was written against" }
kpi_service_lifetime,3ff0000000000000;426d1a94a2000000,OutOfDomain { node: "kpi_service_lifetime", field: "M", value: 999999999999.0, bound: 1000.0, edge: Upper, unit: One, reason: "a margin above 100000% means the requirement is not the one that binds" }
kpi_service_lifetime,3ff0000000000000;0000000000000000,bff0000000000000
kpi_service_lifetime,3ff0000000000000;bff0000000000000,c000000000000000
kpi_thermal_margin,7ff8000000000000;3ff0000000000000,Refused { node: "kpi_thermal_margin", reason: "an input is not a finite number" }
kpi_thermal_margin,7ff0000000000000;3ff0000000000000,Refused { node: "kpi_thermal_margin", reason: "an input is not a finite number" }
kpi_thermal_margin,c26d1a94a2000000;3ff0000000000000,bff0000000001198
kpi_thermal_margin,426d1a94a2000000;3ff0000000000000,bfefffffffffdcd1
kpi_thermal_margin,0000000000000000;3ff0000000000000,0000000000000000
kpi_thermal_margin,bff0000000000000;3ff0000000000000,c000000000000000
kpi_thermal_margin,3ff0000000000000;7ff8000000000000,Refused { node: "kpi_thermal_margin", reason: "an input is not a finite number" }
kpi_thermal_margin,3ff0000000000000;7ff0000000000000,Refused { node: "kpi_thermal_margin", reason: "an input is not a finite number" }
kpi_thermal_margin,3ff0000000000000;c26d1a94a2000000,OutOfDomain { node: "kpi_thermal_margin", field: "M", value: -1000000000001.0, bound: -100.0, edge: Lower, unit: One, reason: "a margin below -10000% means the inputs are not the ones the requirement was written against" }
kpi_thermal_margin,3ff0000000000000;426d1a94a2000000,OutOfDomain { node: "kpi_thermal_margin", field: "M", value: 999999999999.0, bound: 1000.0, edge: Upper, unit: One, reason: "a margin above 100000% means the requirement is not the one that binds" }
kpi_thermal_margin,3ff0000000000000;0000000000000000,bff0000000000000
kpi_thermal_margin,3ff0000000000000;bff0000000000000,c000000000000000
kpi_thrust_margin,7ff8000000000000;3ff0000000000000,Refused { node: "kpi_thrust_margin", reason: "an input is not a finite number" }
kpi_thrust_margin,7ff0000000000000;3ff0000000000000,Refused { node: "kpi_thrust_margin", reason: "an input is not a finite number" }
kpi_thrust_margin,c26d1a94a2000000;3ff0000000000000,bff0000000001198
kpi_thrust_margin,426d1a94a2000000;3ff0000000000000,bfefffffffffdcd1
kpi_thrust_margin,0000000000000000;3ff0000000000000,0000000000000000
kpi_thrust_margin,bff0000000000000;3ff0000000000000,c000000000000000
kpi_thrust_margin,3ff0000000000000;7ff8000000000000,Refused { node: "kpi_thrust_margin", reason: "an input is not a finite number" }
kpi_thrust_margin,3ff0000000000000;7ff0000000000000,Refused { node: "kpi_thrust_margin", reason: "an input is not a finite number" }
kpi_thrust_margin,3ff0000000000000;c26d1a94a2000000,OutOfDomain { node: "kpi_thrust_margin", field: "M", value: -1000000000001.0, bound: -100.0, edge: Lower, unit: One, reason: "a margin below -10000% means the inputs are not the ones the requirement was written against" }
kpi_thrust_margin,3ff0000000000000;426d1a94a2000000,OutOfDomain { node: "kpi_thrust_margin", field: "M", value: 999999999999.0, bound: 1000.0, edge: Upper, unit: One, reason: "a margin above 100000% means the requirement is not the one that binds" }
kpi_thrust_margin,3ff0000000000000;0000000000000000,bff0000000000000
kpi_thrust_margin,3ff0000000000000;bff0000000000000,c000000000000000
l3_solar_ach_01,405a0490bbdb2da6;4070400000000000,3fe330f3d2c74bfd
l3_solar_ach_01,4070400000000000;4070400000000000,0000000000000000
l3_solar_ach_01,4080400000000000;4070400000000000,bff0000000000000
l3_solar_ach_01,7ff8000000000000;4070400000000000,Refused { node: "l3_solar_ach_01", reason: "an input is not a finite number" }
l3_solar_ach_01,7ff0000000000000;4070400000000000,Refused { node: "l3_solar_ach_01", reason: "an input is not a finite number" }
l3_solar_ach_01,c26d1a94a2000000;4070400000000000,OutOfDomain { node: "l3_solar_ach_01", field: "M_f107_long", value: 3846153847.1538463, bound: 1.0, edge: Upper, unit: One, reason: "1 is the whole of the requirement: an achieved value of zero against a positive bound. A margin above 1 under this sense would mean the achieved value is negative, which none of these drivers can be" }
l3_solar_ach_01,426d1a94a2000000;4070400000000000,OutOfDomain { node: "l3_solar_ach_01", field: "M_f107_long", value: -3846153845.1538463, bound: -10.0, edge: Lower, unit: One, reason: "a margin of -10 is a requirement exceeded by eleven times its own value. Below that the comparison has stopped being a design margin and become a sign that one side is in the wrong unit, and it should refuse rather than report a number nobody will read as a fraction" }
l3_solar_ach_01,0000000000000000;4070400000000000,3ff0000000000000
l3_solar_ach_01,bff0000000000000;4070400000000000,OutOfDomain { node: "l3_solar_ach_01", field: "M_f107_long", value: 1.0038461538461538, bound: 1.0, edge: Upper, unit: One, reason: "1 is the whole of the requirement: an achieved value of zero against a positive bound. A margin above 1 under this sense would mean the achieved value is negative, which none of these drivers can be" }
l3_solar_ach_01,405a0490bbdb2da6;7ff8000000000000,Refused { node: "l3_solar_ach_01", reason: "an input is not a finite number" }
l3_solar_ach_01,405a0490bbdb2da6;7ff0000000000000,Refused { node: "l3_solar_ach_01", reason: "an input is not a finite number" }
l3_solar_ach_01,405a0490bbdb2da6;c26d1a94a2000000,OutOfDomain { node: "l3_solar_ach_01", field: "M_f107_long", value: 1.0000000001040712, bound: 1.0, edge: Upper, unit: One, reason: "1 is the whole of the requirement: an achieved value of zero against a positive bound. A margin above 1 under this sense would mean the achieved value is negative, which none of these drivers can be" }
l3_solar_ach_01,405a0490bbdb2da6;426d1a94a2000000,3feffffffff1b251
l3_solar_ach_01,405a0490bbdb2da6;0000000000000000,0000000000000000
l3_solar_ach_01,405a0490bbdb2da6;bff0000000000000,OutOfDomain { node: "l3_solar_ach_01", field: "M_f107_long", value: 105.0713338509, bound: 1.0, edge: Upper, unit: One, reason: "1 is the whole of the requirement: an achieved value of zero against a positive bound. A margin above 1 under this sense would mean the achieved value is negative, which none of these drivers can be" }
l3_solar_ach_02,405f0930be4e59d5;4075e00000000000,3fe4a65492e7bc0a
l3_solar_ach_02,4075e00000000000;4075e00000000000,0000000000000000
l3_solar_ach_02,4085e00000000000;4075e00000000000,bff0000000000000
l3_solar_ach_02,7ff8000000000000;4075e00000000000,Refused { node: "l3_solar_ach_02", reason: "an input is not a finite number" }
l3_solar_ach_02,7ff0000000000000;4075e00000000000,Refused { node: "l3_solar_ach_02", reason: "an input is not a finite number" }
l3_solar_ach_02,c26d1a94a2000000;4075e00000000000,OutOfDomain { node: "l3_solar_ach_02", field: "M_f107_short", value: 2857142858.142857, bound: 1.0, edge: Upper, unit: One, reason: "1 is the whole of the requirement: an achieved value of zero against a positive bound. A margin above 1 under this sense would mean the achieved value is negative, which none of these drivers can be" }
l3_solar_ach_02,426d1a94a2000000;4075e00000000000,OutOfDomain { node: "l3_solar_ach_02", field: "M_f107_short", value: -2857142856.142857, bound: -10.0, edge: Lower, unit: One, reason: "a margin of -10 is a requirement exceeded by eleven times its own value. Below that the comparison has stopped being a design margin and become a sign that one side is in the wrong unit, and it should refuse rather than report a number nobody will read as a fraction" }
l3_solar_ach_02,0000000000000000;4075e00000000000,3ff0000000000000
l3_solar_ach_02,bff0000000000000;4075e00000000000,OutOfDomain { node: "l3_solar_ach_02", field: "M_f107_short", value: 1.002857142857143, bound: 1.0, edge: Upper, unit: One, reason: "1 is the whole of the requirement: an achieved value of zero against a positive bound. A margin above 1 under this sense would mean the achieved value is negative, which none of these drivers can be" }
l3_solar_ach_02,405f0930be4e59d5;7ff8000000000000,Refused { node: "l3_solar_ach_02", reason: "an input is not a finite number" }
l3_solar_ach_02,405f0930be4e59d5;7ff0000000000000,Refused { node: "l3_solar_ach_02", reason: "an input is not a finite number" }
l3_solar_ach_02,405f0930be4e59d5;c26d1a94a2000000,OutOfDomain { node: "l3_solar_ach_02", field: "M_f107_short", value: 1.0000000001241436, bound: 1.0, edge: Upper, unit: One, reason: "1 is the whole of the requirement: an achieved value of zero against a positive bound. A margin above 1 under this sense would mean the achieved value is negative, which none of these drivers can be" }
l3_solar_ach_02,405f0930be4e59d5;426d1a94a2000000,3fefffffffeef016
l3_solar_ach_02,405f0930be4e59d5;0000000000000000,0000000000000000
l3_solar_ach_02,405f0930be4e59d5;bff0000000000000,OutOfDomain { node: "l3_solar_ach_02", field: "M_f107_short", value: 125.14360006, bound: 1.0, edge: Upper, unit: One, reason: "1 is the whole of the requirement: an achieved value of zero against a positive bound. A margin above 1 under this sense would mean the achieved value is negative, which none of these drivers can be" }
l3_solar_ach_03,4063cc4b81de91f1;4069e00000000000,3fce0fdadcc8004a
l3_solar_ach_03,4069e00000000000;4069e00000000000,0000000000000000
l3_solar_ach_03,4079e00000000000;4069e00000000000,bff0000000000000
l3_solar_ach_03,7ff8000000000000;4069e00000000000,Refused { node: "l3_solar_ach_03", reason: "an input is not a finite number" }
l3_solar_ach_03,7ff0000000000000;4069e00000000000,Refused { node: "l3_solar_ach_03", reason: "an input is not a finite number" }
l3_solar_ach_03,c26d1a94a2000000;4069e00000000000,OutOfDomain { node: "l3_solar_ach_03", field: "M_ap_survive", value: 4830917875.396135, bound: 1.0, edge: Upper, unit: One, reason: "1 is the whole of the requirement: an achieved value of zero against a positive bound. A margin above 1 under this sense would mean the achieved value is negative, which none of these drivers can be" }
l3_solar_ach_03,426d1a94a2000000;4069e00000000000,OutOfDomain { node: "l3_solar_ach_03", field: "M_ap_survive", value: -4830917873.396135, bound: -10.0, edge: Lower, unit: One, reason: "a margin of -10 is a requirement exceeded by eleven times its own value. Below that the comparison has stopped being a design margin and become a sign that one side is in the wrong unit, and it should refuse rather than report a number nobody will read as a fraction" }
l3_solar_ach_03,0000000000000000;4069e00000000000,3ff0000000000000
l3_solar_ach_03,bff0000000000000;4069e00000000000,OutOfDomain { node: "l3_solar_ach_03", field: "M_ap_survive", value: 1.0048309178743962, bound: 1.0, edge: Upper, unit: One, reason: "1 is the whole of the requirement: an achieved value of zero against a positive bound. A margin above 1 under this sense would mean the achieved value is negative, which none of these drivers can be" }
l3_solar_ach_03,4063cc4b81de91f1;7ff8000000000000,Refused { node: "l3_solar_ach_03", reason: "an input is not a finite number" }
l3_solar_ach_03,4063cc4b81de91f1;7ff0000000000000,Refused { node: "l3_solar_ach_03", reason: "an input is not a finite number" }
l3_solar_ach_03,4063cc4b81de91f1;c26d1a94a2000000,OutOfDomain { node: "l3_solar_ach_03", field: "M_ap_survive", value: 1.0000000001583842, bound: 1.0, edge: Upper, unit: One, reason: "1 is the whole of the requirement: an achieved value of zero against a positive bound. A margin above 1 under this sense would mean the achieved value is negative, which none of these drivers can be" }
l3_solar_ach_03,4063cc4b81de91f1;426d1a94a2000000,3fefffffffea3b59
l3_solar_ach_03,4063cc4b81de91f1;0000000000000000,0000000000000000
l3_solar_ach_03,4063cc4b81de91f1;bff0000000000000,OutOfDomain { node: "l3_solar_ach_03", field: "M_ap_survive", value: 159.3842172, bound: 1.0, edge: Upper, unit: One, reason: "1 is the whole of the requirement: an achieved value of zero against a positive bound. A margin above 1 under this sense would mean the achieved value is negative, which none of these drivers can be" }
l3_solar_ach_04,403ab1ffdb17126b;4048000000000000,3fdc68003136921c
l3_solar_ach_04,4048000000000000;4048000000000000,0000000000000000
l3_solar_ach_04,4058000000000000;4048000000000000,bff0000000000000
l3_solar_ach_04,7ff8000000000000;4048000000000000,Refused { node: "l3_solar_ach_04", reason: "an input is not a finite number" }
l3_solar_ach_04,7ff0000000000000;4048000000000000,Refused { node: "l3_solar_ach_04", reason: "an input is not a finite number" }
l3_solar_ach_04,c26d1a94a2000000;4048000000000000,OutOfDomain { node: "l3_solar_ach_04", field: "M_ap_long", value: 20833333334.333332, bound: 1.0, edge: Upper, unit: One, reason: "1 is the whole of the requirement: an achieved value of zero against a positive bound. A margin above 1 under this sense would mean the achieved value is negative, which none of these drivers can be" }
l3_solar_ach_04,426d1a94a2000000;4048000000000000,OutOfDomain { node: "l3_solar_ach_04", field: "M_ap_long", value: -20833333332.333332, bound: -10.0, edge: Lower, unit: One, reason: "a margin of -10 is a requirement exceeded by eleven times its own value. Below that the comparison has stopped being a design margin and become a sign that one side is in the wrong unit, and it should refuse rather than report a number nobody will read as a fraction" }
l3_solar_ach_04,0000000000000000;4048000000000000,3ff0000000000000
l3_solar_ach_04,bff0000000000000;4048000000000000,OutOfDomain { node: "l3_solar_ach_04", field: "M_ap_long", value: 1.0208333333333333, bound: 1.0, edge: Upper, unit: One, reason: "1 is the whole of the requirement: an achieved value of zero against a positive bound. A margin above 1 under this sense would mean the achieved value is negative, which none of these drivers can be" }
l3_solar_ach_04,403ab1ffdb17126b;7ff8000000000000,Refused { node: "l3_solar_ach_04", reason: "an input is not a finite number" }
l3_solar_ach_04,403ab1ffdb17126b;7ff0000000000000,Refused { node: "l3_solar_ach_04", reason: "an input is not a finite number" }
l3_solar_ach_04,403ab1ffdb17126b;c26d1a94a2000000,OutOfDomain { node: "l3_solar_ach_04", field: "M_ap_long", value: 1.0000000000266953, bound: 1.0, edge: Upper, unit: One, reason: "1 is the whole of the requirement: an achieved value of zero against a positive bound. A margin above 1 under this sense would mean the achieved value is negative, which none of these drivers can be" }
l3_solar_ach_04,403ab1ffdb17126b;426d1a94a2000000,3feffffffffc54be
l3_solar_ach_04,403ab1ffdb17126b;0000000000000000,0000000000000000
l3_solar_ach_04,403ab1ffdb17126b;bff0000000000000,OutOfDomain { node: "l3_solar_ach_04", field: "M_ap_long", value: 27.6953103, bound: 1.0, edge: Upper, unit: One, reason: "1 is the whole of the requirement: an achieved value of zero against a positive bound. A margin above 1 under this sense would mean the achieved value is negative, which none of these drivers can be" }
l3_solar_ach_05,4056a3057bd56374;4060800000000000,3fd4192baafd4ea3
l3_solar_ach_05,4060800000000000;4060800000000000,0000000000000000
l3_solar_ach_05,4070800000000000;4060800000000000,bff0000000000000
l3_solar_ach_05,7ff8000000000000;4060800000000000,Refused { node: "l3_solar_ach_05", reason: "an input is not a finite number" }
l3_solar_ach_05,7ff0000000000000;4060800000000000,Refused { node: "l3_solar_ach_05", reason: "an input is not a finite number" }
l3_solar_ach_05,c26d1a94a2000000;4060800000000000,OutOfDomain { node: "l3_solar_ach_05", field: "M_ap_short", value: 7575757576.757576, bound: 1.0, edge: Upper, unit: One, reason: "1 is the whole of the requirement: an achieved value of zero against a positive bound. A margin above 1 under this sense would mean the achieved value is negative, which none of these drivers can be" }
l3_solar_ach_05,426d1a94a2000000;4060800000000000,OutOfDomain { node: "l3_solar_ach_05", field: "M_ap_short", value: -7575757574.757576, bound: -10.0, edge: Lower, unit: One, reason: "a margin of -10 is a requirement exceeded by eleven times its own value. Below that the comparison has stopped being a design margin and become a sign that one side is in the wrong unit, and it should refuse rather than report a number nobody will read as a fraction" }
l3_solar_ach_05,0000000000000000;4060800000000000,3ff0000000000000
l3_solar_ach_05,bff0000000000000;4060800000000000,OutOfDomain { node: "l3_solar_ach_05", field: "M_ap_short", value: 1.0075757575757576, bound: 1.0, edge: Upper, unit: One, reason: "1 is the whole of the requirement: an achieved value of zero against a positive bound. A margin above 1 under this sense would mean the achieved value is negative, which none of these drivers can be" }
l3_solar_ach_05,4056a3057bd56374;7ff8000000000000,Refused { node: "l3_solar_ach_05", reason: "an input is not a finite number" }
l3_solar_ach_05,4056a3057bd56374;7ff0000000000000,Refused { node: "l3_solar_ach_05", reason: "an input is not a finite number" }
l3_solar_ach_05,4056a3057bd56374;c26d1a94a2000000,OutOfDomain { node: "l3_solar_ach_05", field: "M_ap_short", value: 1.0000000000905473, bound: 1.0, edge: Upper, unit: One, reason: "1 is the whole of the requirement: an achieved value of zero against a positive bound. A margin above 1 under this sense would mean the achieved value is negative, which none of these drivers can be" }
l3_solar_ach_05,4056a3057bd56374;426d1a94a2000000,3feffffffff38e27
l3_solar_ach_05,4056a3057bd56374;0000000000000000,0000000000000000
l3_solar_ach_05,4056a3057bd56374;bff0000000000000,OutOfDomain { node: "l3_solar_ach_05", field: "M_ap_short", value: 91.5472097, bound: 1.0, edge: Upper, unit: One, reason: "1 is the whole of the requirement: an achieved value of zero against a positive bound. A margin above 1 under this sense would mean the achieved value is negative, which none of these drivers can be" }
l3_solar_interface,4063ca92ba931544;4065f1aa263f8baf;4061a37b4ee69ed9;405f092b6c28aaec;40504f6e091d0a27;4036186b69db65ed;403ab1ffd00464bf;40317ed703b2671b;4056a3057b94f6c8;4013ba520cc5bec4;400c62ea828e66eb;400ea76dc4eadb4a;40095453bf74e96f;40173588c07c891d;3ff4570d20639d95;40132ea9cec5f644;4014ca84611e091d;40111c08f7470a30;401ffc88372cce25;4001d6313adb5441,4065f1aa263f8baf;4063ca92ba931544;4061a37b4ee69ed9;405f092b6c28aaec;40504f6e091d0a27;4063ca92ba931544;4065f1aa263f8baf;4061a37b4ee69ed9;4065f1aa263f8baf;4061a37b4ee69ed9;4036186b69db65ed;403ab1ffd00464bf;40317ed703b2671b;4056a3057b94f6c8;4013ba520cc5bec4;400c62ea828e66eb;400ea76dc4eadb4a;40095453bf74e96f;40173588c07c891d;3ff4570d20639d95;40132ea9cec5f644;4014ca84611e091d;40111c08f7470a30;401ffc88372cce25;4001d6313adb5441
l3_solar_interface,4063ca92ba931544;4065f1aa263f8baf;4061a37b4ee69ed9;405f092b6c28aaec;40504f6e091d0a27;4036186b69db65ed;403ab1ffd00464bf;40317ed703b2671b;4056a3057b94f6c8;4013ba520cc5bec4;400c62ea828e66eb;400ea76dc4eadb4a;40095453bf74e96f;40173588c07c891d;3ff4570d20639d95;40132ea9cec5f644;4014ca84611e091d;40111c08f7470a30;401ffc88372cce25;4001d6313adb5441,4065f1aa263f8baf;4063ca92ba931544;4061a37b4ee69ed9;405f092b6c28aaec;40504f6e091d0a27;4063ca92ba931544;4065f1aa263f8baf;4061a37b4ee69ed9;4065f1aa263f8baf;4061a37b4ee69ed9;4036186b69db65ed;403ab1ffd00464bf;40317ed703b2671b;4056a3057b94f6c8;4013ba520cc5bec4;400c62ea828e66eb;400ea76dc4eadb4a;40095453bf74e96f;40173588c07c891d;3ff4570d20639d95;40132ea9cec5f644;4014ca84611e091d;40111c08f7470a30;401ffc88372cce25;4001d6313adb5441
l3_solar_interface,4063ca92ba931544;4065f1aa263f8baf;4061a37b4ee69ed9;405f092b6c28aaec;40504f6e091d0a27;4036186b69db65ed;403ab1ffd00464bf;40317ed703b2671b;4056a3057b94f6c8;4013ba520cc5bec4;400c62ea828e66eb;400ea76dc4eadb4a;40095453bf74e96f;40173588c07c891d;3ff4570d20639d95;40132ea9cec5f644;4014ca84611e091d;40111c08f7470a30;401ffc88372cce25;4001d6313adb5441,4065f1aa263f8baf;4063ca92ba931544;4061a37b4ee69ed9;405f092b6c28aaec;40504f6e091d0a27;4063ca92ba931544;4065f1aa263f8baf;4061a37b4ee69ed9;4065f1aa263f8baf;4061a37b4ee69ed9;4036186b69db65ed;403ab1ffd00464bf;40317ed703b2671b;4056a3057b94f6c8;4013ba520cc5bec4;400c62ea828e66eb;400ea76dc4eadb4a;40095453bf74e96f;40173588c07c891d;3ff4570d20639d95;40132ea9cec5f644;4014ca84611e091d;40111c08f7470a30;401ffc88372cce25;4001d6313adb5441
l3_solar_interface,4063ca92ba931544;4065f1aa263f8baf;4061a37b4ee69ed9;405f092b6c28aaec;40504f6e091d0a27;4036186b69db65ed;403ab1ffd00464bf;40317ed703b2671b;4056a3057b94f6c8;4013ba520cc5bec4;400c62ea828e66eb;400ea76dc4eadb4a;40095453bf74e96f;40173588c07c891d;3ff4570d20639d95;40132ea9cec5f644;4014ca84611e091d;40111c08f7470a30;401ffc88372cce25;4001d6313adb5441,4065f1aa263f8baf;4063ca92ba931544;4061a37b4ee69ed9;405f092b6c28aaec;40504f6e091d0a27;4063ca92ba931544;4065f1aa263f8baf;4061a37b4ee69ed9;4065f1aa263f8baf;4061a37b4ee69ed9;4036186b69db65ed;403ab1ffd00464bf;40317ed703b2671b;4056a3057b94f6c8;4013ba520cc5bec4;400c62ea828e66eb;400ea76dc4eadb4a;40095453bf74e96f;40173588c07c891d;3ff4570d20639d95;40132ea9cec5f644;4014ca84611e091d;40111c08f7470a30;401ffc88372cce25;4001d6313adb5441
l3_solar_interface,4063ca92ba931544;4065f1aa263f8baf;4061a37b4ee69ed9;405f092b6c28aaec;40504f6e091d0a27;4036186b69db65ed;403ab1ffd00464bf;40317ed703b2671b;4056a3057b94f6c8;4013ba520cc5bec4;400c62ea828e66eb;400ea76dc4eadb4a;40095453bf74e96f;40173588c07c891d;3ff4570d20639d95;40132ea9cec5f644;4014ca84611e091d;40111c08f7470a30;401ffc88372cce25;4001d6313adb5441,4065f1aa263f8baf;4063ca92ba931544;4061a37b4ee69ed9;405f092b6c28aaec;40504f6e091d0a27;4063ca92ba931544;4065f1aa263f8baf;4061a37b4ee69ed9;4065f1aa263f8baf;4061a37b4ee69ed9;4036186b69db65ed;403ab1ffd00464bf;40317ed703b2671b;4056a3057b94f6c8;4013ba520cc5bec4;400c62ea828e66eb;400ea76dc4eadb4a;40095453bf74e96f;40173588c07c891d;3ff4570d20639d95;40132ea9cec5f644;4014ca84611e091d;40111c08f7470a30;401ffc88372cce25;4001d6313adb5441
l3_solar_interface,4063ca92ba931544;4065f1aa263f8baf;4061a37b4ee69ed9;405f092b6c28aaec;40504f6e091d0a27;4036186b69db65ed;403ab1ffd00464bf;40317ed703b2671b;4056a3057b94f6c8;4013ba520cc5bec4;400c62ea828e66eb;400ea76dc4eadb4a;40095453bf74e96f;40173588c07c891d;3ff4570d20639d95;40132ea9cec5f644;4014ca84611e091d;40111c08f7470a30;401ffc88372cce25;4001d6313adb5441,4065f1aa263f8baf;4063ca92ba931544;4061a37b4ee69ed9;405f092b6c28aaec;40504f6e091d0a27;4063ca92ba931544;4065f1aa263f8baf;4061a37b4ee69ed9;4065f1aa263f8baf;4061a37b4ee69ed9;4036186b69db65ed;403ab1ffd00464bf;40317ed703b2671b;4056a3057b94f6c8;4013ba520cc5bec4;400c62ea828e66eb;400ea76dc4eadb4a;40095453bf74e96f;40173588c07c891d;3ff4570d20639d95;40132ea9cec5f644;4014ca84611e091d;40111c08f7470a30;401ffc88372cce25;4001d6313adb5441
l3_solar_interface,4063ca92ba931544;4065f1aa263f8baf;4061a37b4ee69ed9;405f092b6c28aaec;40504f6e091d0a27;4036186b69db65ed;403ab1ffd00464bf;40317ed703b2671b;4056a3057b94f6c8;4013ba520cc5bec4;400c62ea828e66eb;400ea76dc4eadb4a;40095453bf74e96f;40173588c07c891d;3ff4570d20639d95;40132ea9cec5f644;4014ca84611e091d;40111c08f7470a30;401ffc88372cce25;4001d6313adb5441,4065f1aa263f8baf;4063ca92ba931544;4061a37b4ee69ed9;405f092b6c28aaec;40504f6e091d0a27;4063ca92ba931544;4065f1aa263f8baf;4061a37b4ee69ed9;4065f1aa263f8baf;4061a37b4ee69ed9;4036186b69db65ed;403ab1ffd00464bf;40317ed703b2671b;4056a3057b94f6c8;4013ba520cc5bec4;400c62ea828e66eb;400ea76dc4eadb4a;40095453bf74e96f;40173588c07c891d;3ff4570d20639d95;40132ea9cec5f644;4014ca84611e091d;40111c08f7470a30;401ffc88372cce25;4001d6313adb5441
l3_solar_interface,4063ca92ba931544;4065f1aa263f8baf;4061a37b4ee69ed9;405f092b6c28aaec;40504f6e091d0a27;4036186b69db65ed;403ab1ffd00464bf;40317ed703b2671b;4056a3057b94f6c8;4013ba520cc5bec4;400c62ea828e66eb;400ea76dc4eadb4a;40095453bf74e96f;40173588c07c891d;3ff4570d20639d95;40132ea9cec5f644;4014ca84611e091d;40111c08f7470a30;401ffc88372cce25;4001d6313adb5441,4065f1aa263f8baf;4063ca92ba931544;4061a37b4ee69ed9;405f092b6c28aaec;40504f6e091d0a27;4063ca92ba931544;4065f1aa263f8baf;4061a37b4ee69ed9;4065f1aa263f8baf;4061a37b4ee69ed9;4036186b69db65ed;403ab1ffd00464bf;40317ed703b2671b;4056a3057b94f6c8;4013ba520cc5bec4;400c62ea828e66eb;400ea76dc4eadb4a;40095453bf74e96f;40173588c07c891d;3ff4570d20639d95;40132ea9cec5f644;4014ca84611e091d;40111c08f7470a30;401ffc88372cce25;4001d6313adb5441
l3_solar_interface,4063ca92ba931544;4065f1aa263f8baf;4061a37b4ee69ed9;405f092b6c28aaec;40504f6e091d0a27;4036186b69db65ed;403ab1ffd00464bf;40317ed703b2671b;4056a3057b94f6c8;4013ba520cc5bec4;400c62ea828e66eb;400ea76dc4eadb4a;40095453bf74e96f;40173588c07c891d;3ff4570d20639d95;40132ea9cec5f644;4014ca84611e091d;40111c08f7470a30;401ffc88372cce25;4001d6313adb5441,4065f1aa263f8baf;4063ca92ba931544;4061a37b4ee69ed9;405f092b6c28aaec;40504f6e091d0a27;4063ca92ba931544;4065f1aa263f8baf;4061a37b4ee69ed9;4065f1aa263f8baf;4061a37b4ee69ed9;4036186b69db65ed;403ab1ffd00464bf;40317ed703b2671b;4056a3057b94f6c8;4013ba520cc5bec4;400c62ea828e66eb;400ea76dc4eadb4a;40095453bf74e96f;40173588c07c891d;3ff4570d20639d95;40132ea9cec5f644;4014ca84611e091d;40111c08f7470a30;401ffc88372cce25;4001d6313adb5441
l3_solar_interface,4063ca92ba931544;4065f1aa263f8baf;4061a37b4ee69ed9;405f092b6c28aaec;40504f6e091d0a27;4036186b69db65ed;403ab1ffd00464bf;40317ed703b2671b;4056a3057b94f6c8;4013ba520cc5bec4;400c62ea828e66eb;400ea76dc4eadb4a;40095453bf74e96f;40173588c07c891d;3ff4570d20639d95;40132ea9cec5f644;4014ca84611e091d;40111c08f7470a30;401ffc88372cce25;4001d6313adb5441,4065f1aa263f8baf;4063ca92ba931544;4061a37b4ee69ed9;405f092b6c28aaec;40504f6e091d0a27;4063ca92ba931544;4065f1aa263f8baf;4061a37b4ee69ed9;4065f1aa263f8baf;4061a37b4ee69ed9;4036186b69db65ed;403ab1ffd00464bf;40317ed703b2671b;4056a3057b94f6c8;4013ba520cc5bec4;400c62ea828e66eb;400ea76dc4eadb4a;40095453bf74e96f;40173588c07c891d;3ff4570d20639d95;40132ea9cec5f644;4014ca84611e091d;40111c08f7470a30;401ffc88372cce25;4001d6313adb5441
l3_solar_interface,4063ca92ba931544;4065f1aa263f8baf;4061a37b4ee69ed9;405f092b6c28aaec;40504f6e091d0a27;4036186b69db65ed;403ab1ffd00464bf;40317ed703b2671b;4056a3057b94f6c8;4013ba520cc5bec4;400c62ea828e66eb;400ea76dc4eadb4a;40095453bf74e96f;40173588c07c891d;3ff4570d20639d95;40132ea9cec5f644;4014ca84611e091d;40111c08f7470a30;401ffc88372cce25;4001d6313adb5441,4065f1aa263f8baf;4063ca92ba931544;4061a37b4ee69ed9;405f092b6c28aaec;40504f6e091d0a27;4063ca92ba931544;4065f1aa263f8baf;4061a37b4ee69ed9;4065f1aa263f8baf;4061a37b4ee69ed9;4036186b69db65ed;403ab1ffd00464bf;40317ed703b2671b;4056a3057b94f6c8;4013ba520cc5bec4;400c62ea828e66eb;400ea76dc4eadb4a;40095453bf74e96f;40173588c07c891d;3ff4570d20639d95;40132ea9cec5f644;4014ca84611e091d;40111c08f7470a30;401ffc88372cce25;4001d6313adb5441
l3_solar_interface,4063ca92ba931544;4065f1aa263f8baf;4061a37b4ee69ed9;405f092b6c28aaec;40504f6e091d0a27;4036186b69db65ed;403ab1ffd00464bf;40317ed703b2671b;4056a3057b94f6c8;4013ba520cc5bec4;400c62ea828e66eb;400ea76dc4eadb4a;40095453bf74e96f;40173588c07c891d;3ff4570d20639d95;40132ea9cec5f644;4014ca84611e091d;40111c08f7470a30;401ffc88372cce25;4001d6313adb5441,4065f1aa263f8baf;4063ca92ba931544;4061a37b4ee69ed9;405f092b6c28aaec;40504f6e091d0a27;4063ca92ba931544;4065f1aa263f8baf;4061a37b4ee69ed9;4065f1aa263f8baf;4061a37b4ee69ed9;4036186b69db65ed;403ab1ffd00464bf;40317ed703b2671b;4056a3057b94f6c8;4013ba520cc5bec4;400c62ea828e66eb;400ea76dc4eadb4a;40095453bf74e96f;40173588c07c891d;3ff4570d20639d95;40132ea9cec5f644;4014ca84611e091d;40111c08f7470a30;401ffc88372cce25;4001d6313adb5441
l3_solar_interface,4063ca92ba931544;4065f1aa263f8baf;4061a37b4ee69ed9;405f092b6c28aaec;40504f6e091d0a27;4036186b69db65ed;403ab1ffd00464bf;40317ed703b2671b;4056a3057b94f6c8;4013ba520cc5bec4;400c62ea828e66eb;400ea76dc4eadb4a;40095453bf74e96f;40173588c07c891d;3ff4570d20639d95;40132ea9cec5f644;4014ca84611e091d;40111c08f7470a30;401ffc88372cce25;4001d6313adb5441,4065f1aa263f8baf;4063ca92ba931544;4061a37b4ee69ed9;405f092b6c28aaec;40504f6e091d0a27;4063ca92ba931544;4065f1aa263f8baf;4061a37b4ee69ed9;4065f1aa263f8baf;4061a37b4ee69ed9;4036186b69db65ed;403ab1ffd00464bf;40317ed703b2671b;4056a3057b94f6c8;4013ba520cc5bec4;400c62ea828e66eb;400ea76dc4eadb4a;40095453bf74e96f;40173588c07c891d;3ff4570d20639d95;40132ea9cec5f644;4014ca84611e091d;40111c08f7470a30;401ffc88372cce25;4001d6313adb5441
l3_solar_interface,4063ca92ba931544;4065f1aa263f8baf;4061a37b4ee69ed9;405f092b6c28aaec;40504f6e091d0a27;4036186b69db65ed;403ab1ffd00464bf;40317ed703b2671b;4056a3057b94f6c8;4013ba520cc5bec4;400c62ea828e66eb;400ea76dc4eadb4a;40095453bf74e96f;40173588c07c891d;3ff4570d20639d95;40132ea9cec5f644;4014ca84611e091d;40111c08f7470a30;401ffc88372cce25;4001d6313adb5441,4065f1aa263f8baf;4063ca92ba931544;4061a37b4ee69ed9;405f092b6c28aaec;40504f6e091d0a27;4063ca92ba931544;4065f1aa263f8baf;4061a37b4ee69ed9;4065f1aa263f8baf;4061a37b4ee69ed9;4036186b69db65ed;403ab1ffd00464bf;40317ed703b2671b;4056a3057b94f6c8;4013ba520cc5bec4;400c62ea828e66eb;400ea76dc4eadb4a;40095453bf74e96f;40173588c07c891d;3ff4570d20639d95;40132ea9cec5f644;4014ca84611e091d;40111c08f7470a30;401ffc88372cce25;4001d6313adb5441
l3_solar_interface,4063ca92ba931544;4065f1aa263f8baf;4061a37b4ee69ed9;405f092b6c28aaec;40504f6e091d0a27;4036186b69db65ed;403ab1ffd00464bf;40317ed703b2671b;4056a3057b94f6c8;4013ba520cc5bec4;400c62ea828e66eb;400ea76dc4eadb4a;40095453bf74e96f;40173588c07c891d;3ff4570d20639d95;40132ea9cec5f644;4014ca84611e091d;40111c08f7470a30;401ffc88372cce25;4001d6313adb5441,4065f1aa263f8baf;4063ca92ba931544;4061a37b4ee69ed9;405f092b6c28aaec;40504f6e091d0a27;4063ca92ba931544;4065f1aa263f8baf;4061a37b4ee69ed9;4065f1aa263f8baf;4061a37b4ee69ed9;4036186b69db65ed;403ab1ffd00464bf;40317ed703b2671b;4056a3057b94f6c8;4013ba520cc5bec4;400c62ea828e66eb;400ea76dc4eadb4a;40095453bf74e96f;40173588c07c891d;3ff4570d20639d95;40132ea9cec5f644;4014ca84611e091d;40111c08f7470a30;401ffc88372cce25;4001d6313adb5441
l3_solar_interface,4063ca92ba931544;4065f1aa263f8baf;4061a37b4ee69ed9;405f092b6c28aaec;40504f6e091d0a27;4036186b69db65ed;403ab1ffd00464bf;40317ed703b2671b;4056a3057b94f6c8;4013ba520cc5bec4;400c62ea828e66eb;400ea76dc4eadb4a;40095453bf74e96f;40173588c07c891d;3ff4570d20639d95;40132ea9cec5f644;4014ca84611e091d;40111c08f7470a30;401ffc88372cce25;4001d6313adb5441,4065f1aa263f8baf;4063ca92ba931544;4061a37b4ee69ed9;405f092b6c28aaec;40504f6e091d0a27;4063ca92ba931544;4065f1aa263f8baf;4061a37b4ee69ed9;4065f1aa263f8baf;4061a37b4ee69ed9;4036186b69db65ed;403ab1ffd00464bf;40317ed703b2671b;4056a3057b94f6c8;4013ba520cc5bec4;400c62ea828e66eb;400ea76dc4eadb4a;40095453bf74e96f;40173588c07c891d;3ff4570d20639d95;40132ea9cec5f644;4014ca84611e091d;40111c08f7470a30;401ffc88372cce25;4001d6313adb5441
l3_solar_interface,4063ca92ba931544;4065f1aa263f8baf;4061a37b4ee69ed9;405f092b6c28aaec;40504f6e091d0a27;4036186b69db65ed;403ab1ffd00464bf;40317ed703b2671b;4056a3057b94f6c8;4013ba520cc5bec4;400c62ea828e66eb;400ea76dc4eadb4a;40095453bf74e96f;40173588c07c891d;3ff4570d20639d95;40132ea9cec5f644;4014ca84611e091d;40111c08f7470a30;401ffc88372cce25;4001d6313adb5441,4065f1aa263f8baf;4063ca92ba931544;4061a37b4ee69ed9;405f092b6c28aaec;40504f6e091d0a27;4063ca92ba931544;4065f1aa263f8baf;4061a37b4ee69ed9;4065f1aa263f8baf;4061a37b4ee69ed9;4036186b69db65ed;403ab1ffd00464bf;40317ed703b2671b;4056a3057b94f6c8;4013ba520cc5bec4;400c62ea828e66eb;400ea76dc4eadb4a;40095453bf74e96f;40173588c07c891d;3ff4570d20639d95;40132ea9cec5f644;4014ca84611e091d;40111c08f7470a30;401ffc88372cce25;4001d6313adb5441
l3_solar_interface,4063ca92ba931544;4065f1aa263f8baf;4061a37b4ee69ed9;405f092b6c28aaec;40504f6e091d0a27;4036186b69db65ed;403ab1ffd00464bf;40317ed703b2671b;4056a3057b94f6c8;4013ba520cc5bec4;400c62ea828e66eb;400ea76dc4eadb4a;40095453bf74e96f;40173588c07c891d;3ff4570d20639d95;40132ea9cec5f644;4014ca84611e091d;40111c08f7470a30;401ffc88372cce25;4001d6313adb5441,4065f1aa263f8baf;4063ca92ba931544;4061a37b4ee69ed9;405f092b6c28aaec;40504f6e091d0a27;4063ca92ba931544;4065f1aa263f8baf;4061a37b4ee69ed9;4065f1aa263f8baf;4061a37b4ee69ed9;4036186b69db65ed;403ab1ffd00464bf;40317ed703b2671b;4056a3057b94f6c8;4013ba520cc5bec4;400c62ea828e66eb;400ea76dc4eadb4a;40095453bf74e96f;40173588c07c891d;3ff4570d20639d95;40132ea9cec5f644;4014ca84611e091d;40111c08f7470a30;401ffc88372cce25;4001d6313adb5441
l3_solar_interface,4063ca92ba931544;4065f1aa263f8baf;4061a37b4ee69ed9;405f092b6c28aaec;40504f6e091d0a27;4036186b69db65ed;403ab1ffd00464bf;40317ed703b2671b;4056a3057b94f6c8;4013ba520cc5bec4;400c62ea828e66eb;400ea76dc4eadb4a;40095453bf74e96f;40173588c07c891d;3ff4570d20639d95;40132ea9cec5f644;4014ca84611e091d;40111c08f7470a30;401ffc88372cce25;4001d6313adb5441,4065f1aa263f8baf;4063ca92ba931544;4061a37b4ee69ed9;405f092b6c28aaec;40504f6e091d0a27;4063ca92ba931544;4065f1aa263f8baf;4061a37b4ee69ed9;4065f1aa263f8baf;4061a37b4ee69ed9;4036186b69db65ed;403ab1ffd00464bf;40317ed703b2671b;4056a3057b94f6c8;4013ba520cc5bec4;400c62ea828e66eb;400ea76dc4eadb4a;40095453bf74e96f;40173588c07c891d;3ff4570d20639d95;40132ea9cec5f644;4014ca84611e091d;40111c08f7470a30;401ffc88372cce25;4001d6313adb5441
l3_solar_interface,4063ca92ba931544;4065f1aa263f8baf;4061a37b4ee69ed9;405f092b6c28aaec;40504f6e091d0a27;4036186b69db65ed;403ab1ffd00464bf;40317ed703b2671b;4056a3057b94f6c8;4013ba520cc5bec4;400c62ea828e66eb;400ea76dc4eadb4a;40095453bf74e96f;40173588c07c891d;3ff4570d20639d95;40132ea9cec5f644;4014ca84611e091d;40111c08f7470a30;401ffc88372cce25;4001d6313adb5441,4065f1aa263f8baf;4063ca92ba931544;4061a37b4ee69ed9;405f092b6c28aaec;40504f6e091d0a27;4063ca92ba931544;4065f1aa263f8baf;4061a37b4ee69ed9;4065f1aa263f8baf;4061a37b4ee69ed9;4036186b69db65ed;403ab1ffd00464bf;40317ed703b2671b;4056a3057b94f6c8;4013ba520cc5bec4;400c62ea828e66eb;400ea76dc4eadb4a;40095453bf74e96f;40173588c07c891d;3ff4570d20639d95;40132ea9cec5f644;4014ca84611e091d;40111c08f7470a30;401ffc88372cce25;4001d6313adb5441
l3_solar_interface,4063ca92ba931544;4065f1aa263f8baf;4061a37b4ee69ed9;405f092b6c28aaec;40504f6e091d0a27;4036186b69db65ed;403ab1ffd00464bf;40317ed703b2671b;4056a3057b94f6c8;4013ba520cc5bec4;400c62ea828e66eb;400ea76dc4eadb4a;40095453bf74e96f;40173588c07c891d;3ff4570d20639d95;40132ea9cec5f644;4014ca84611e091d;40111c08f7470a30;401ffc88372cce25;4001d6313adb5441,4065f1aa263f8baf;4063ca92ba931544;4061a37b4ee69ed9;405f092b6c28aaec;40504f6e091d0a27;4063ca92ba931544;4065f1aa263f8baf;4061a37b4ee69ed9;4065f1aa263f8baf;4061a37b4ee69ed9;4036186b69db65ed;403ab1ffd00464bf;40317ed703b2671b;4056a3057b94f6c8;4013ba520cc5bec4;400c62ea828e66eb;400ea76dc4eadb4a;40095453bf74e96f;40173588c07c891d;3ff4570d20639d95;40132ea9cec5f644;4014ca84611e091d;40111c08f7470a30;401ffc88372cce25;4001d6313adb5441
l3_solar_interface,4063ca92ba931544;4065f1aa263f8baf;4061a37b4ee69ed9;405f092b6c28aaec;40504f6e091d0a27;4036186b69db65ed;403ab1ffd00464bf;40317ed703b2671b;4056a3057b94f6c8;4013ba520cc5bec4;400c62ea828e66eb;400ea76dc4eadb4a;40095453bf74e96f;40173588c07c891d;3ff4570d20639d95;40132ea9cec5f644;4014ca84611e091d;40111c08f7470a30;401ffc88372cce25;4001d6313adb5441,4065f1aa263f8baf;4063ca92ba931544;4061a37b4ee69ed9;405f092b6c28aaec;40504f6e091d0a27;4063ca92ba931544;4065f1aa263f8baf;4061a37b4ee69ed9;4065f1aa263f8baf;4061a37b4ee69ed9;4036186b69db65ed;403ab1ffd00464bf;40317ed703b2671b;4056a3057b94f6c8;4013ba520cc5bec4;400c62ea828e66eb;400ea76dc4eadb4a;40095453bf74e96f;40173588c07c891d;3ff4570d20639d95;40132ea9cec5f644;4014ca84611e091d;40111c08f7470a30;401ffc88372cce25;4001d6313adb5441
l3_solar_interface,4063ca92ba931544;4065f1aa263f8baf;4061a37b4ee69ed9;405f092b6c28aaec;40504f6e091d0a27;4036186b69db65ed;403ab1ffd00464bf;40317ed703b2671b;4056a3057b94f6c8;4013ba520cc5bec4;400c62ea828e66eb;400ea76dc4eadb4a;40095453bf74e96f;40173588c07c891d;3ff4570d20639d95;40132ea9cec5f644;4014ca84611e091d;40111c08f7470a30;401ffc88372cce25;4001d6313adb5441,4065f1aa263f8baf;4063ca92ba931544;4061a37b4ee69ed9;405f092b6c28aaec;40504f6e091d0a27;4063ca92ba931544;4065f1aa263f8baf;4061a37b4ee69ed9;4065f1aa263f8baf;4061a37b4ee69ed9;4036186b69db65ed;403ab1ffd00464bf;40317ed703b2671b;4056a3057b94f6c8;4013ba520cc5bec4;400c62ea828e66eb;400ea76dc4eadb4a;40095453bf74e96f;40173588c07c891d;3ff4570d20639d95;40132ea9cec5f644;4014ca84611e091d;40111c08f7470a30;401ffc88372cce25;4001d6313adb5441
l3_solar_interface,4063ca92ba931544;4065f1aa263f8baf;4061a37b4ee69ed9;405f092b6c28aaec;40504f6e091d0a27;4036186b69db65ed;403ab1ffd00464bf;40317ed703b2671b;4056a3057b94f6c8;4013ba520cc5bec4;400c62ea828e66eb;400ea76dc4eadb4a;40095453bf74e96f;40173588c07c891d;3ff4570d20639d95;40132ea9cec5f644;4014ca84611e091d;40111c08f7470a30;401ffc88372cce25;4001d6313adb5441,4065f1aa263f8baf;4063ca92ba931544;4061a37b4ee69ed9;405f092b6c28aaec;40504f6e091d0a27;4063ca92ba931544;4065f1aa263f8baf;4061a37b4ee69ed9;4065f1aa263f8baf;4061a37b4ee69ed9;4036186b69db65ed;403ab1ffd00464bf;40317ed703b2671b;4056a3057b94f6c8;4013ba520cc5bec4;400c62ea828e66eb;400ea76dc4eadb4a;40095453bf74e96f;40173588c07c891d;3ff4570d20639d95;40132ea9cec5f644;4014ca84611e091d;40111c08f7470a30;401ffc88372cce25;4001d6313adb5441
l3_solar_interface,4063ca92ba931544;4065f1aa263f8baf;4061a37b4ee69ed9;405f092b6c28aaec;40504f6e091d0a27;4036186b69db65ed;403ab1ffd00464bf;40317ed703b2671b;4056a3057b94f6c8;4013ba520cc5bec4;400c62ea828e66eb;400ea76dc4eadb4a;40095453bf74e96f;40173588c07c891d;3ff4570d20639d95;40132ea9cec5f644;4014ca84611e091d;40111c08f7470a30;401ffc88372cce25;4001d6313adb5441,4065f1aa263f8baf;4063ca92ba931544;4061a37b4ee69ed9;405f092b6c28aaec;40504f6e091d0a27;4063ca92ba931544;4065f1aa263f8baf;4061a37b4ee69ed9;4065f1aa263f8baf;4061a37b4ee69ed9;4036186b69db65ed;403ab1ffd00464bf;40317ed703b2671b;4056a3057b94f6c8;4013ba520cc5bec4;400c62ea828e66eb;400ea76dc4eadb4a;40095453bf74e96f;40173588c07c891d;3ff4570d20639d95;40132ea9cec5f644;4014ca84611e091d;40111c08f7470a30;401ffc88372cce25;4001d6313adb5441
l3_solar_interface,7ff8000000000000;4065f1aa263f8baf;4061a37b4ee69ed9;405f092b6c28aaec;40504f6e091d0a27;4036186b69db65ed;403ab1ffd00464bf;40317ed703b2671b;4056a3057b94f6c8;4013ba520cc5bec4;400c62ea828e66eb;400ea76dc4eadb4a;40095453bf74e96f;40173588c07c891d;3ff4570d20639d95;40132ea9cec5f644;4014ca84611e091d;40111c08f7470a30;401ffc88372cce25;4001d6313adb5441,Refused { node: "l3_solar_interface", reason: "an input is not a finite number" }
l3_solar_interface,7ff0000000000000;4065f1aa263f8baf;4061a37b4ee69ed9;405f092b6c28aaec;40504f6e091d0a27;4036186b69db65ed;403ab1ffd00464bf;40317ed703b2671b;4056a3057b94f6c8;4013ba520cc5bec4;400c62ea828e66eb;400ea76dc4eadb4a;40095453bf74e96f;40173588c07c891d;3ff4570d20639d95;40132ea9cec5f644;4014ca84611e091d;40111c08f7470a30;401ffc88372cce25;4001d6313adb5441,Refused { node: "l3_solar_interface", reason: "an input is not a finite number" }
l3_solar_interface,c26d1a94a2000000;4065f1aa263f8baf;4061a37b4ee69ed9;405f092b6c28aaec;40504f6e091d0a27;4036186b69db65ed;403ab1ffd00464bf;40317ed703b2671b;4056a3057b94f6c8;4013ba520cc5bec4;400c62ea828e66eb;400ea76dc4eadb4a;40095453bf74e96f;40173588c07c891d;3ff4570d20639d95;40132ea9cec5f644;4014ca84611e091d;40111c08f7470a30;401ffc88372cce25;4001d6313adb5441,OutOfDomain { node: "l3_solar_interface", field: "F107_nominal", value: -1000000000000.0, bound: 60.0, edge: Lower, unit: One, reason: "the producer's own floor, restated: below 60 sfu has never been observed" }
l3_solar_interface,426d1a94a2000000;4065f1aa263f8baf;4061a37b4ee69ed9;405f092b6c28aaec;40504f6e091d0a27;4036186b69db65ed;403ab1ffd00464bf;40317ed703b2671b;4056a3057b94f6c8;4013ba520cc5bec4;400c62ea828e66eb;400ea76dc4eadb4a;40095453bf74e96f;40173588c07c891d;3ff4570d20639d95;40132ea9cec5f644;4014ca84611e091d;40111c08f7470a30;401ffc88372cce25;4001d6313adb5441,OutOfDomain { node: "l3_solar_interface", field: "F107_nominal", value: 1000000000000.0, bound: 400.0, edge: Upper, unit: One, reason: "the producer's own ceiling, restated: above 400 sfu the temperature relation is extrapolated past the record" }
l3_solar_interface,0000000000000000;4065f1aa263f8baf;4061a37b4ee69ed9;405f092b6c28aaec;40504f6e091d0a27;4036186b69db65ed;403ab1ffd00464bf;40317ed703b2671b;4056a3057b94f6c8;4013ba520cc5bec4;400c62ea828e66eb;400ea76dc4eadb4a;40095453bf74e96f;40173588c07c891d;3ff4570d20639d95;40132ea9cec5f644;4014ca84611e091d;40111c08f7470a30;401ffc88372cce25;4001d6313adb5441,OutOfDomain { node: "l3_solar_interface", field: "F107_nominal", value: 0.0, bound: 60.0, edge: Lower, unit: One, reason: "the producer's own floor, restated: below 60 sfu has never been observed" }
l3_solar_interface,bff0000000000000;4065f1aa263f8baf;4061a37b4ee69ed9;405f092b6c28aaec;40504f6e091d0a27;4036186b69db65ed;403ab1ffd00464bf;40317ed703b2671b;4056a3057b94f6c8;4013ba520cc5bec4;400c62ea828e66eb;400ea76dc4eadb4a;40095453bf74e96f;40173588c07c891d;3ff4570d20639d95;40132ea9cec5f644;4014ca84611e091d;40111c08f7470a30;401ffc88372cce25;4001d6313adb5441,OutOfDomain { node: "l3_solar_interface", field: "F107_nominal", value: -1.0, bound: 60.0, edge: Lower, unit: One, reason: "the producer's own floor, restated: below 60 sfu has never been observed" }
l3_solar_interface,4063ca92ba931544;7ff8000000000000;4061a37b4ee69ed9;405f092b6c28aaec;40504f6e091d0a27;4036186b69db65ed;403ab1ffd00464bf;40317ed703b2671b;4056a3057b94f6c8;4013ba520cc5bec4;400c62ea828e66eb;400ea76dc4eadb4a;40095453bf74e96f;40173588c07c891d;3ff4570d20639d95;40132ea9cec5f644;4014ca84611e091d;40111c08f7470a30;401ffc88372cce25;4001d6313adb5441,Refused { node: "l3_solar_interface", reason: "an input is not a finite number" }
l3_solar_interface,4063ca92ba931544;7ff0000000000000;4061a37b4ee69ed9;405f092b6c28aaec;40504f6e091d0a27;4036186b69db65ed;403ab1ffd00464bf;40317ed703b2671b;4056a3057b94f6c8;4013ba520cc5bec4;400c62ea828e66eb;400ea76dc4eadb4a;40095453bf74e96f;40173588c07c891d;3ff4570d20639d95;40132ea9cec5f644;4014ca84611e091d;40111c08f7470a30;401ffc88372cce25;4001d6313adb5441,Refused { node: "l3_solar_interface", reason: "an input is not a finite number" }
l3_solar_interface,4063ca92ba931544;c26d1a94a2000000;4061a37b4ee69ed9;405f092b6c28aaec;40504f6e091d0a27;4036186b69db65ed;403ab1ffd00464bf;40317ed703b2671b;4056a3057b94f6c8;4013ba520cc5bec4;400c62ea828e66eb;400ea76dc4eadb4a;40095453bf74e96f;40173588c07c891d;3ff4570d20639d95;40132ea9cec5f644;4014ca84611e091d;40111c08f7470a30;401ffc88372cce25;4001d6313adb5441,OutOfDomain { node: "l3_solar_interface", field: "F107_hotmean", value: -1000000000000.0, bound: 60.0, edge: Lower, unit: One, reason: "the same floor as env_f107 and every design row beneath this one: below 60 sfu has never been observed and every relation reading F10.7 has no support there. A crossing that narrowed or widened the range it carries would be changing the answer, so it declares the producer's own bounds" }
l3_solar_interface,4063ca92ba931544;426d1a94a2000000;4061a37b4ee69ed9;405f092b6c28aaec;40504f6e091d0a27;4036186b69db65ed;403ab1ffd00464bf;40317ed703b2671b;4056a3057b94f6c8;4013ba520cc5bec4;400c62ea828e66eb;400ea76dc4eadb4a;40095453bf74e96f;40173588c07c891d;3ff4570d20639d95;40132ea9cec5f644;4014ca84611e091d;40111c08f7470a30;401ffc88372cce25;4001d6313adb5441,OutOfDomain { node: "l3_solar_interface", field: "F107_hotmean", value: 1000000000000.0, bound: 400.0, edge: Upper, unit: One, reason: "the same ceiling as env_f107 and every design row beneath this one: above 400 sfu the exospheric temperature relation is extrapolated past the largest recorded daily value. Restating it here means a system reader sees the limit without opening the subsystem" }
l3_solar_interface,4063ca92ba931544;0000000000000000;4061a37b4ee69ed9;405f092b6c28aaec;40504f6e091d0a27;4036186b69db65ed;403ab1ffd00464bf;40317ed703b2671b;4056a3057b94f6c8;4013ba520cc5bec4;400c62ea828e66eb;400ea76dc4eadb4a;40095453bf74e96f;40173588c07c891d;3ff4570d20639d95;40132ea9cec5f644;4014ca84611e091d;40111c08f7470a30;401ffc88372cce25;4001d6313adb5441,OutOfDomain { node: "l3_solar_interface", field: "F107_hotmean", value: 0.0, bound: 60.0, edge: Lower, unit: One, reason: "the same floor as env_f107 and every design row beneath this one: below 60 sfu has never been observed and every relation reading F10.7 has no support there. A crossing that narrowed or widened the range it carries would be changing the answer, so it declares the producer's own bounds" }
l3_solar_interface,4063ca92ba931544;bff0000000000000;4061a37b4ee69ed9;405f092b6c28aaec;40504f6e091d0a27;4036186b69db65ed;403ab1ffd00464bf;40317ed703b2671b;4056a3057b94f6c8;4013ba520cc5bec4;400c62ea828e66eb;400ea76dc4eadb4a;40095453bf74e96f;40173588c07c891d;3ff4570d20639d95;40132ea9cec5f644;4014ca84611e091d;40111c08f7470a30;401ffc88372cce25;4001d6313adb5441,OutOfDomain { node: "l3_solar_interface", field: "F107_hotmean", value: -1.0, bound: 60.0, edge: Lower, unit: One, reason: "the same floor as env_f107 and every design row beneath this one: below 60 sfu has never been observed and every relation reading F10.7 has no support there. A crossing that narrowed or widened the range it carries would be changing the answer, so it declares the producer's own bounds" }
l3_solar_interface,4063ca92ba931544;4065f1aa263f8baf;7ff8000000000000;405f092b6c28aaec;40504f6e091d0a27;4036186b69db65ed;403ab1ffd00464bf;40317ed703b2671b;4056a3057b94f6c8;4013ba520cc5bec4;400c62ea828e66eb;400ea76dc4eadb4a;40095453bf74e96f;40173588c07c891d;3ff4570d20639d95;40132ea9cec5f644;4014ca84611e091d;40111c08f7470a30;401ffc88372cce25;4001d6313adb5441,Refused { node: "l3_solar_interface", reason: "an input is not a finite number" }
l3_solar_interface,4063ca92ba931544;4065f1aa263f8baf;7ff0000000000000;405f092b6c28aaec;40504f6e091d0a27;4036186b69db65ed;403ab1ffd00464bf;40317ed703b2671b;4056a3057b94f6c8;4013ba520cc5bec4;400c62ea828e66eb;400ea76dc4eadb4a;40095453bf74e96f;40173588c07c891d;3ff4570d20639d95;40132ea9cec5f644;4014ca84611e091d;40111c08f7470a30;401ffc88372cce25;4001d6313adb5441,Refused { node: "l3_solar_interface", reason: "an input is not a finite number" }
l3_solar_interface,4063ca92ba931544;4065f1aa263f8baf;c26d1a94a2000000;405f092b6c28aaec;40504f6e091d0a27;4036186b69db65ed;403ab1ffd00464bf;40317ed703b2671b;4056a3057b94f6c8;4013ba520cc5bec4;400c62ea828e66eb;400ea76dc4eadb4a;40095453bf74e96f;40173588c07c891d;3ff4570d20639d95;40132ea9cec5f644;4014ca84611e091d;40111c08f7470a30;401ffc88372cce25;4001d6313adb5441,OutOfDomain { node: "l3_solar_interface", field: "F107_coldmean", value: -1000000000000.0, bound: 60.0, edge: Lower, unit: One, reason: "the producer's own floor, restated. On the cold scenarios it is load-bearing rather than decorative: a band wider than the sky reaches through it" }
l3_solar_interface,4063ca92ba931544;4065f1aa263f8baf;426d1a94a2000000;405f092b6c28aaec;40504f6e091d0a27;4036186b69db65ed;403ab1ffd00464bf;40317ed703b2671b;4056a3057b94f6c8;4013ba520cc5bec4;400c62ea828e66eb;400ea76dc4eadb4a;40095453bf74e96f;40173588c07c891d;3ff4570d20639d95;40132ea9cec5f644;4014ca84611e091d;40111c08f7470a30;401ffc88372cce25;4001d6313adb5441,OutOfDomain { node: "l3_solar_interface", field: "F107_coldmean", value: 1000000000000.0, bound: 400.0, edge: Upper, unit: One, reason: "the producer's own ceiling, restated. A COLD level near it means a spread has been added rather than subtracted somewhere beneath this row" }
l3_solar_interface,4063ca92ba931544;4065f1aa263f8baf;0000000000000000;405f092b6c28aaec;40504f6e091d0a27;4036186b69db65ed;403ab1ffd00464bf;40317ed703b2671b;4056a3057b94f6c8;4013ba520cc5bec4;400c62ea828e66eb;400ea76dc4eadb4a;40095453bf74e96f;40173588c07c891d;3ff4570d20639d95;40132ea9cec5f644;4014ca84611e091d;40111c08f7470a30;401ffc88372cce25;4001d6313adb5441,OutOfDomain { node: "l3_solar_interface", field: "F107_coldmean", value: 0.0, bound: 60.0, edge: Lower, unit: One, reason: "the producer's own floor, restated. On the cold scenarios it is load-bearing rather than decorative: a band wider than the sky reaches through it" }
l3_solar_interface,4063ca92ba931544;4065f1aa263f8baf;bff0000000000000;405f092b6c28aaec;40504f6e091d0a27;4036186b69db65ed;403ab1ffd00464bf;40317ed703b2671b;4056a3057b94f6c8;4013ba520cc5bec4;400c62ea828e66eb;400ea76dc4eadb4a;40095453bf74e96f;40173588c07c891d;3ff4570d20639d95;40132ea9cec5f644;4014ca84611e091d;40111c08f7470a30;401ffc88372cce25;4001d6313adb5441,OutOfDomain { node: "l3_solar_interface", field: "F107_coldmean", value: -1.0, bound: 60.0, edge: Lower, unit: One, reason: "the producer's own floor, restated. On the cold scenarios it is load-bearing rather than decorative: a band wider than the sky reaches through it" }
l3_solar_interface,4063ca92ba931544;4065f1aa263f8baf;4061a37b4ee69ed9;7ff8000000000000;40504f6e091d0a27;4036186b69db65ed;403ab1ffd00464bf;40317ed703b2671b;4056a3057b94f6c8;4013ba520cc5bec4;400c62ea828e66eb;400ea76dc4eadb4a;40095453bf74e96f;40173588c07c891d;3ff4570d20639d95;40132ea9cec5f644;4014ca84611e091d;40111c08f7470a30;401ffc88372cce25;4001d6313adb5441,Refused { node: "l3_solar_interface", reason: "an input is not a finite number" }
l3_solar_interface,4063ca92ba931544;4065f1aa263f8baf;4061a37b4ee69ed9;7ff0000000000000;40504f6e091d0a27;4036186b69db65ed;403ab1ffd00464bf;40317ed703b2671b;4056a3057b94f6c8;4013ba520cc5bec4;400c62ea828e66eb;400ea76dc4eadb4a;40095453bf74e96f;40173588c07c891d;3ff4570d20639d95;40132ea9cec5f644;4014ca84611e091d;40111c08f7470a30;401ffc88372cce25;4001d6313adb5441,Refused { node: "l3_solar_interface", reason: "an input is not a finite number" }
l3_solar_interface,4063ca92ba931544;4065f1aa263f8baf;4061a37b4ee69ed9;c26d1a94a2000000;40504f6e091d0a27;4036186b69db65ed;403ab1ffd00464bf;40317ed703b2671b;4056a3057b94f6c8;4013ba520cc5bec4;400c62ea828e66eb;400ea76dc4eadb4a;40095453bf74e96f;40173588c07c891d;3ff4570d20639d95;40132ea9cec5f644;4014ca84611e091d;40111c08f7470a30;401ffc88372cce25;4001d6313adb5441,OutOfDomain { node: "l3_solar_interface", field: "F107_hotday", value: -1000000000000.0, bound: 60.0, edge: Lower, unit: One, reason: "the producer's own floor, restated: below 60 sfu has never been observed" }
l3_solar_interface,4063ca92ba931544;4065f1aa263f8baf;4061a37b4ee69ed9;426d1a94a2000000;40504f6e091d0a27;4036186b69db65ed;403ab1ffd00464bf;40317ed703b2671b;4056a3057b94f6c8;4013ba520cc5bec4;400c62ea828e66eb;400ea76dc4eadb4a;40095453bf74e96f;40173588c07c891d;3ff4570d20639d95;40132ea9cec5f644;4014ca84611e091d;40111c08f7470a30;401ffc88372cce25;4001d6313adb5441,OutOfDomain { node: "l3_solar_interface", field: "F107_hotday", value: 1000000000000.0, bound: 400.0, edge: Upper, unit: One, reason: "the producer's own ceiling, restated. This is the member most likely to reach it — a sustained level with a daily excursion stacked on top — which is why the guard is on every member and not only the primary" }
l3_solar_interface,4063ca92ba931544;4065f1aa263f8baf;4061a37b4ee69ed9;0000000000000000;40504f6e091d0a27;4036186b69db65ed;403ab1ffd00464bf;40317ed703b2671b;4056a3057b94f6c8;4013ba520cc5bec4;400c62ea828e66eb;400ea76dc4eadb4a;40095453bf74e96f;40173588c07c891d;3ff4570d20639d95;40132ea9cec5f644;4014ca84611e091d;40111c08f7470a30;401ffc88372cce25;4001d6313adb5441,OutOfDomain { node: "l3_solar_interface", field: "F107_hotday", value: 0.0, bound: 60.0, edge: Lower, unit: One, reason: "the producer's own floor, restated: below 60 sfu has never been observed" }
l3_solar_interface,4063ca92ba931544;4065f1aa263f8baf;4061a37b4ee69ed9;bff0000000000000;40504f6e091d0a27;4036186b69db65ed;403ab1ffd00464bf;40317ed703b2671b;4056a3057b94f6c8;4013ba520cc5bec4;400c62ea828e66eb;400ea76dc4eadb4a;40095453bf74e96f;40173588c07c891d;3ff4570d20639d95;40132ea9cec5f644;4014ca84611e091d;40111c08f7470a30;401ffc88372cce25;4001d6313adb5441,OutOfDomain { node: "l3_solar_interface", field: "F107_hotday", value: -1.0, bound: 60.0, edge: Lower, unit: One, reason: "the producer's own floor, restated: below 60 sfu has never been observed" }
l3_solar_interface,4063ca92ba931544;4065f1aa263f8baf;4061a37b4ee69ed9;405f092b6c28aaec;7ff8000000000000;4036186b69db65ed;403ab1ffd00464bf;40317ed703b2671b;4056a3057b94f6c8;4013ba520cc5bec4;400c62ea828e66eb;400ea76dc4eadb4a;40095453bf74e96f;40173588c07c891d;3ff4570d20639d95;40132ea9cec5f644;4014ca84611e091d;40111c08f7470a30;401ffc88372cce25;4001d6313adb5441,Refused { node: "l3_solar_interface", reason: "an input is not a finite number" }
l3_solar_interface,4063ca92ba931544;4065f1aa263f8baf;4061a37b4ee69ed9;405f092b6c28aaec;7ff0000000000000;4036186b69db65ed;403ab1ffd00464bf;40317ed703b2671b;4056a3057b94f6c8;4013ba520cc5bec4;400c62ea828e66eb;400ea76dc4eadb4a;40095453bf74e96f;40173588c07c891d;3ff4570d20639d95;40132ea9cec5f644;4014ca84611e091d;40111c08f7470a30;401ffc88372cce25;4001d6313adb5441,Refused { node: "l3_solar_interface", reason: "an input is not a finite number" }
l3_solar_interface,4063ca92ba931544;4065f1aa263f8baf;4061a37b4ee69ed9;405f092b6c28aaec;c26d1a94a2000000;4036186b69db65ed;403ab1ffd00464bf;40317ed703b2671b;4056a3057b94f6c8;4013ba520cc5bec4;400c62ea828e66eb;400ea76dc4eadb4a;40095453bf74e96f;40173588c07c891d;3ff4570d20639d95;40132ea9cec5f644;4014ca84611e091d;40111c08f7470a30;401ffc88372cce25;4001d6313adb5441,OutOfDomain { node: "l3_solar_interface", field: "F107_coldday", value: -1000000000000.0, bound: 60.0, edge: Lower, unit: One, reason: "the producer's own floor, restated, and THIS IS THE MEMBER THAT REFUSES on the nominal case: sw_f107_cold_short reaches 38.36 sfu from a centre of 86.85, and 38 sfu has never been observed. The guard is beneath this row and fires there; this restates the same limit so a system reader sees it without opening the subsystem" }
l3_solar_interface,4063ca92ba931544;4065f1aa263f8baf;4061a37b4ee69ed9;405f092b6c28aaec;426d1a94a2000000;4036186b69db65ed;403ab1ffd00464bf;40317ed703b2671b;4056a3057b94f6c8;4013ba520cc5bec4;400c62ea828e66eb;400ea76dc4eadb4a;40095453bf74e96f;40173588c07c891d;3ff4570d20639d95;40132ea9cec5f644;4014ca84611e091d;40111c08f7470a30;401ffc88372cce25;4001d6313adb5441,OutOfDomain { node: "l3_solar_interface", field: "F107_coldday", value: 1000000000000.0, bound: 400.0, edge: Upper, unit: One, reason: "the producer's own ceiling, restated. On the QUIETEST of the five scenarios a value near it means a sign is wrong somewhere beneath this row" }
l3_solar_interface,4063ca92ba931544;4065f1aa263f8baf;4061a37b4ee69ed9;405f092b6c28aaec;0000000000000000;4036186b69db65ed;403ab1ffd00464bf;40317ed703b2671b;4056a3057b94f6c8;4013ba520cc5bec4;400c62ea828e66eb;400ea76dc4eadb4a;40095453bf74e96f;40173588c07c891d;3ff4570d20639d95;40132ea9cec5f644;4014ca84611e091d;40111c08f7470a30;401ffc88372cce25;4001d6313adb5441,OutOfDomain { node: "l3_solar_interface", field: "F107_coldday", value: 0.0, bound: 60.0, edge: Lower, unit: One, reason: "the producer's own floor, restated, and THIS IS THE MEMBER THAT REFUSES on the nominal case: sw_f107_cold_short reaches 38.36 sfu from a centre of 86.85, and 38 sfu has never been observed. The guard is beneath this row and fires there; this restates the same limit so a system reader sees it without opening the subsystem" }
l3_solar_interface,4063ca92ba931544;4065f1aa263f8baf;4061a37b4ee69ed9;405f092b6c28aaec;bff0000000000000;4036186b69db65ed;403ab1ffd00464bf;40317ed703b2671b;4056a3057b94f6c8;4013ba520cc5bec4;400c62ea828e66eb;400ea76dc4eadb4a;40095453bf74e96f;40173588c07c891d;3ff4570d20639d95;40132ea9cec5f644;4014ca84611e091d;40111c08f7470a30;401ffc88372cce25;4001d6313adb5441,OutOfDomain { node: "l3_solar_interface", field: "F107_coldday", value: -1.0, bound: 60.0, edge: Lower, unit: One, reason: "the producer's own floor, restated, and THIS IS THE MEMBER THAT REFUSES on the nominal case: sw_f107_cold_short reaches 38.36 sfu from a centre of 86.85, and 38 sfu has never been observed. The guard is beneath this row and fires there; this restates the same limit so a system reader sees it without opening the subsystem" }
l3_solar_interface,4063ca92ba931544;4065f1aa263f8baf;4061a37b4ee69ed9;405f092b6c28aaec;40504f6e091d0a27;7ff8000000000000;403ab1ffd00464bf;40317ed703b2671b;4056a3057b94f6c8;4013ba520cc5bec4;400c62ea828e66eb;400ea76dc4eadb4a;40095453bf74e96f;40173588c07c891d;3ff4570d20639d95;40132ea9cec5f644;4014ca84611e091d;40111c08f7470a30;401ffc88372cce25;4001d6313adb5441,Refused { node: "l3_solar_interface", reason: "an input is not a finite number" }
l3_solar_interface,4063ca92ba931544;4065f1aa263f8baf;4061a37b4ee69ed9;405f092b6c28aaec;40504f6e091d0a27;7ff0000000000000;403ab1ffd00464bf;40317ed703b2671b;4056a3057b94f6c8;4013ba520cc5bec4;400c62ea828e66eb;400ea76dc4eadb4a;40095453bf74e96f;40173588c07c891d;3ff4570d20639d95;40132ea9cec5f644;4014ca84611e091d;40111c08f7470a30;401ffc88372cce25;4001d6313adb5441,Refused { node: "l3_solar_interface", reason: "an input is not a finite number" }
l3_solar_interface,4063ca92ba931544;4065f1aa263f8baf;4061a37b4ee69ed9;405f092b6c28aaec;40504f6e091d0a27;c26d1a94a2000000;403ab1ffd00464bf;40317ed703b2671b;4056a3057b94f6c8;4013ba520cc5bec4;400c62ea828e66eb;400ea76dc4eadb4a;40095453bf74e96f;40173588c07c891d;3ff4570d20639d95;40132ea9cec5f644;4014ca84611e091d;40111c08f7470a30;401ffc88372cce25;4001d6313adb5441,OutOfDomain { node: "l3_solar_interface", field: "Ap_nominal", value: -1000000000000.0, bound: 0.0, edge: Lower, unit: One, reason: "Ap floors at zero — a perfectly quiet day is Ap 0 — and there is nothing below it" }
l3_solar_interface,4063ca92ba931544;4065f1aa263f8baf;4061a37b4ee69ed9;405f092b6c28aaec;40504f6e091d0a27;426d1a94a2000000;403ab1ffd00464bf;40317ed703b2671b;4056a3057b94f6c8;4013ba520cc5bec4;400c62ea828e66eb;400ea76dc4eadb4a;40095453bf74e96f;40173588c07c891d;3ff4570d20639d95;40132ea9cec5f644;4014ca84611e091d;40111c08f7470a30;401ffc88372cce25;4001d6313adb5441,OutOfDomain { node: "l3_solar_interface", field: "Ap_nominal", value: 1000000000000.0, bound: 400.0, edge: Upper, unit: One, reason: "400 is the top of the Ap index itself; a value above it is not a geomagnetic index at all" }
l3_solar_interface,4063ca92ba931544;4065f1aa263f8baf;4061a37b4ee69ed9;405f092b6c28aaec;40504f6e091d0a27;0000000000000000;403ab1ffd00464bf;40317ed703b2671b;4056a3057b94f6c8;4013ba520cc5bec4;400c62ea828e66eb;400ea76dc4eadb4a;40095453bf74e96f;40173588c07c891d;3ff4570d20639d95;40132ea9cec5f644;4014ca84611e091d;40111c08f7470a30;401ffc88372cce25;4001d6313adb5441,4065f1aa263f8baf;4063ca92ba931544;4061a37b4ee69ed9;405f092b6c28aaec;40504f6e091d0a27;4063ca92ba931544;4065f1aa263f8baf;4061a37b4ee69ed9;4065f1aa263f8baf;4061a37b4ee69ed9;0000000000000000;403ab1ffd00464bf;40317ed703b2671b;4056a3057b94f6c8;4013ba520cc5bec4;400c62ea828e66eb;400ea76dc4eadb4a;40095453bf74e96f;40173588c07c891d;3ff4570d20639d95;40132ea9cec5f644;4014ca84611e091d;40111c08f7470a30;401ffc88372cce25;4001d6313adb5441
l3_solar_interface,4063ca92ba931544;4065f1aa263f8baf;4061a37b4ee69ed9;405f092b6c28aaec;40504f6e091d0a27;bff0000000000000;403ab1ffd00464bf;40317ed703b2671b;4056a3057b94f6c8;4013ba520cc5bec4;400c62ea828e66eb;400ea76dc4eadb4a;40095453bf74e96f;40173588c07c891d;3ff4570d20639d95;40132ea9cec5f644;4014ca84611e091d;40111c08f7470a30;401ffc88372cce25;4001d6313adb5441,OutOfDomain { node: "l3_solar_interface", field: "Ap_nominal", value: -1.0, bound: 0.0, edge: Lower, unit: One, reason: "Ap floors at zero — a perfectly quiet day is Ap 0 — and there is nothing below it" }
l3_solar_interface,4063ca92ba931544;4065f1aa263f8baf;4061a37b4ee69ed9;405f092b6c28aaec;40504f6e091d0a27;4036186b69db65ed;7ff8000000000000;40317ed703b2671b;4056a3057b94f6c8;4013ba520cc5bec4;400c62ea828e66eb;400ea76dc4eadb4a;40095453bf74e96f;40173588c07c891d;3ff4570d20639d95;40132ea9cec5f644;4014ca84611e091d;40111c08f7470a30;401ffc88372cce25;4001d6313adb5441,Refused { node: "l3_solar_interface", reason: "an input is not a finite number" }
l3_solar_interface,4063ca92ba931544;4065f1aa263f8baf;4061a37b4ee69ed9;405f092b6c28aaec;40504f6e091d0a27;4036186b69db65ed;7ff0000000000000;40317ed703b2671b;4056a3057b94f6c8;4013ba520cc5bec4;400c62ea828e66eb;400ea76dc4eadb4a;40095453bf74e96f;40173588c07c891d;3ff4570d20639d95;40132ea9cec5f644;4014ca84611e091d;40111c08f7470a30;401ffc88372cce25;4001d6313adb5441,Refused { node: "l3_solar_interface", reason: "an input is not a finite number" }
l3_solar_interface,4063ca92ba931544;4065f1aa263f8baf;4061a37b4ee69ed9;405f092b6c28aaec;40504f6e091d0a27;4036186b69db65ed;c26d1a94a2000000;40317ed703b2671b;4056a3057b94f6c8;4013ba520cc5bec4;400c62ea828e66eb;400ea76dc4eadb4a;40095453bf74e96f;40173588c07c891d;3ff4570d20639d95;40132ea9cec5f644;4014ca84611e091d;40111c08f7470a30;401ffc88372cce25;4001d6313adb5441,OutOfDomain { node: "l3_solar_interface", field: "Ap_hotmean", value: -1000000000000.0, bound: 0.0, edge: Lower, unit: One, reason: "Ap floors at zero, so a sustained level below it means a spread has been subtracted rather than added beneath this row" }
l3_solar_interface,4063ca92ba931544;4065f1aa263f8baf;4061a37b4ee69ed9;405f092b6c28aaec;40504f6e091d0a27;4036186b69db65ed;426d1a94a2000000;40317ed703b2671b;4056a3057b94f6c8;4013ba520cc5bec4;400c62ea828e66eb;400ea76dc4eadb4a;40095453bf74e96f;40173588c07c891d;3ff4570d20639d95;40132ea9cec5f644;4014ca84611e091d;40111c08f7470a30;401ffc88372cce25;4001d6313adb5441,OutOfDomain { node: "l3_solar_interface", field: "Ap_hotmean", value: 1000000000000.0, bound: 400.0, edge: Upper, unit: One, reason: "400 is the top of the Ap index itself" }
l3_solar_interface,4063ca92ba931544;4065f1aa263f8baf;4061a37b4ee69ed9;405f092b6c28aaec;40504f6e091d0a27;4036186b69db65ed;0000000000000000;40317ed703b2671b;4056a3057b94f6c8;4013ba520cc5bec4;400c62ea828e66eb;400ea76dc4eadb4a;40095453bf74e96f;40173588c07c891d;3ff4570d20639d95;40132ea9cec5f644;4014ca84611e091d;40111c08f7470a30;401ffc88372cce25;4001d6313adb5441,4065f1aa263f8baf;4063ca92ba931544;4061a37b4ee69ed9;405f092b6c28aaec;40504f6e091d0a27;4063ca92ba931544;4065f1aa263f8baf;4061a37b4ee69ed9;4065f1aa263f8baf;4061a37b4ee69ed9;4036186b69db65ed;0000000000000000;40317ed703b2671b;4056a3057b94f6c8;4013ba520cc5bec4;400c62ea828e66eb;400ea76dc4eadb4a;40095453bf74e96f;40173588c07c891d;3ff4570d20639d95;40132ea9cec5f644;4014ca84611e091d;40111c08f7470a30;401ffc88372cce25;4001d6313adb5441
l3_solar_interface,4063ca92ba931544;4065f1aa263f8baf;4061a37b4ee69ed9;405f092b6c28aaec;40504f6e091d0a27;4036186b69db65ed;bff0000000000000;40317ed703b2671b;4056a3057b94f6c8;4013ba520cc5bec4;400c62ea828e66eb;400ea76dc4eadb4a;40095453bf74e96f;40173588c07c891d;3ff4570d20639d95;40132ea9cec5f644;4014ca84611e091d;40111c08f7470a30;401ffc88372cce25;4001d6313adb5441,OutOfDomain { node: "l3_solar_interface", field: "Ap_hotmean", value: -1.0, bound: 0.0, edge: Lower, unit: One, reason: "Ap floors at zero, so a sustained level below it means a spread has been subtracted rather than added beneath this row" }
l3_solar_interface,4063ca92ba931544;4065f1aa263f8baf;4061a37b4ee69ed9;405f092b6c28aaec;40504f6e091d0a27;4036186b69db65ed;403ab1ffd00464bf;7ff8000000000000;4056a3057b94f6c8;4013ba520cc5bec4;400c62ea828e66eb;400ea76dc4eadb4a;40095453bf74e96f;40173588c07c891d;3ff4570d20639d95;40132ea9cec5f644;4014ca84611e091d;40111c08f7470a30;401ffc88372cce25;4001d6313adb5441,Refused { node: "l3_solar_interface", reason: "an input is not a finite number" }
l3_solar_interface,4063ca92ba931544;4065f1aa263f8baf;4061a37b4ee69ed9;405f092b6c28aaec;40504f6e091d0a27;4036186b69db65ed;403ab1ffd00464bf;7ff0000000000000;4056a3057b94f6c8;4013ba520cc5bec4;400c62ea828e66eb;400ea76dc4eadb4a;40095453bf74e96f;40173588c07c891d;3ff4570d20639d95;40132ea9cec5f644;4014ca84611e091d;40111c08f7470a30;401ffc88372cce25;4001d6313adb5441,Refused { node: "l3_solar_interface", reason: "an input is not a finite number" }
l3_solar_interface,4063ca92ba931544;4065f1aa263f8baf;4061a37b4ee69ed9;405f092b6c28aaec;40504f6e091d0a27;4036186b69db65ed;403ab1ffd00464bf;c26d1a94a2000000;4056a3057b94f6c8;4013ba520cc5bec4;400c62ea828e66eb;400ea76dc4eadb4a;40095453bf74e96f;40173588c07c891d;3ff4570d20639d95;40132ea9cec5f644;4014ca84611e091d;40111c08f7470a30;401ffc88372cce25;4001d6313adb5441,OutOfDomain { node: "l3_solar_interface", field: "Ap_coldmean", value: -1000000000000.0, bound: 0.0, edge: Lower, unit: One, reason: "Ap floors at zero. On the quiet scenarios the floor is close: the producer's band subtracted from a centre below about 4.6 reaches through it" }
l3_solar_interface,4063ca92ba931544;4065f1aa263f8baf;4061a37b4ee69ed9;405f092b6c28aaec;40504f6e091d0a27;4036186b69db65ed;403ab1ffd00464bf;426d1a94a2000000;4056a3057b94f6c8;4013ba520cc5bec4;400c62ea828e66eb;400ea76dc4eadb4a;40095453bf74e96f;40173588c07c891d;3ff4570d20639d95;40132ea9cec5f644;4014ca84611e091d;40111c08f7470a30;401ffc88372cce25;4001d6313adb5441,OutOfDomain { node: "l3_solar_interface", field: "Ap_coldmean", value: 1000000000000.0, bound: 400.0, edge: Upper, unit: One, reason: "400 is the top of the Ap index itself" }
l3_solar_interface,4063ca92ba931544;4065f1aa263f8baf;4061a37b4ee69ed9;405f092b6c28aaec;40504f6e091d0a27;4036186b69db65ed;403ab1ffd00464bf;0000000000000000;4056a3057b94f6c8;4013ba520cc5bec4;400c62ea828e66eb;400ea76dc4eadb4a;40095453bf74e96f;40173588c07c891d;3ff4570d20639d95;40132ea9cec5f644;4014ca84611e091d;40111c08f7470a30;401ffc88372cce25;4001d6313adb5441,4065f1aa263f8baf;4063ca92ba931544;4061a37b4ee69ed9;405f092b6c28aaec;40504f6e091d0a27;4063ca92ba931544;4065f1aa263f8baf;4061a37b4ee69ed9;4065f1aa263f8baf;4061a37b4ee69ed9;4036186b69db65ed;403ab1ffd00464bf;0000000000000000;4056a3057b94f6c8;4013ba520cc5bec4;400c62ea828e66eb;400ea76dc4eadb4a;40095453bf74e96f;40173588c07c891d;3ff4570d20639d95;40132ea9cec5f644;4014ca84611e091d;40111c08f7470a30;401ffc88372cce25;4001d6313adb5441
l3_solar_interface,4063ca92ba931544;4065f1aa263f8baf;4061a37b4ee69ed9;405f092b6c28aaec;40504f6e091d0a27;4036186b69db65ed;403ab1ffd00464bf;bff0000000000000;4056a3057b94f6c8;4013ba520cc5bec4;400c62ea828e66eb;400ea76dc4eadb4a;40095453bf74e96f;40173588c07c891d;3ff4570d20639d95;40132ea9cec5f644;4014ca84611e091d;40111c08f7470a30;401ffc88372cce25;4001d6313adb5441,OutOfDomain { node: "l3_solar_interface", field: "Ap_coldmean", value: -1.0, bound: 0.0, edge: Lower, unit: One, reason: "Ap floors at zero. On the quiet scenarios the floor is close: the producer's band subtracted from a centre below about 4.6 reaches through it" }
l3_solar_interface,4063ca92ba931544;4065f1aa263f8baf;4061a37b4ee69ed9;405f092b6c28aaec;40504f6e091d0a27;4036186b69db65ed;403ab1ffd00464bf;40317ed703b2671b;7ff8000000000000;4013ba520cc5bec4;400c62ea828e66eb;400ea76dc4eadb4a;40095453bf74e96f;40173588c07c891d;3ff4570d20639d95;40132ea9cec5f644;4014ca84611e091d;40111c08f7470a30;401ffc88372cce25;4001d6313adb5441,Refused { node: "l3_solar_interface", reason: "an input is not a finite number" }
l3_solar_interface,4063ca92ba931544;4065f1aa263f8baf;4061a37b4ee69ed9;405f092b6c28aaec;40504f6e091d0a27;4036186b69db65ed;403ab1ffd00464bf;40317ed703b2671b;7ff0000000000000;4013ba520cc5bec4;400c62ea828e66eb;400ea76dc4eadb4a;40095453bf74e96f;40173588c07c891d;3ff4570d20639d95;40132ea9cec5f644;4014ca84611e091d;40111c08f7470a30;401ffc88372cce25;4001d6313adb5441,Refused { node: "l3_solar_interface", reason: "an input is not a finite number" }
l3_solar_interface,4063ca92ba931544;4065f1aa263f8baf;4061a37b4ee69ed9;405f092b6c28aaec;40504f6e091d0a27;4036186b69db65ed;403ab1ffd00464bf;40317ed703b2671b;c26d1a94a2000000;4013ba520cc5bec4;400c62ea828e66eb;400ea76dc4eadb4a;40095453bf74e96f;40173588c07c891d;3ff4570d20639d95;40132ea9cec5f644;4014ca84611e091d;40111c08f7470a30;401ffc88372cce25;4001d6313adb5441,OutOfDomain { node: "l3_solar_interface", field: "Ap_hotday", value: -1000000000000.0, bound: 0.0, edge: Lower, unit: One, reason: "Ap floors at zero" }
l3_solar_interface,4063ca92ba931544;4065f1aa263f8baf;4061a37b4ee69ed9;405f092b6c28aaec;40504f6e091d0a27;4036186b69db65ed;403ab1ffd00464bf;40317ed703b2671b;426d1a94a2000000;4013ba520cc5bec4;400c62ea828e66eb;400ea76dc4eadb4a;40095453bf74e96f;40173588c07c891d;3ff4570d20639d95;40132ea9cec5f644;4014ca84611e091d;40111c08f7470a30;401ffc88372cce25;4001d6313adb5441,OutOfDomain { node: "l3_solar_interface", field: "Ap_hotday", value: 1000000000000.0, bound: 400.0, edge: Upper, unit: One, reason: "400 is the top of the Ap index itself, and this member — a sustained level with a daily excursion stacked on top — is the one in the set most likely to reach for it" }
l3_solar_interface,4063ca92ba931544;4065f1aa263f8baf;4061a37b4ee69ed9;405f092b6c28aaec;40504f6e091d0a27;4036186b69db65ed;403ab1ffd00464bf;40317ed703b2671b;0000000000000000;4013ba520cc5bec4;400c62ea828e66eb;400ea76dc4eadb4a;40095453bf74e96f;40173588c07c891d;3ff4570d20639d95;40132ea9cec5f644;4014ca84611e091d;40111c08f7470a30;401ffc88372cce25;4001d6313adb5441,4065f1aa263f8baf;4063ca92ba931544;4061a37b4ee69ed9;405f092b6c28aaec;40504f6e091d0a27;4063ca92ba931544;4065f1aa263f8baf;4061a37b4ee69ed9;4065f1aa263f8baf;4061a37b4ee69ed9;4036186b69db65ed;403ab1ffd00464bf;40317ed703b2671b;0000000000000000;4013ba520cc5bec4;400c62ea828e66eb;400ea76dc4eadb4a;40095453bf74e96f;40173588c07c891d;3ff4570d20639d95;40132ea9cec5f644;4014ca84611e091d;40111c08f7470a30;401ffc88372cce25;4001d6313adb5441
l3_solar_interface,4063ca92ba931544;4065f1aa263f8baf;4061a37b4ee69ed9;405f092b6c28aaec;40504f6e091d0a27;4036186b69db65ed;403ab1ffd00464bf;40317ed703b2671b;bff0000000000000;4013ba520cc5bec4;400c62ea828e66eb;400ea76dc4eadb4a;40095453bf74e96f;40173588c07c891d;3ff4570d20639d95;40132ea9cec5f644;4014ca84611e091d;40111c08f7470a30;401ffc88372cce25;4001d6313adb5441,OutOfDomain { node: "l3_solar_interface", field: "Ap_hotday", value: -1.0, bound: 0.0, edge: Lower, unit: One, reason: "Ap floors at zero" }
l3_solar_interface,4063ca92ba931544;4065f1aa263f8baf;4061a37b4ee69ed9;405f092b6c28aaec;40504f6e091d0a27;4036186b69db65ed;403ab1ffd00464bf;40317ed703b2671b;4056a3057b94f6c8;7ff8000000000000;400c62ea828e66eb;400ea76dc4eadb4a;40095453bf74e96f;40173588c07c891d;3ff4570d20639d95;40132ea9cec5f644;4014ca84611e091d;40111c08f7470a30;401ffc88372cce25;4001d6313adb5441,Refused { node: "l3_solar_interface", reason: "an input is not a finite number" }
l3_solar_interface,4063ca92ba931544;4065f1aa263f8baf;4061a37b4ee69ed9;405f092b6c28aaec;40504f6e091d0a27;4036186b69db65ed;403ab1ffd00464bf;40317ed703b2671b;4056a3057b94f6c8;7ff0000000000000;400c62ea828e66eb;400ea76dc4eadb4a;40095453bf74e96f;40173588c07c891d;3ff4570d20639d95;40132ea9cec5f644;4014ca84611e091d;40111c08f7470a30;401ffc88372cce25;4001d6313adb5441,Refused { node: "l3_solar_interface", reason: "an input is not a finite number" }
l3_solar_interface,4063ca92ba931544;4065f1aa263f8baf;4061a37b4ee69ed9;405f092b6c28aaec;40504f6e091d0a27;4036186b69db65ed;403ab1ffd00464bf;40317ed703b2671b;4056a3057b94f6c8;c26d1a94a2000000;400c62ea828e66eb;400ea76dc4eadb4a;40095453bf74e96f;40173588c07c891d;3ff4570d20639d95;40132ea9cec5f644;4014ca84611e091d;40111c08f7470a30;401ffc88372cce25;4001d6313adb5441,OutOfDomain { node: "l3_solar_interface", field: "Ap_coldday", value: -1000000000000.0, bound: 0.0, edge: Lower, unit: One, reason: "Ap floors at zero, and this is the member in the whole subsystem closest to a declared bound: at the declared window it crosses at 6.91, seven units clear. Its producer's own sheet says a centre below 15.2 would put it through the floor" }
l3_solar_interface,4063ca92ba931544;4065f1aa263f8baf;4061a37b4ee69ed9;405f092b6c28aaec;40504f6e091d0a27;4036186b69db65ed;403ab1ffd00464bf;40317ed703b2671b;4056a3057b94f6c8;426d1a94a2000000;400c62ea828e66eb;400ea76dc4eadb4a;40095453bf74e96f;40173588c07c891d;3ff4570d20639d95;40132ea9cec5f644;4014ca84611e091d;40111c08f7470a30;401ffc88372cce25;4001d6313adb5441,OutOfDomain { node: "l3_solar_interface", field: "Ap_coldday", value: 1000000000000.0, bound: 400.0, edge: Upper, unit: One, reason: "400 is the top of the Ap index itself. On the QUIETEST scenario a value anywhere near it means a sign is wrong beneath this row" }
l3_solar_interface,4063ca92ba931544;4065f1aa263f8baf;4061a37b4ee69ed9;405f092b6c28aaec;40504f6e091d0a27;4036186b69db65ed;403ab1ffd00464bf;40317ed703b2671b;4056a3057b94f6c8;0000000000000000;400c62ea828e66eb;400ea76dc4eadb4a;40095453bf74e96f;40173588c07c891d;3ff4570d20639d95;40132ea9cec5f644;4014ca84611e091d;40111c08f7470a30;401ffc88372cce25;4001d6313adb5441,4065f1aa263f8baf;4063ca92ba931544;4061a37b4ee69ed9;405f092b6c28aaec;40504f6e091d0a27;4063ca92ba931544;4065f1aa263f8baf;4061a37b4ee69ed9;4065f1aa263f8baf;4061a37b4ee69ed9;4036186b69db65ed;403ab1ffd00464bf;40317ed703b2671b;4056a3057b94f6c8;0000000000000000;400c62ea828e66eb;400ea76dc4eadb4a;40095453bf74e96f;40173588c07c891d;3ff4570d20639d95;40132ea9cec5f644;4014ca84611e091d;40111c08f7470a30;401ffc88372cce25;4001d6313adb5441
l3_solar_interface,4063ca92ba931544;4065f1aa263f8baf;4061a37b4ee69ed9;405f092b6c28aaec;40504f6e091d0a27;4036186b69db65ed;403ab1ffd00464bf;40317ed703b2671b;4056a3057b94f6c8;bff0000000000000;400c62ea828e66eb;400ea76dc4eadb4a;40095453bf74e96f;40173588c07c891d;3ff4570d20639d95;40132ea9cec5f644;4014ca84611e091d;40111c08f7470a30;401ffc88372cce25;4001d6313adb5441,OutOfDomain { node: "l3_solar_interface", field: "Ap_coldday", value: -1.0, bound: 0.0, edge: Lower, unit: One, reason: "Ap floors at zero, and this is the member in the whole subsystem closest to a declared bound: at the declared window it crosses at 6.91, seven units clear. Its producer's own sheet says a centre below 15.2 would put it through the floor" }
l3_solar_interface,4063ca92ba931544;4065f1aa263f8baf;4061a37b4ee69ed9;405f092b6c28aaec;40504f6e091d0a27;4036186b69db65ed;403ab1ffd00464bf;40317ed703b2671b;4056a3057b94f6c8;4013ba520cc5bec4;7ff8000000000000;400ea76dc4eadb4a;40095453bf74e96f;40173588c07c891d;3ff4570d20639d95;40132ea9cec5f644;4014ca84611e091d;40111c08f7470a30;401ffc88372cce25;4001d6313adb5441,Refused { node: "l3_solar_interface", reason: "an input is not a finite number" }
l3_solar_interface,4063ca92ba931544;4065f1aa263f8baf;4061a37b4ee69ed9;405f092b6c28aaec;40504f6e091d0a27;4036186b69db65ed;403ab1ffd00464bf;40317ed703b2671b;4056a3057b94f6c8;4013ba520cc5bec4;7ff0000000000000;400ea76dc4eadb4a;40095453bf74e96f;40173588c07c891d;3ff4570d20639d95;40132ea9cec5f644;4014ca84611e091d;40111c08f7470a30;401ffc88372cce25;4001d6313adb5441,Refused { node: "l3_solar_interface", reason: "an input is not a finite number" }
l3_solar_interface,4063ca92ba931544;4065f1aa263f8baf;4061a37b4ee69ed9;405f092b6c28aaec;40504f6e091d0a27;4036186b69db65ed;403ab1ffd00464bf;40317ed703b2671b;4056a3057b94f6c8;4013ba520cc5bec4;c26d1a94a2000000;400ea76dc4eadb4a;40095453bf74e96f;40173588c07c891d;3ff4570d20639d95;40132ea9cec5f644;4014ca84611e091d;40111c08f7470a30;401ffc88372cce25;4001d6313adb5441,OutOfDomain { node: "l3_solar_interface", field: "Kp_mean_nominal", value: -1000000000000.0, bound: 0.0, edge: Lower, unit: One, reason: "Kp is defined on 0 to 9 and the scale's first point is Kp 0 at ap 0; a negative index is a sign error, not a quiet sky" }
l3_solar_interface,4063ca92ba931544;4065f1aa263f8baf;4061a37b4ee69ed9;405f092b6c28aaec;40504f6e091d0a27;4036186b69db65ed;403ab1ffd00464bf;40317ed703b2671b;4056a3057b94f6c8;4013ba520cc5bec4;426d1a94a2000000;400ea76dc4eadb4a;40095453bf74e96f;40173588c07c891d;3ff4570d20639d95;40132ea9cec5f644;4014ca84611e091d;40111c08f7470a30;401ffc88372cce25;4001d6313adb5441,OutOfDomain { node: "l3_solar_interface", field: "Kp_mean_nominal", value: 1000000000000.0, bound: 9.0, edge: Upper, unit: One, reason: "Kp is defined on 0 to 9 and the scale's last point is Kp 9 at ap 400" }
l3_solar_interface,4063ca92ba931544;4065f1aa263f8baf;4061a37b4ee69ed9;405f092b6c28aaec;40504f6e091d0a27;4036186b69db65ed;403ab1ffd00464bf;40317ed703b2671b;4056a3057b94f6c8;4013ba520cc5bec4;0000000000000000;400ea76dc4eadb4a;40095453bf74e96f;40173588c07c891d;3ff4570d20639d95;40132ea9cec5f644;4014ca84611e091d;40111c08f7470a30;401ffc88372cce25;4001d6313adb5441,4065f1aa263f8baf;4063ca92ba931544;4061a37b4ee69ed9;405f092b6c28aaec;40504f6e091d0a27;4063ca92ba931544;4065f1aa263f8baf;4061a37b4ee69ed9;4065f1aa263f8baf;4061a37b4ee69ed9;4036186b69db65ed;403ab1ffd00464bf;40317ed703b2671b;4056a3057b94f6c8;4013ba520cc5bec4;0000000000000000;400ea76dc4eadb4a;40095453bf74e96f;40173588c07c891d;3ff4570d20639d95;40132ea9cec5f644;4014ca84611e091d;40111c08f7470a30;401ffc88372cce25;4001d6313adb5441
l3_solar_interface,4063ca92ba931544;4065f1aa263f8baf;4061a37b4ee69ed9;405f092b6c28aaec;40504f6e091d0a27;4036186b69db65ed;403ab1ffd00464bf;40317ed703b2671b;4056a3057b94f6c8;4013ba520cc5bec4;bff0000000000000;400ea76dc4eadb4a;40095453bf74e96f;40173588c07c891d;3ff4570d20639d95;40132ea9cec5f644;4014ca84611e091d;40111c08f7470a30;401ffc88372cce25;4001d6313adb5441,OutOfDomain { node: "l3_solar_interface", field: "Kp_mean_nominal", value: -1.0, bound: 0.0, edge: Lower, unit: One, reason: "Kp is defined on 0 to 9 and the scale's first point is Kp 0 at ap 0; a negative index is a sign error, not a quiet sky" }
l3_solar_interface,4063ca92ba931544;4065f1aa263f8baf;4061a37b4ee69ed9;405f092b6c28aaec;40504f6e091d0a27;4036186b69db65ed;403ab1ffd00464bf;40317ed703b2671b;4056a3057b94f6c8;4013ba520cc5bec4;400c62ea828e66eb;7ff8000000000000;40095453bf74e96f;40173588c07c891d;3ff4570d20639d95;40132ea9cec5f644;4014ca84611e091d;40111c08f7470a30;401ffc88372cce25;4001d6313adb5441,Refused { node: "l3_solar_interface", reason: "an input is not a finite number" }
l3_solar_interface,4063ca92ba931544;4065f1aa263f8baf;4061a37b4ee69ed9;405f092b6c28aaec;40504f6e091d0a27;4036186b69db65ed;403ab1ffd00464bf;40317ed703b2671b;4056a3057b94f6c8;4013ba520cc5bec4;400c62ea828e66eb;7ff0000000000000;40095453bf74e96f;40173588c07c891d;3ff4570d20639d95;40132ea9cec5f644;4014ca84611e091d;40111c08f7470a30;401ffc88372cce25;4001d6313adb5441,Refused { node: "l3_solar_interface", reason: "an input is not a finite number" }
l3_solar_interface,4063ca92ba931544;4065f1aa263f8baf;4061a37b4ee69ed9;405f092b6c28aaec;40504f6e091d0a27;4036186b69db65ed;403ab1ffd00464bf;40317ed703b2671b;4056a3057b94f6c8;4013ba520cc5bec4;400c62ea828e66eb;c26d1a94a2000000;40095453bf74e96f;40173588c07c891d;3ff4570d20639d95;40132ea9cec5f644;4014ca84611e091d;40111c08f7470a30;401ffc88372cce25;4001d6313adb5441,OutOfDomain { node: "l3_solar_interface", field: "Kp_mean_hotmean", value: -1000000000000.0, bound: 0.0, edge: Lower, unit: One, reason: "Kp is defined on 0 to 9 and the scale's first point is Kp 0 at ap 0; a negative index is a sign error, not a quiet sky" }
l3_solar_interface,4063ca92ba931544;4065f1aa263f8baf;4061a37b4ee69ed9;405f092b6c28aaec;40504f6e091d0a27;4036186b69db65ed;403ab1ffd00464bf;40317ed703b2671b;4056a3057b94f6c8;4013ba520cc5bec4;400c62ea828e66eb;426d1a94a2000000;40095453bf74e96f;40173588c07c891d;3ff4570d20639d95;40132ea9cec5f644;4014ca84611e091d;40111c08f7470a30;401ffc88372cce25;4001d6313adb5441,OutOfDomain { node: "l3_solar_interface", field: "Kp_mean_hotmean", value: 1000000000000.0, bound: 9.0, edge: Upper, unit: One, reason: "Kp is defined on 0 to 9 and the scale's last point is Kp 9 at ap 400" }
l3_solar_interface,4063ca92ba931544;4065f1aa263f8baf;4061a37b4ee69ed9;405f092b6c28aaec;40504f6e091d0a27;4036186b69db65ed;403ab1ffd00464bf;40317ed703b2671b;4056a3057b94f6c8;4013ba520cc5bec4;400c62ea828e66eb;0000000000000000;40095453bf74e96f;40173588c07c891d;3ff4570d20639d95;40132ea9cec5f644;4014ca84611e091d;40111c08f7470a30;401ffc88372cce25;4001d6313adb5441,4065f1aa263f8baf;4063ca92ba931544;4061a37b4ee69ed9;405f092b6c28aaec;40504f6e091d0a27;4063ca92ba931544;4065f1aa263f8baf;4061a37b4ee69ed9;4065f1aa263f8baf;4061a37b4ee69ed9;4036186b69db65ed;403ab1ffd00464bf;40317ed703b2671b;4056a3057b94f6c8;4013ba520cc5bec4;400c62ea828e66eb;0000000000000000;40095453bf74e96f;40173588c07c891d;3ff4570d20639d95;40132ea9cec5f644;4014ca84611e091d;40111c08f7470a30;401ffc88372cce25;4001d6313adb5441
l3_solar_interface,4063ca92ba931544;4065f1aa263f8baf;4061a37b4ee69ed9;405f092b6c28aaec;40504f6e091d0a27;4036186b69db65ed;403ab1ffd00464bf;40317ed703b2671b;4056a3057b94f6c8;4013ba520cc5bec4;400c62ea828e66eb;bff0000000000000;40095453bf74e96f;40173588c07c891d;3ff4570d20639d95;40132ea9cec5f644;4014ca84611e091d;40111c08f7470a30;401ffc88372cce25;4001d6313adb5441,OutOfDomain { node: "l3_solar_interface", field: "Kp_mean_hotmean", value: -1.0, bound: 0.0, edge: Lower, unit: One, reason: "Kp is defined on 0 to 9 and the scale's first point is Kp 0 at ap 0; a negative index is a sign error, not a quiet sky" }
l3_solar_interface,4063ca92ba931544;4065f1aa263f8baf;4061a37b4ee69ed9;405f092b6c28aaec;40504f6e091d0a27;4036186b69db65ed;403ab1ffd00464bf;40317ed703b2671b;4056a3057b94f6c8;4013ba520cc5bec4;400c62ea828e66eb;400ea76dc4eadb4a;7ff8000000000000;40173588c07c891d;3ff4570d20639d95;40132ea9cec5f644;4014ca84611e091d;40111c08f7470a30;401ffc88372cce25;4001d6313adb5441,Refused { node: "l3_solar_interface", reason: "an input is not a finite number" }
l3_solar_interface,4063ca92ba931544;4065f1aa263f8baf;4061a37b4ee69ed9;405f092b6c28aaec;40504f6e091d0a27;4036186b69db65ed;403ab1ffd00464bf;40317ed703b2671b;4056a3057b94f6c8;4013ba520cc5bec4;400c62ea828e66eb;400ea76dc4eadb4a;7ff0000000000000;40173588c07c891d;3ff4570d20639d95;40132ea9cec5f644;4014ca84611e091d;40111c08f7470a30;401ffc88372cce25;4001d6313adb5441,Refused { node: "l3_solar_interface", reason: "an input is not a finite number" }
l3_solar_interface,4063ca92ba931544;4065f1aa263f8baf;4061a37b4ee69ed9;405f092b6c28aaec;40504f6e091d0a27;4036186b69db65ed;403ab1ffd00464bf;40317ed703b2671b;4056a3057b94f6c8;4013ba520cc5bec4;400c62ea828e66eb;400ea76dc4eadb4a;c26d1a94a2000000;40173588c07c891d;3ff4570d20639d95;40132ea9cec5f644;4014ca84611e091d;40111c08f7470a30;401ffc88372cce25;4001d6313adb5441,OutOfDomain { node: "l3_solar_interface", field: "Kp_mean_coldmean", value: -1000000000000.0, bound: 0.0, edge: Lower, unit: One, reason: "Kp is defined on 0 to 9 and the scale's first point is Kp 0 at ap 0; a negative index is a sign error, not a quiet sky" }
l3_solar_interface,4063ca92ba931544;4065f1aa263f8baf;4061a37b4ee69ed9;405f092b6c28aaec;40504f6e091d0a27;4036186b69db65ed;403ab1ffd00464bf;40317ed703b2671b;4056a3057b94f6c8;4013ba520cc5bec4;400c62ea828e66eb;400ea76dc4eadb4a;426d1a94a2000000;40173588c07c891d;3ff4570d20639d95;40132ea9cec5f644;4014ca84611e091d;40111c08f7470a30;401ffc88372cce25;4001d6313adb5441,OutOfDomain { node: "l3_solar_interface", field: "Kp_mean_coldmean", value: 1000000000000.0, bound: 9.0, edge: Upper, unit: One, reason: "Kp is defined on 0 to 9 and the scale's last point is Kp 9 at ap 400" }
l3_solar_interface,4063ca92ba931544;4065f1aa263f8baf;4061a37b4ee69ed9;405f092b6c28aaec;40504f6e091d0a27;4036186b69db65ed;403ab1ffd00464bf;40317ed703b2671b;4056a3057b94f6c8;4013ba520cc5bec4;400c62ea828e66eb;400ea76dc4eadb4a;0000000000000000;40173588c07c891d;3ff4570d20639d95;40132ea9cec5f644;4014ca84611e091d;40111c08f7470a30;401ffc88372cce25;4001d6313adb5441,4065f1aa263f8baf;4063ca92ba931544;4061a37b4ee69ed9;405f092b6c28aaec;40504f6e091d0a27;4063ca92ba931544;4065f1aa263f8baf;4061a37b4ee69ed9;4065f1aa263f8baf;4061a37b4ee69ed9;4036186b69db65ed;403ab1ffd00464bf;40317ed703b2671b;4056a3057b94f6c8;4013ba520cc5bec4;400c62ea828e66eb;400ea76dc4eadb4a;0000000000000000;40173588c07c891d;3ff4570d20639d95;40132ea9cec5f644;4014ca84611e091d;40111c08f7470a30;401ffc88372cce25;4001d6313adb5441
l3_solar_interface,4063ca92ba931544;4065f1aa263f8baf;4061a37b4ee69ed9;405f092b6c28aaec;40504f6e091d0a27;4036186b69db65ed;403ab1ffd00464bf;40317ed703b2671b;4056a3057b94f6c8;4013ba520cc5bec4;400c62ea828e66eb;400ea76dc4eadb4a;bff0000000000000;40173588c07c891d;3ff4570d20639d95;40132ea9cec5f644;4014ca84611e091d;40111c08f7470a30;401ffc88372cce25;4001d6313adb5441,OutOfDomain { node: "l3_solar_interface", field: "Kp_mean_coldmean", value: -1.0, bound: 0.0, edge: Lower, unit: One, reason: "Kp is defined on 0 to 9 and the scale's first point is Kp 0 at ap 0; a negative index is a sign error, not a quiet sky" }
l3_solar_interface,4063ca92ba931544;4065f1aa263f8baf;4061a37b4ee69ed9;405f092b6c28aaec;40504f6e091d0a27;4036186b69db65ed;403ab1ffd00464bf;40317ed703b2671b;4056a3057b94f6c8;4013ba520cc5bec4;400c62ea828e66eb;400ea76dc4eadb4a;40095453bf74e96f;7ff8000000000000;3ff4570d20639d95;40132ea9cec5f644;4014ca84611e091d;40111c08f7470a30;401ffc88372cce25;4001d6313adb5441,Refused { node: "l3_solar_interface", reason: "an input is not a finite number" }
l3_solar_interface,4063ca92ba931544;4065f1aa263f8baf;4061a37b4ee69ed9;405f092b6c28aaec;40504f6e091d0a27;4036186b69db65ed;403ab1ffd00464bf;40317ed703b2671b;4056a3057b94f6c8;4013ba520cc5bec4;400c62ea828e66eb;400ea76dc4eadb4a;40095453bf74e96f;7ff0000000000000;3ff4570d20639d95;40132ea9cec5f644;4014ca84611e091d;40111c08f7470a30;401ffc88372cce25;4001d6313adb5441,Refused { node: "l3_solar_interface", reason: "an input is not a finite number" }
l3_solar_interface,4063ca92ba931544;4065f1aa263f8baf;4061a37b4ee69ed9;405f092b6c28aaec;40504f6e091d0a27;4036186b69db65ed;403ab1ffd00464bf;40317ed703b2671b;4056a3057b94f6c8;4013ba520cc5bec4;400c62ea828e66eb;400ea76dc4eadb4a;40095453bf74e96f;c26d1a94a2000000;3ff4570d20639d95;40132ea9cec5f644;4014ca84611e091d;40111c08f7470a30;401ffc88372cce25;4001d6313adb5441,OutOfDomain { node: "l3_solar_interface", field: "Kp_mean_hotday", value: -1000000000000.0, bound: 0.0, edge: Lower, unit: One, reason: "Kp is defined on 0 to 9 and the scale's first point is Kp 0 at ap 0; a negative index is a sign error, not a quiet sky" }
l3_solar_interface,4063ca92ba931544;4065f1aa263f8baf;4061a37b4ee69ed9;405f092b6c28aaec;40504f6e091d0a27;4036186b69db65ed;403ab1ffd00464bf;40317ed703b2671b;4056a3057b94f6c8;4013ba520cc5bec4;400c62ea828e66eb;400ea76dc4eadb4a;40095453bf74e96f;426d1a94a2000000;3ff4570d20639d95;40132ea9cec5f644;4014ca84611e091d;40111c08f7470a30;401ffc88372cce25;4001d6313adb5441,OutOfDomain { node: "l3_solar_interface", field: "Kp_mean_hotday", value: 1000000000000.0, bound: 9.0, edge: Upper, unit: One, reason: "Kp is defined on 0 to 9 and the scale's last point is Kp 9 at ap 400" }
l3_solar_interface,4063ca92ba931544;4065f1aa263f8baf;4061a37b4ee69ed9;405f092b6c28aaec;40504f6e091d0a27;4036186b69db65ed;403ab1ffd00464bf;40317ed703b2671b;4056a3057b94f6c8;4013ba520cc5bec4;400c62ea828e66eb;400ea76dc4eadb4a;40095453bf74e96f;0000000000000000;3ff4570d20639d95;40132ea9cec5f644;4014ca84611e091d;40111c08f7470a30;401ffc88372cce25;4001d6313adb5441,4065f1aa263f8baf;4063ca92ba931544;4061a37b4ee69ed9;405f092b6c28aaec;40504f6e091d0a27;4063ca92ba931544;4065f1aa263f8baf;4061a37b4ee69ed9;4065f1aa263f8baf;4061a37b4ee69ed9;4036186b69db65ed;403ab1ffd00464bf;40317ed703b2671b;4056a3057b94f6c8;4013ba520cc5bec4;400c62ea828e66eb;400ea76dc4eadb4a;40095453bf74e96f;0000000000000000;3ff4570d20639d95;40132ea9cec5f644;4014ca84611e091d;40111c08f7470a30;401ffc88372cce25;4001d6313adb5441
l3_solar_interface,4063ca92ba931544;4065f1aa263f8baf;4061a37b4ee69ed9;405f092b6c28aaec;40504f6e091d0a27;4036186b69db65ed;403ab1ffd00464bf;40317ed703b2671b;4056a3057b94f6c8;4013ba520cc5bec4;400c62ea828e66eb;400ea76dc4eadb4a;40095453bf74e96f;bff0000000000000;3ff4570d20639d95;40132ea9cec5f644;4014ca84611e091d;40111c08f7470a30;401ffc88372cce25;4001d6313adb5441,OutOfDomain { node: "l3_solar_interface", field: "Kp_mean_hotday", value: -1.0, bound: 0.0, edge: Lower, unit: One, reason: "Kp is defined on 0 to 9 and the scale's first point is Kp 0 at ap 0; a negative index is a sign error, not a quiet sky" }
l3_solar_interface,4063ca92ba931544;4065f1aa263f8baf;4061a37b4ee69ed9;405f092b6c28aaec;40504f6e091d0a27;4036186b69db65ed;403ab1ffd00464bf;40317ed703b2671b;4056a3057b94f6c8;4013ba520cc5bec4;400c62ea828e66eb;400ea76dc4eadb4a;40095453bf74e96f;40173588c07c891d;7ff8000000000000;40132ea9cec5f644;4014ca84611e091d;40111c08f7470a30;401ffc88372cce25;4001d6313adb5441,Refused { node: "l3_solar_interface", reason: "an input is not a finite number" }
l3_solar_interface,4063ca92ba931544;4065f1aa263f8baf;4061a37b4ee69ed9;405f092b6c28aaec;40504f6e091d0a27;4036186b69db65ed;403ab1ffd00464bf;40317ed703b2671b;4056a3057b94f6c8;4013ba520cc5bec4;400c62ea828e66eb;400ea76dc4eadb4a;40095453bf74e96f;40173588c07c891d;7ff0000000000000;40132ea9cec5f644;4014ca84611e091d;40111c08f7470a30;401ffc88372cce25;4001d6313adb5441,Refused { node: "l3_solar_interface", reason: "an input is not a finite number" }
l3_solar_interface,4063ca92ba931544;4065f1aa263f8baf;4061a37b4ee69ed9;405f092b6c28aaec;40504f6e091d0a27;4036186b69db65ed;403ab1ffd00464bf;40317ed703b2671b;4056a3057b94f6c8;4013ba520cc5bec4;400c62ea828e66eb;400ea76dc4eadb4a;40095453bf74e96f;40173588c07c891d;c26d1a94a2000000;40132ea9cec5f644;4014ca84611e091d;40111c08f7470a30;401ffc88372cce25;4001d6313adb5441,OutOfDomain { node: "l3_solar_interface", field: "Kp_mean_coldday", value: -1000000000000.0, bound: 0.0, edge: Lower, unit: One, reason: "Kp is defined on 0 to 9 and the scale's first point is Kp 0 at ap 0; a negative index is a sign error, not a quiet sky" }
l3_solar_interface,4063ca92ba931544;4065f1aa263f8baf;4061a37b4ee69ed9;405f092b6c28aaec;40504f6e091d0a27;4036186b69db65ed;403ab1ffd00464bf;40317ed703b2671b;4056a3057b94f6c8;4013ba520cc5bec4;400c62ea828e66eb;400ea76dc4eadb4a;40095453bf74e96f;40173588c07c891d;426d1a94a2000000;40132ea9cec5f644;4014ca84611e091d;40111c08f7470a30;401ffc88372cce25;4001d6313adb5441,OutOfDomain { node: "l3_solar_interface", field: "Kp_mean_coldday", value: 1000000000000.0, bound: 9.0, edge: Upper, unit: One, reason: "Kp is defined on 0 to 9 and the scale's last point is Kp 9 at ap 400" }
l3_solar_interface,4063ca92ba931544;4065f1aa263f8baf;4061a37b4ee69ed9;405f092b6c28aaec;40504f6e091d0a27;4036186b69db65ed;403ab1ffd00464bf;40317ed703b2671b;4056a3057b94f6c8;4013ba520cc5bec4;400c62ea828e66eb;400ea76dc4eadb4a;40095453bf74e96f;40173588c07c891d;0000000000000000;40132ea9cec5f644;4014ca84611e091d;40111c08f7470a30;401ffc88372cce25;4001d6313adb5441,4065f1aa263f8baf;4063ca92ba931544;4061a37b4ee69ed9;405f092b6c28aaec;40504f6e091d0a27;4063ca92ba931544;4065f1aa263f8baf;4061a37b4ee69ed9;4065f1aa263f8baf;4061a37b4ee69ed9;4036186b69db65ed;403ab1ffd00464bf;40317ed703b2671b;4056a3057b94f6c8;4013ba520cc5bec4;400c62ea828e66eb;400ea76dc4eadb4a;40095453bf74e96f;40173588c07c891d;0000000000000000;40132ea9cec5f644;4014ca84611e091d;40111c08f7470a30;401ffc88372cce25;4001d6313adb5441
l3_solar_interface,4063ca92ba931544;4065f1aa263f8baf;4061a37b4ee69ed9;405f092b6c28aaec;40504f6e091d0a27;4036186b69db65ed;403ab1ffd00464bf;40317ed703b2671b;4056a3057b94f6c8;4013ba520cc5bec4;400c62ea828e66eb;400ea76dc4eadb4a;40095453bf74e96f;40173588c07c891d;bff0000000000000;40132ea9cec5f644;4014ca84611e091d;40111c08f7470a30;401ffc88372cce25;4001d6313adb5441,OutOfDomain { node: "l3_solar_interface", field: "Kp_mean_coldday", value: -1.0, bound: 0.0, edge: Lower, unit: One, reason: "Kp is defined on 0 to 9 and the scale's first point is Kp 0 at ap 0; a negative index is a sign error, not a quiet sky" }
l3_solar_interface,4063ca92ba931544;4065f1aa263f8baf;4061a37b4ee69ed9;405f092b6c28aaec;40504f6e091d0a27;4036186b69db65ed;403ab1ffd00464bf;40317ed703b2671b;4056a3057b94f6c8;4013ba520cc5bec4;400c62ea828e66eb;400ea76dc4eadb4a;40095453bf74e96f;40173588c07c891d;3ff4570d20639d95;7ff8000000000000;4014ca84611e091d;40111c08f7470a30;401ffc88372cce25;4001d6313adb5441,Refused { node: "l3_solar_interface", reason: "an input is not a finite number" }
l3_solar_interface,4063ca92ba931544;4065f1aa263f8baf;4061a37b4ee69ed9;405f092b6c28aaec;40504f6e091d0a27;4036186b69db65ed;403ab1ffd00464bf;40317ed703b2671b;4056a3057b94f6c8;4013ba520cc5bec4;400c62ea828e66eb;400ea76dc4eadb4a;40095453bf74e96f;40173588c07c891d;3ff4570d20639d95;7ff0000000000000;4014ca84611e091d;40111c08f7470a30;401ffc88372cce25;4001d6313adb5441,Refused { node: "l3_solar_interface", reason: "an input is not a finite number" }
l3_solar_interface,4063ca92ba931544;4065f1aa263f8baf;4061a37b4ee69ed9;405f092b6c28aaec;40504f6e091d0a27;4036186b69db65ed;403ab1ffd00464bf;40317ed703b2671b;4056a3057b94f6c8;4013ba520cc5bec4;400c62ea828e66eb;400ea76dc4eadb4a;40095453bf74e96f;40173588c07c891d;3ff4570d20639d95;c26d1a94a2000000;4014ca84611e091d;40111c08f7470a30;401ffc88372cce25;4001d6313adb5441,OutOfDomain { node: "l3_solar_interface", field: "Kp_peak_nominal", value: -1000000000000.0, bound: 0.0, edge: Lower, unit: One, reason: "Kp is defined on 0 to 9 and the scale's first point is Kp 0 at ap 0; a negative index is a sign error, not a quiet sky" }
l3_solar_interface,4063ca92ba931544;4065f1aa263f8baf;4061a37b4ee69ed9;405f092b6c28aaec;40504f6e091d0a27;4036186b69db65ed;403ab1ffd00464bf;40317ed703b2671b;4056a3057b94f6c8;4013ba520cc5bec4;400c62ea828e66eb;400ea76dc4eadb4a;40095453bf74e96f;40173588c07c891d;3ff4570d20639d95;426d1a94a2000000;4014ca84611e091d;40111c08f7470a30;401ffc88372cce25;4001d6313adb5441,OutOfDomain { node: "l3_solar_interface", field: "Kp_peak_nominal", value: 1000000000000.0, bound: 9.0, edge: Upper, unit: One, reason: "Kp is defined on 0 to 9 and the scale's last point is Kp 9 at ap 400" }
l3_solar_interface,4063ca92ba931544;4065f1aa263f8baf;4061a37b4ee69ed9;405f092b6c28aaec;40504f6e091d0a27;4036186b69db65ed;403ab1ffd00464bf;40317ed703b2671b;4056a3057b94f6c8;4013ba520cc5bec4;400c62ea828e66eb;400ea76dc4eadb4a;40095453bf74e96f;40173588c07c891d;3ff4570d20639d95;0000000000000000;4014ca84611e091d;40111c08f7470a30;401ffc88372cce25;4001d6313adb5441,4065f1aa263f8baf;4063ca92ba931544;4061a37b4ee69ed9;405f092b6c28aaec;40504f6e091d0a27;4063ca92ba931544;4065f1aa263f8baf;4061a37b4ee69ed9;4065f1aa263f8baf;4061a37b4ee69ed9;4036186b69db65ed;403ab1ffd00464bf;40317ed703b2671b;4056a3057b94f6c8;4013ba520cc5bec4;400c62ea828e66eb;400ea76dc4eadb4a;40095453bf74e96f;40173588c07c891d;3ff4570d20639d95;0000000000000000;4014ca84611e091d;40111c08f7470a30;401ffc88372cce25;4001d6313adb5441
l3_solar_interface,4063ca92ba931544;4065f1aa263f8baf;4061a37b4ee69ed9;405f092b6c28aaec;40504f6e091d0a27;4036186b69db65ed;403ab1ffd00464bf;40317ed703b2671b;4056a3057b94f6c8;4013ba520cc5bec4;400c62ea828e66eb;400ea76dc4eadb4a;40095453bf74e96f;40173588c07c891d;3ff4570d20639d95;bff0000000000000;4014ca84611e091d;40111c08f7470a30;401ffc88372cce25;4001d6313adb5441,OutOfDomain { node: "l3_solar_interface", field: "Kp_peak_nominal", value: -1.0, bound: 0.0, edge: Lower, unit: One, reason: "Kp is defined on 0 to 9 and the scale's first point is Kp 0 at ap 0; a negative index is a sign error, not a quiet sky" }
l3_solar_interface,4063ca92ba931544;4065f1aa263f8baf;4061a37b4ee69ed9;405f092b6c28aaec;40504f6e091d0a27;4036186b69db65ed;403ab1ffd00464bf;40317ed703b2671b;4056a3057b94f6c8;4013ba520cc5bec4;400c62ea828e66eb;400ea76dc4eadb4a;40095453bf74e96f;40173588c07c891d;3ff4570d20639d95;40132ea9cec5f644;7ff8000000000000;40111c08f7470a30;401ffc88372cce25;4001d6313adb5441,Refused { node: "l3_solar_interface", reason: "an input is not a finite number" }
l3_solar_interface,4063ca92ba931544;4065f1aa263f8baf;4061a37b4ee69ed9;405f092b6c28aaec;40504f6e091d0a27;4036186b69db65ed;403ab1ffd00464bf;40317ed703b2671b;4056a3057b94f6c8;4013ba520cc5bec4;400c62ea828e66eb;400ea76dc4eadb4a;40095453bf74e96f;40173588c07c891d;3ff4570d20639d95;40132ea9cec5f644;7ff0000000000000;40111c08f7470a30;401ffc88372cce25;4001d6313adb5441,Refused { node: "l3_solar_interface", reason: "an input is not a finite number" }
l3_solar_interface,4063ca92ba931544;4065f1aa263f8baf;4061a37b4ee69ed9;405f092b6c28aaec;40504f6e091d0a27;4036186b69db65ed;403ab1ffd00464bf;40317ed703b2671b;4056a3057b94f6c8;4013ba520cc5bec4;400c62ea828e66eb;400ea76dc4eadb4a;40095453bf74e96f;40173588c07c891d;3ff4570d20639d95;40132ea9cec5f644;c26d1a94a2000000;40111c08f7470a30;401ffc88372cce25;4001d6313adb5441,OutOfDomain { node: "l3_solar_interface", field: "Kp_peak_hotmean", value: -1000000000000.0, bound: 0.0, edge: Lower, unit: One, reason: "Kp is defined on 0 to 9 and the scale's first point is Kp 0 at ap 0; a negative index is a sign error, not a quiet sky" }
l3_solar_interface,4063ca92ba931544;4065f1aa263f8baf;4061a37b4ee69ed9;405f092b6c28aaec;40504f6e091d0a27;4036186b69db65ed;403ab1ffd00464bf;40317ed703b2671b;4056a3057b94f6c8;4013ba520cc5bec4;400c62ea828e66eb;400ea76dc4eadb4a;40095453bf74e96f;40173588c07c891d;3ff4570d20639d95;40132ea9cec5f644;426d1a94a2000000;40111c08f7470a30;401ffc88372cce25;4001d6313adb5441,OutOfDomain { node: "l3_solar_interface", field: "Kp_peak_hotmean", value: 1000000000000.0, bound: 9.0, edge: Upper, unit: One, reason: "Kp is defined on 0 to 9 and the scale's last point is Kp 9 at ap 400" }
l3_solar_interface,4063ca92ba931544;4065f1aa263f8baf;4061a37b4ee69ed9;405f092b6c28aaec;40504f6e091d0a27;4036186b69db65ed;403ab1ffd00464bf;40317ed703b2671b;4056a3057b94f6c8;4013ba520cc5bec4;400c62ea828e66eb;400ea76dc4eadb4a;40095453bf74e96f;40173588c07c891d;3ff4570d20639d95;40132ea9cec5f644;0000000000000000;40111c08f7470a30;401ffc88372cce25;4001d6313adb5441,4065f1aa263f8baf;4063ca92ba931544;4061a37b4ee69ed9;405f092b6c28aaec;40504f6e091d0a27;4063ca92ba931544;4065f1aa263f8baf;4061a37b4ee69ed9;4065f1aa263f8baf;4061a37b4ee69ed9;4036186b69db65ed;403ab1ffd00464bf;40317ed703b2671b;4056a3057b94f6c8;4013ba520cc5bec4;400c62ea828e66eb;400ea76dc4eadb4a;40095453bf74e96f;40173588c07c891d;3ff4570d20639d95;40132ea9cec5f644;0000000000000000;40111c08f7470a30;401ffc88372cce25;4001d6313adb5441
l3_solar_interface,4063ca92ba931544;4065f1aa263f8baf;4061a37b4ee69ed9;405f092b6c28aaec;40504f6e091d0a27;4036186b69db65ed;403ab1ffd00464bf;40317ed703b2671b;4056a3057b94f6c8;4013ba520cc5bec4;400c62ea828e66eb;400ea76dc4eadb4a;40095453bf74e96f;40173588c07c891d;3ff4570d20639d95;40132ea9cec5f644;bff0000000000000;40111c08f7470a30;401ffc88372cce25;4001d6313adb5441,OutOfDomain { node: "l3_solar_interface", field: "Kp_peak_hotmean", value: -1.0, bound: 0.0, edge: Lower, unit: One, reason: "Kp is defined on 0 to 9 and the scale's first point is Kp 0 at ap 0; a negative index is a sign error, not a quiet sky" }
l3_solar_interface,4063ca92ba931544;4065f1aa263f8baf;4061a37b4ee69ed9;405f092b6c28aaec;40504f6e091d0a27;4036186b69db65ed;403ab1ffd00464bf;40317ed703b2671b;4056a3057b94f6c8;4013ba520cc5bec4;400c62ea828e66eb;400ea76dc4eadb4a;40095453bf74e96f;40173588c07c891d;3ff4570d20639d95;40132ea9cec5f644;4014ca84611e091d;7ff8000000000000;401ffc88372cce25;4001d6313adb5441,Refused { node: "l3_solar_interface", reason: "an input is not a finite number" }
l3_solar_interface,4063ca92ba931544;4065f1aa263f8baf;4061a37b4ee69ed9;405f092b6c28aaec;40504f6e091d0a27;4036186b69db65ed;403ab1ffd00464bf;40317ed703b2671b;4056a3057b94f6c8;4013ba520cc5bec4;400c62ea828e66eb;400ea76dc4eadb4a;40095453bf74e96f;40173588c07c891d;3ff4570d20639d95;40132ea9cec5f644;4014ca84611e091d;7ff0000000000000;401ffc88372cce25;4001d6313adb5441,Refused { node: "l3_solar_interface", reason: "an input is not a finite number" }
l3_solar_interface,4063ca92ba931544;4065f1aa263f8baf;4061a37b4ee69ed9;405f092b6c28aaec;40504f6e091d0a27;4036186b69db65ed;403ab1ffd00464bf;40317ed703b2671b;4056a3057b94f6c8;4013ba520cc5bec4;400c62ea828e66eb;400ea76dc4eadb4a;40095453bf74e96f;40173588c07c891d;3ff4570d20639d95;40132ea9cec5f644;4014ca84611e091d;c26d1a94a2000000;401ffc88372cce25;4001d6313adb5441,OutOfDomain { node: "l3_solar_interface", field: "Kp_peak_coldmean", value: -1000000000000.0, bound: 0.0, edge: Lower, unit: One, reason: "Kp is defined on 0 to 9 and the scale's first point is Kp 0 at ap 0; a negative index is a sign error, not a quiet sky" }
l3_solar_interface,4063ca92ba931544;4065f1aa263f8baf;4061a37b4ee69ed9;405f092b6c28aaec;40504f6e091d0a27;4036186b69db65ed;403ab1ffd00464bf;40317ed703b2671b;4056a3057b94f6c8;4013ba520cc5bec4;400c62ea828e66eb;400ea76dc4eadb4a;40095453bf74e96f;40173588c07c891d;3ff4570d20639d95;40132ea9cec5f644;4014ca84611e091d;426d1a94a2000000;401ffc88372cce25;4001d6313adb5441,OutOfDomain { node: "l3_solar_interface", field: "Kp_peak_coldmean", value: 1000000000000.0, bound: 9.0, edge: Upper, unit: One, reason: "Kp is defined on 0 to 9 and the scale's last point is Kp 9 at ap 400" }
l3_solar_interface,4063ca92ba931544;4065f1aa263f8baf;4061a37b4ee69ed9;405f092b6c28aaec;40504f6e091d0a27;4036186b69db65ed;403ab1ffd00464bf;40317ed703b2671b;4056a3057b94f6c8;4013ba520cc5bec4;400c62ea828e66eb;400ea76dc4eadb4a;40095453bf74e96f;40173588c07c891d;3ff4570d20639d95;40132ea9cec5f644;4014ca84611e091d;0000000000000000;401ffc88372cce25;4001d6313adb5441,4065f1aa263f8baf;4063ca92ba931544;4061a37b4ee69ed9;405f092b6c28aaec;40504f6e091d0a27;4063ca92ba931544;4065f1aa263f8baf;4061a37b4ee69ed9;4065f1aa263f8baf;4061a37b4ee69ed9;4036186b69db65ed;403ab1ffd00464bf;40317ed703b2671b;4056a3057b94f6c8;4013ba520cc5bec4;400c62ea828e66eb;400ea76dc4eadb4a;40095453bf74e96f;40173588c07c891d;3ff4570d20639d95;40132ea9cec5f644;4014ca84611e091d;0000000000000000;401ffc88372cce25;4001d6313adb5441
l3_solar_interface,4063ca92ba931544;4065f1aa263f8baf;4061a37b4ee69ed9;405f092b6c28aaec;40504f6e091d0a27;4036186b69db65ed;403ab1ffd00464bf;40317ed703b2671b;4056a3057b94f6c8;4013ba520cc5bec4;400c62ea828e66eb;400ea76dc4eadb4a;40095453bf74e96f;40173588c07c891d;3ff4570d20639d95;40132ea9cec5f644;4014ca84611e091d;bff0000000000000;401ffc88372cce25;4001d6313adb5441,OutOfDomain { node: "l3_solar_interface", field: "Kp_peak_coldmean", value: -1.0, bound: 0.0, edge: Lower, unit: One, reason: "Kp is defined on 0 to 9 and the scale's first point is Kp 0 at ap 0; a negative index is a sign error, not a quiet sky" }
l3_solar_interface,4063ca92ba931544;4065f1aa263f8baf;4061a37b4ee69ed9;405f092b6c28aaec;40504f6e091d0a27;4036186b69db65ed;403ab1ffd00464bf;40317ed703b2671b;4056a3057b94f6c8;4013ba520cc5bec4;400c62ea828e66eb;400ea76dc4eadb4a;40095453bf74e96f;40173588c07c891d;3ff4570d20639d95;40132ea9cec5f644;4014ca84611e091d;40111c08f7470a30;7ff8000000000000;4001d6313adb5441,Refused { node: "l3_solar_interface", reason: "an input is not a finite number" }
l3_solar_interface,4063ca92ba931544;4065f1aa263f8baf;4061a37b4ee69ed9;405f092b6c28aaec;40504f6e091d0a27;4036186b69db65ed;403ab1ffd00464bf;40317ed703b2671b;4056a3057b94f6c8;4013ba520cc5bec4;400c62ea828e66eb;400ea76dc4eadb4a;40095453bf74e96f;40173588c07c891d;3ff4570d20639d95;40132ea9cec5f644;4014ca84611e091d;40111c08f7470a30;7ff0000000000000;4001d6313adb5441,Refused { node: "l3_solar_interface", reason: "an input is not a finite number" }
l3_solar_interface,4063ca92ba931544;4065f1aa263f8baf;4061a37b4ee69ed9;405f092b6c28aaec;40504f6e091d0a27;4036186b69db65ed;403ab1ffd00464bf;40317ed703b2671b;4056a3057b94f6c8;4013ba520cc5bec4;400c62ea828e66eb;400ea76dc4eadb4a;40095453bf74e96f;40173588c07c891d;3ff4570d20639d95;40132ea9cec5f644;4014ca84611e091d;40111c08f7470a30;c26d1a94a2000000;4001d6313adb5441,OutOfDomain { node: "l3_solar_interface", field: "Kp_peak_hotday", value: -1000000000000.0, bound: 0.0, edge: Lower, unit: One, reason: "Kp is defined on 0 to 9 and the scale's first point is Kp 0 at ap 0; a negative index is a sign error, not a quiet sky" }
l3_solar_interface,4063ca92ba931544;4065f1aa263f8baf;4061a37b4ee69ed9;405f092b6c28aaec;40504f6e091d0a27;4036186b69db65ed;403ab1ffd00464bf;40317ed703b2671b;4056a3057b94f6c8;4013ba520cc5bec4;400c62ea828e66eb;400ea76dc4eadb4a;40095453bf74e96f;40173588c07c891d;3ff4570d20639d95;40132ea9cec5f644;4014ca84611e091d;40111c08f7470a30;426d1a94a2000000;4001d6313adb5441,OutOfDomain { node: "l3_solar_interface", field: "Kp_peak_hotday", value: 1000000000000.0, bound: 9.0, edge: Upper, unit: One, reason: "Kp is defined on 0 to 9 and the scale's last point is Kp 9 at ap 400" }
l3_solar_interface,4063ca92ba931544;4065f1aa263f8baf;4061a37b4ee69ed9;405f092b6c28aaec;40504f6e091d0a27;4036186b69db65ed;403ab1ffd00464bf;40317ed703b2671b;4056a3057b94f6c8;4013ba520cc5bec4;400c62ea828e66eb;400ea76dc4eadb4a;40095453bf74e96f;40173588c07c891d;3ff4570d20639d95;40132ea9cec5f644;4014ca84611e091d;40111c08f7470a30;0000000000000000;4001d6313adb5441,4065f1aa263f8baf;4063ca92ba931544;4061a37b4ee69ed9;405f092b6c28aaec;40504f6e091d0a27;4063ca92ba931544;4065f1aa263f8baf;4061a37b4ee69ed9;4065f1aa263f8baf;4061a37b4ee69ed9;4036186b69db65ed;403ab1ffd00464bf;40317ed703b2671b;4056a3057b94f6c8;4013ba520cc5bec4;400c62ea828e66eb;400ea76dc4eadb4a;40095453bf74e96f;40173588c07c891d;3ff4570d20639d95;40132ea9cec5f644;4014ca84611e091d;40111c08f7470a30;0000000000000000;4001d6313adb5441
l3_solar_interface,4063ca92ba931544;4065f1aa263f8baf;4061a37b4ee69ed9;405f092b6c28aaec;40504f6e091d0a27;4036186b69db65ed;403ab1ffd00464bf;40317ed703b2671b;4056a3057b94f6c8;4013ba520cc5bec4;400c62ea828e66eb;400ea76dc4eadb4a;40095453bf74e96f;40173588c07c891d;3ff4570d20639d95;40132ea9cec5f644;4014ca84611e091d;40111c08f7470a30;bff0000000000000;4001d6313adb5441,OutOfDomain { node: "l3_solar_interface", field: "Kp_peak_hotday", value: -1.0, bound: 0.0, edge: Lower, unit: One, reason: "Kp is defined on 0 to 9 and the scale's first point is Kp 0 at ap 0; a negative index is a sign error, not a quiet sky" }
l3_solar_interface,4063ca92ba931544;4065f1aa263f8baf;4061a37b4ee69ed9;405f092b6c28aaec;40504f6e091d0a27;4036186b69db65ed;403ab1ffd00464bf;40317ed703b2671b;4056a3057b94f6c8;4013ba520cc5bec4;400c62ea828e66eb;400ea76dc4eadb4a;40095453bf74e96f;40173588c07c891d;3ff4570d20639d95;40132ea9cec5f644;4014ca84611e091d;40111c08f7470a30;401ffc88372cce25;7ff8000000000000,Refused { node: "l3_solar_interface", reason: "an input is not a finite number" }
l3_solar_interface,4063ca92ba931544;4065f1aa263f8baf;4061a37b4ee69ed9;405f092b6c28aaec;40504f6e091d0a27;4036186b69db65ed;403ab1ffd00464bf;40317ed703b2671b;4056a3057b94f6c8;4013ba520cc5bec4;400c62ea828e66eb;400ea76dc4eadb4a;40095453bf74e96f;40173588c07c891d;3ff4570d20639d95;40132ea9cec5f644;4014ca84611e091d;40111c08f7470a30;401ffc88372cce25;7ff0000000000000,Refused { node: "l3_solar_interface", reason: "an input is not a finite number" }
l3_solar_interface,4063ca92ba931544;4065f1aa263f8baf;4061a37b4ee69ed9;405f092b6c28aaec;40504f6e091d0a27;4036186b69db65ed;403ab1ffd00464bf;40317ed703b2671b;4056a3057b94f6c8;4013ba520cc5bec4;400c62ea828e66eb;400ea76dc4eadb4a;40095453bf74e96f;40173588c07c891d;3ff4570d20639d95;40132ea9cec5f644;4014ca84611e091d;40111c08f7470a30;401ffc88372cce25;c26d1a94a2000000,OutOfDomain { node: "l3_solar_interface", field: "Kp_peak_coldday", value: -1000000000000.0, bound: 0.0, edge: Lower, unit: One, reason: "Kp is defined on 0 to 9 and the scale's first point is Kp 0 at ap 0; a negative index is a sign error, not a quiet sky" }
l3_solar_interface,4063ca92ba931544;4065f1aa263f8baf;4061a37b4ee69ed9;405f092b6c28aaec;40504f6e091d0a27;4036186b69db65ed;403ab1ffd00464bf;40317ed703b2671b;4056a3057b94f6c8;4013ba520cc5bec4;400c62ea828e66eb;400ea76dc4eadb4a;40095453bf74e96f;40173588c07c891d;3ff4570d20639d95;40132ea9cec5f644;4014ca84611e091d;40111c08f7470a30;401ffc88372cce25;426d1a94a2000000,OutOfDomain { node: "l3_solar_interface", field: "Kp_peak_coldday", value: 1000000000000.0, bound: 9.0, edge: Upper, unit: One, reason: "Kp is defined on 0 to 9 and the scale's last point is Kp 9 at ap 400" }
l3_solar_interface,4063ca92ba931544;4065f1aa263f8baf;4061a37b4ee69ed9;405f092b6c28aaec;40504f6e091d0a27;4036186b69db65ed;403ab1ffd00464bf;40317ed703b2671b;4056a3057b94f6c8;4013ba520cc5bec4;400c62ea828e66eb;400ea76dc4eadb4a;40095453bf74e96f;40173588c07c891d;3ff4570d20639d95;40132ea9cec5f644;4014ca84611e091d;40111c08f7470a30;401ffc88372cce25;0000000000000000,4065f1aa263f8baf;4063ca92ba931544;4061a37b4ee69ed9;405f092b6c28aaec;40504f6e091d0a27;4063ca92ba931544;4065f1aa263f8baf;4061a37b4ee69ed9;4065f1aa263f8baf;4061a37b4ee69ed9;4036186b69db65ed;403ab1ffd00464bf;40317ed703b2671b;4056a3057b94f6c8;4013ba520cc5bec4;400c62ea828e66eb;400ea76dc4eadb4a;40095453bf74e96f;40173588c07c891d;3ff4570d20639d95;40132ea9cec5f644;4014ca84611e091d;40111c08f7470a30;401ffc88372cce25;0000000000000000
l3_solar_interface,4063ca92ba931544;4065f1aa263f8baf;4061a37b4ee69ed9;405f092b6c28aaec;40504f6e091d0a27;4036186b69db65ed;403ab1ffd00464bf;40317ed703b2671b;4056a3057b94f6c8;4013ba520cc5bec4;400c62ea828e66eb;400ea76dc4eadb4a;40095453bf74e96f;40173588c07c891d;3ff4570d20639d95;40132ea9cec5f644;4014ca84611e091d;40111c08f7470a30;401ffc88372cce25;bff0000000000000,OutOfDomain { node: "l3_solar_interface", field: "Kp_peak_coldday", value: -1.0, bound: 0.0, edge: Lower, unit: One, reason: "Kp is defined on 0 to 9 and the scale's first point is Kp 0 at ap 0; a negative index is a sign error, not a quiet sky" }
mass_disposal_propellant,7ff8000000000000;3ff0000000000000,Refused { node: "mass_disposal_propellant", reason: "an input is not a finite number" }
mass_disposal_propellant,7ff0000000000000;3ff0000000000000,Refused { node: "mass_disposal_propellant", reason: "an input is not a finite number" }
mass_disposal_propellant,c26d1a94a2000000;3ff0000000000000,OutOfDomain { node: "mass_disposal_propellant", field: "m_dis", value: -463614805.6746947, bound: 0.0, edge: Lower, unit: Kilogram, reason: "a propellant mass cannot be negative" }
mass_disposal_propellant,426d1a94a2000000;3ff0000000000000,OutOfDomain { node: "mass_disposal_propellant", field: "m_dis", value: 463614805.6746947, bound: 1000.0, edge: Upper, unit: Kilogram, reason: "above a tonne the disposal budget is larger than the spacecraft" }
mass_disposal_propellant,0000000000000000;3ff0000000000000,0000000000000000
mass_disposal_propellant,bff0000000000000;3ff0000000000000,OutOfDomain { node: "mass_disposal_propellant", field: "m_dis", value: -0.0004636148056746947, bound: 0.0, edge: Lower, unit: Kilogram, reason: "a propellant mass cannot be negative" }
mass_disposal_propellant,3ff0000000000000;7ff8000000000000,Refused { node: "mass_disposal_propellant", reason: "an input is not a finite number" }
mass_disposal_propellant,3ff0000000000000;7ff0000000000000,Refused { node: "mass_disposal_propellant", reason: "an input is not a finite number" }
mass_disposal_propellant,3ff0000000000000;c26d1a94a2000000,OutOfDomain { node: "mass_disposal_propellant", field: "m_dis", value: -1.0, bound: 0.0, edge: Lower, unit: Kilogram, reason: "a propellant mass cannot be negative" }
mass_disposal_propellant,3ff0000000000000;426d1a94a2000000,Degenerate { node: "mass_disposal_propellant", field: "m_dis", reason: "the value here is not a finite number" }
mass_disposal_propellant,3ff0000000000000;0000000000000000,0000000000000000
mass_disposal_propellant,3ff0000000000000;bff0000000000000,OutOfDomain { node: "mass_disposal_propellant", field: "m_dis", value: -0.00046339996658928406, bound: 0.0, edge: Lower, unit: Kilogram, reason: "a propellant mass cannot be negative" }
mass_dry,7ff8000000000000;3ff0000000000000;3ff0000000000000;3ff0000000000000;3ff0000000000000;3ff0000000000000;3ff0000000000000;3ff0000000000000;3ff0000000000000,Refused { node: "mass_dry", reason: "an input is not a finite number" }
mass_dry,7ff0000000000000;3ff0000000000000;3ff0000000000000;3ff0000000000000;3ff0000000000000;3ff0000000000000;3ff0000000000000;3ff0000000000000;3ff0000000000000,Refused { node: "mass_dry", reason: "an input is not a finite number" }
mass_dry,c26d1a94a2000000;3ff0000000000000;3ff0000000000000;3ff0000000000000;3ff0000000000000;3ff0000000000000;3ff0000000000000;3ff0000000000000;3ff0000000000000,OutOfDomain { node: "mass_dry", field: "m_dry", value: -1999999999986.0, bound: 1.0, edge: Lower, unit: Kilogram, reason: "below a kilogram there is no spacecraft" }
mass_dry,426d1a94a2000000;3ff0000000000000;3ff0000000000000;3ff0000000000000;3ff0000000000000;3ff0000000000000;3ff0000000000000;3ff0000000000000;3ff0000000000000,OutOfDomain { node: "mass_dry", field: "m_dry", value: 2000000000014.0, bound: 5000.0, edge: Upper, unit: Kilogram, reason: "above 5 tonnes the vehicle is not in this class" }
mass_dry,0000000000000000;3ff0000000000000;3ff0000000000000;3ff0000000000000;3ff0000000000000;3ff0000000000000;3ff0000000000000;3ff0000000000000;3ff0000000000000,402c000000000000
mass_dry,bff0000000000000;3ff0000000000000;3ff0000000000000;3ff0000000000000;3ff0000000000000;3ff0000000000000;3ff0000000000000;3ff0000000000000;3ff0000000000000,4028000000000000
mass_dry,3ff0000000000000;7ff8000000000000;3ff0000000000000;3ff0000000000000;3ff0000000000000;3ff0000000000000;3ff0000000000000;3ff0000000000000;3ff0000000000000,Refused { node: "mass_dry", reason: "an input is not a finite number" }
mass_dry,3ff0000000000000;7ff0000000000000;3ff0000000000000;3ff0000000000000;3ff0000000000000;3ff0000000000000;3ff0000000000000;3ff0000000000000;3ff0000000000000,Refused { node: "mass_dry", reason: "an input is not a finite number" }
mass_dry,3ff0000000000000;c26d1a94a2000000;3ff0000000000000;3ff0000000000000;3ff0000000000000;3ff0000000000000;3ff0000000000000;3ff0000000000000;3ff0000000000000,OutOfDomain { node: "mass_dry", field: "m_dry", value: -1999999999986.0, bound: 1.0, edge: Lower, unit: Kilogram, reason: "below a kilogram there is no spacecraft" }
mass_dry,3ff0000000000000;426d1a94a2000000;3ff0000000000000;3ff0000000000000;3ff0000000000000;3ff0000000000000;3ff0000000000000;3ff0000000000000;3ff0000000000000,OutOfDomain { node: "mass_dry", field: "m_dry", value: 2000000000014.0, bound: 5000.0, edge: Upper, unit: Kilogram, reason: "above 5 tonnes the vehicle is not in this class" }
mass_dry,3ff0000000000000;0000000000000000;3ff0000000000000;3ff0000000000000;3ff0000000000000;3ff0000000000000;3ff0000000000000;3ff0000000000000;3ff0000000000000,402c000000000000
mass_dry,3ff0000000000000;bff0000000000000;3ff0000000000000;3ff0000000000000;3ff0000000000000;3ff0000000000000;3ff0000000000000;3ff0000000000000;3ff0000000000000,4028000000000000
mass_dry,3ff0000000000000;3ff0000000000000;7ff8000000000000;3ff0000000000000;3ff0000000000000;3ff0000000000000;3ff0000000000000;3ff0000000000000;3ff0000000000000,Refused { node: "mass_dry", reason: "an input is not a finite number" }
mass_dry,3ff0000000000000;3ff0000000000000;7ff0000000000000;3ff0000000000000;3ff0000000000000;3ff0000000000000;3ff0000000000000;3ff0000000000000;3ff0000000000000,Refused { node: "mass_dry", reason: "an input is not a finite number" }
mass_dry,3ff0000000000000;3ff0000000000000;c26d1a94a2000000;3ff0000000000000;3ff0000000000000;3ff0000000000000;3ff0000000000000;3ff0000000000000;3ff0000000000000,OutOfDomain { node: "mass_dry", field: "m_dry", value: -1999999999986.0, bound: 1.0, edge: Lower, unit: Kilogram, reason: "below a kilogram there is no spacecraft" }
mass_dry,3ff0000000000000;3ff0000000000000;426d1a94a2000000;3ff0000000000000;3ff0000000000000;3ff0000000000000;3ff0000000000000;3ff0000000000000;3ff0000000000000,OutOfDomain { node: "mass_dry", field: "m_dry", value: 2000000000014.0, bound: 5000.0, edge: Upper, unit: Kilogram, reason: "above 5 tonnes the vehicle is not in this class" }
mass_dry,3ff0000000000000;3ff0000000000000;0000000000000000;3ff0000000000000;3ff0000000000000;3ff0000000000000;3ff0000000000000;3ff0000000000000;3ff0000000000000,402c000000000000
mass_dry,3ff0000000000000;3ff0000000000000;bff0000000000000;3ff0000000000000;3ff0000000000000;3ff0000000000000;3ff0000000000000;3ff0000000000000;3ff0000000000000,4028000000000000
mass_dry,3ff0000000000000;3ff0000000000000;3ff0000000000000;7ff8000000000000;3ff0000000000000;3ff0000000000000;3ff0000000000000;3ff0000000000000;3ff0000000000000,Refused { node: "mass_dry", reason: "an input is not a finite number" }
mass_dry,3ff0000000000000;3ff0000000000000;3ff0000000000000;7ff0000000000000;3ff0000000000000;3ff0000000000000;3ff0000000000000;3ff0000000000000;3ff0000000000000,Refused { node: "mass_dry", reason: "an input is not a finite number" }
mass_dry,3ff0000000000000;3ff0000000000000;3ff0000000000000;c26d1a94a2000000;3ff0000000000000;3ff0000000000000;3ff0000000000000;3ff0000000000000;3ff0000000000000,OutOfDomain { node: "mass_dry", field: "m_dry", value: -1999999999986.0, bound: 1.0, edge: Lower, unit: Kilogram, reason: "below a kilogram there is no spacecraft" }
mass_dry,3ff0000000000000;3ff0000000000000;3ff0000000000000;426d1a94a2000000;3ff0000000000000;3ff0000000000000;3ff0000000000000;3ff0000000000000;3ff0000000000000,OutOfDomain { node: "mass_dry", field: "m_dry", value: 2000000000014.0, bound: 5000.0, edge: Upper, unit: Kilogram, reason: "above 5 tonnes the vehicle is not in this class" }
mass_dry,3ff0000000000000;3ff0000000000000;3ff0000000000000;0000000000000000;3ff0000000000000;3ff0000000000000;3ff0000000000000;3ff0000000000000;3ff0000000000000,402c000000000000
mass_dry,3ff0000000000000;3ff0000000000000;3ff0000000000000;bff0000000000000;3ff0000000000000;3ff0000000000000;3ff0000000000000;3ff0000000000000;3ff0000000000000,4028000000000000
mass_dry,3ff0000000000000;3ff0000000000000;3ff0000000000000;3ff0000000000000;7ff8000000000000;3ff0000000000000;3ff0000000000000;3ff0000000000000;3ff0000000000000,Refused { node: "mass_dry", reason: "an input is not a finite number" }
mass_dry,3ff0000000000000;3ff0000000000000;3ff0000000000000;3ff0000000000000;7ff0000000000000;3ff0000000000000;3ff0000000000000;3ff0000000000000;3ff0000000000000,Refused { node: "mass_dry", reason: "an input is not a finite number" }
mass_dry,3ff0000000000000;3ff0000000000000;3ff0000000000000;3ff0000000000000;c26d1a94a2000000;3ff0000000000000;3ff0000000000000;3ff0000000000000;3ff0000000000000,OutOfDomain { node: "mass_dry", field: "m_dry", value: -1999999999986.0, bound: 1.0, edge: Lower, unit: Kilogram, reason: "below a kilogram there is no spacecraft" }
mass_dry,3ff0000000000000;3ff0000000000000;3ff0000000000000;3ff0000000000000;426d1a94a2000000;3ff0000000000000;3ff0000000000000;3ff0000000000000;3ff0000000000000,OutOfDomain { node: "mass_dry", field: "m_dry", value: 2000000000014.0, bound: 5000.0, edge: Upper, unit: Kilogram, reason: "above 5 tonnes the vehicle is not in this class" }
mass_dry,3ff0000000000000;3ff0000000000000;3ff0000000000000;3ff0000000000000;0000000000000000;3ff0000000000000;3ff0000000000000;3ff0000000000000;3ff0000000000000,402c000000000000
mass_dry,3ff0000000000000;3ff0000000000000;3ff0000000000000;3ff0000000000000;bff0000000000000;3ff0000000000000;3ff0000000000000;3ff0000000000000;3ff0000000000000,4028000000000000
mass_dry,3ff0000000000000;3ff0000000000000;3ff0000000000000;3ff0000000000000;3ff0000000000000;7ff8000000000000;3ff0000000000000;3ff0000000000000;3ff0000000000000,Refused { node: "mass_dry", reason: "an input is not a finite number" }
mass_dry,3ff0000000000000;3ff0000000000000;3ff0000000000000;3ff0000000000000;3ff0000000000000;7ff0000000000000;3ff0000000000000;3ff0000000000000;3ff0000000000000,Refused { node: "mass_dry", reason: "an input is not a finite number" }
mass_dry,3ff0000000000000;3ff0000000000000;3ff0000000000000;3ff0000000000000;3ff0000000000000;c26d1a94a2000000;3ff0000000000000;3ff0000000000000;3ff0000000000000,OutOfDomain { node: "mass_dry", field: "m_dry", value: -1999999999986.0, bound: 1.0, edge: Lower, unit: Kilogram, reason: "below a kilogram there is no spacecraft" }
mass_dry,3ff0000000000000;3ff0000000000000;3ff0000000000000;3ff0000000000000;3ff0000000000000;426d1a94a2000000;3ff0000000000000;3ff0000000000000;3ff0000000000000,OutOfDomain { node: "mass_dry", field: "m_dry", value: 2000000000014.0, bound: 5000.0, edge: Upper, unit: Kilogram, reason: "above 5 tonnes the vehicle is not in this class" }
mass_dry,3ff0000000000000;3ff0000000000000;3ff0000000000000;3ff0000000000000;3ff0000000000000;0000000000000000;3ff0000000000000;3ff0000000000000;3ff0000000000000,402c000000000000
mass_dry,3ff0000000000000;3ff0000000000000;3ff0000000000000;3ff0000000000000;3ff0000000000000;bff0000000000000;3ff0000000000000;3ff0000000000000;3ff0000000000000,4028000000000000
mass_dry,3ff0000000000000;3ff0000000000000;3ff0000000000000;3ff0000000000000;3ff0000000000000;3ff0000000000000;7ff8000000000000;3ff0000000000000;3ff0000000000000,Refused { node: "mass_dry", reason: "an input is not a finite number" }
mass_dry,3ff0000000000000;3ff0000000000000;3ff0000000000000;3ff0000000000000;3ff0000000000000;3ff0000000000000;7ff0000000000000;3ff0000000000000;3ff0000000000000,Refused { node: "mass_dry", reason: "an input is not a finite number" }
mass_dry,3ff0000000000000;3ff0000000000000;3ff0000000000000;3ff0000000000000;3ff0000000000000;3ff0000000000000;c26d1a94a2000000;3ff0000000000000;3ff0000000000000,OutOfDomain { node: "mass_dry", field: "m_dry", value: -1999999999986.0, bound: 1.0, edge: Lower, unit: Kilogram, reason: "below a kilogram there is no spacecraft" }
mass_dry,3ff0000000000000;3ff0000000000000;3ff0000000000000;3ff0000000000000;3ff0000000000000;3ff0000000000000;426d1a94a2000000;3ff0000000000000;3ff0000000000000,OutOfDomain { node: "mass_dry", field: "m_dry", value: 2000000000014.0, bound: 5000.0, edge: Upper, unit: Kilogram, reason: "above 5 tonnes the vehicle is not in this class" }
mass_dry,3ff0000000000000;3ff0000000000000;3ff0000000000000;3ff0000000000000;3ff0000000000000;3ff0000000000000;0000000000000000;3ff0000000000000;3ff0000000000000,402c000000000000
mass_dry,3ff0000000000000;3ff0000000000000;3ff0000000000000;3ff0000000000000;3ff0000000000000;3ff0000000000000;bff0000000000000;3ff0000000000000;3ff0000000000000,4028000000000000
mass_dry,3ff0000000000000;3ff0000000000000;3ff0000000000000;3ff0000000000000;3ff0000000000000;3ff0000000000000;3ff0000000000000;7ff8000000000000;3ff0000000000000,Refused { node: "mass_dry", reason: "an input is not a finite number" }
mass_dry,3ff0000000000000;3ff0000000000000;3ff0000000000000;3ff0000000000000;3ff0000000000000;3ff0000000000000;3ff0000000000000;7ff0000000000000;3ff0000000000000,Refused { node: "mass_dry", reason: "an input is not a finite number" }
mass_dry,3ff0000000000000;3ff0000000000000;3ff0000000000000;3ff0000000000000;3ff0000000000000;3ff0000000000000;3ff0000000000000;c26d1a94a2000000;3ff0000000000000,OutOfDomain { node: "mass_dry", field: "m_dry", value: -1999999999986.0, bound: 1.0, edge: Lower, unit: Kilogram, reason: "below a kilogram there is no spacecraft" }
mass_dry,3ff0000000000000;3ff0000000000000;3ff0000000000000;3ff0000000000000;3ff0000000000000;3ff0000000000000;3ff0000000000000;426d1a94a2000000;3ff0000000000000,OutOfDomain { node: "mass_dry", field: "m_dry", value: 2000000000014.0, bound: 5000.0, edge: Upper, unit: Kilogram, reason: "above 5 tonnes the vehicle is not in this class" }
mass_dry,3ff0000000000000;3ff0000000000000;3ff0000000000000;3ff0000000000000;3ff0000000000000;3ff0000000000000;3ff0000000000000;0000000000000000;3ff0000000000000,402c000000000000
mass_dry,3ff0000000000000;3ff0000000000000;3ff0000000000000;3ff0000000000000;3ff0000000000000;3ff0000000000000;3ff0000000000000;bff0000000000000;3ff0000000000000,4028000000000000
mass_dry,3ff0000000000000;3ff0000000000000;3ff0000000000000;3ff0000000000000;3ff0000000000000;3ff0000000000000;3ff0000000000000;3ff0000000000000;7ff8000000000000,Refused { node: "mass_dry", reason: "an input is not a finite number" }
mass_dry,3ff0000000000000;3ff0000000000000;3ff0000000000000;3ff0000000000000;3ff0000000000000;3ff0000000000000;3ff0000000000000;3ff0000000000000;7ff0000000000000,Refused { node: "mass_dry", reason: "an input is not a finite number" }
mass_dry,3ff0000000000000;3ff0000000000000;3ff0000000000000;3ff0000000000000;3ff0000000000000;3ff0000000000000;3ff0000000000000;3ff0000000000000;c26d1a94a2000000,OutOfDomain { node: "mass_dry", field: "m_dry", value: -7999999999992.0, bound: 1.0, edge: Lower, unit: Kilogram, reason: "below a kilogram there is no spacecraft" }
mass_dry,3ff0000000000000;3ff0000000000000;3ff0000000000000;3ff0000000000000;3ff0000000000000;3ff0000000000000;3ff0000000000000;3ff0000000000000;426d1a94a2000000,OutOfDomain { node: "mass_dry", field: "m_dry", value: 8000000000008.0, bound: 5000.0, edge: Upper, unit: Kilogram, reason: "above 5 tonnes the vehicle is not in this class" }
mass_dry,3ff0000000000000;3ff0000000000000;3ff0000000000000;3ff0000000000000;3ff0000000000000;3ff0000000000000;3ff0000000000000;3ff0000000000000;0000000000000000,4020000000000000
mass_dry,3ff0000000000000;3ff0000000000000;3ff0000000000000;3ff0000000000000;3ff0000000000000;3ff0000000000000;3ff0000000000000;3ff0000000000000;bff0000000000000,OutOfDomain { node: "mass_dry", field: "m_dry", value: 0.0, bound: 1.0, edge: Lower, unit: Kilogram, reason: "below a kilogram there is no spacecraft" }
mass_margin,7ff8000000000000;3ff0000000000000,Refused { node: "mass_margin", reason: "an input is not a finite number" }
mass_margin,7ff0000000000000;3ff0000000000000,Refused { node: "mass_margin", reason: "an input is not a finite number" }
mass_margin,c26d1a94a2000000;3ff0000000000000,OutOfDomain { node: "mass_margin", field: "M_mass", value: 1.000000000001, bound: 1.0, edge: Upper, unit: One, reason: "a margin of one means the spacecraft weighs nothing" }
mass_margin,426d1a94a2000000;3ff0000000000000,3fefffffffffdcd1
mass_margin,0000000000000000;3ff0000000000000,Degenerate { node: "mass_margin", field: "M_mass", reason: "the value here is not a finite number" }
mass_margin,bff0000000000000;3ff0000000000000,OutOfDomain { node: "mass_margin", field: "M_mass", value: 2.0, bound: 1.0, edge: Upper, unit: One, reason: "a margin of one means the spacecraft weighs nothing" }
mass_margin,3ff0000000000000;7ff8000000000000,Refused { node: "mass_margin", reason: "an input is not a finite number" }
mass_margin,3ff0000000000000;7ff0000000000000,Refused { node: "mass_margin", reason: "an input is not a finite number" }
mass_margin,3ff0000000000000;c26d1a94a2000000,OutOfDomain { node: "mass_margin", field: "M_mass", value: 1000000000001.0, bound: 1.0, edge: Upper, unit: One, reason: "a margin of one means the spacecraft weighs nothing" }
mass_margin,3ff0000000000000;426d1a94a2000000,OutOfDomain { node: "mass_margin", field: "M_mass", value: -999999999999.0, bound: -5.0, edge: Lower, unit: One, reason: "a margin below -500% means the design is five times over and the inputs are wrong" }
mass_margin,3ff0000000000000;0000000000000000,3ff0000000000000
mass_margin,3ff0000000000000;bff0000000000000,OutOfDomain { node: "mass_margin", field: "M_mass", value: 2.0, bound: 1.0, edge: Upper, unit: One, reason: "a margin of one means the spacecraft weighs nothing" }
mass_wet,7ff8000000000000;3ff0000000000000,Refused { node: "mass_wet", reason: "an input is not a finite number" }
mass_wet,7ff0000000000000;3ff0000000000000,Refused { node: "mass_wet", reason: "an input is not a finite number" }
mass_wet,c26d1a94a2000000;3ff0000000000000,OutOfDomain { node: "mass_wet", field: "m_wet", value: -999999999999.0, bound: 1.0, edge: Lower, unit: Kilogram, reason: "below a kilogram there is no spacecraft" }
mass_wet,426d1a94a2000000;3ff0000000000000,OutOfDomain { node: "mass_wet", field: "m_wet", value: 1000000000001.0, bound: 6000.0, edge: Upper, unit: Kilogram, reason: "above 6 tonnes the vehicle is not in this class" }
mass_wet,0000000000000000;3ff0000000000000,3ff0000000000000
mass_wet,bff0000000000000;3ff0000000000000,OutOfDomain { node: "mass_wet", field: "m_wet", value: 0.0, bound: 1.0, edge: Lower, unit: Kilogram, reason: "below a kilogram there is no spacecraft" }
mass_wet,3ff0000000000000;7ff8000000000000,Refused { node: "mass_wet", reason: "an input is not a finite number" }
mass_wet,3ff0000000000000;7ff0000000000000,Refused { node: "mass_wet", reason: "an input is not a finite number" }
mass_wet,3ff0000000000000;c26d1a94a2000000,OutOfDomain { node: "mass_wet", field: "m_wet", value: -999999999999.0, bound: 1.0, edge: Lower, unit: Kilogram, reason: "below a kilogram there is no spacecraft" }
mass_wet,3ff0000000000000;426d1a94a2000000,OutOfDomain { node: "mass_wet", field: "m_wet", value: 1000000000001.0, bound: 6000.0, edge: Upper, unit: Kilogram, reason: "above 6 tonnes the vehicle is not in this class" }
mass_wet,3ff0000000000000;0000000000000000,3ff0000000000000
mass_wet,3ff0000000000000;bff0000000000000,OutOfDomain { node: "mass_wet", field: "m_wet", value: 0.0, bound: 1.0, edge: Lower, unit: Kilogram, reason: "below a kilogram there is no spacecraft" }
mis_access_area,7ff8000000000000,Refused { node: "mis_access_area", reason: "an input is not a finite number" }
mis_access_area,7ff0000000000000,Refused { node: "mis_access_area", reason: "an input is not a finite number" }
mis_access_area,c26d1a94a2000000,42c82f006deb6c56
mis_access_area,426d1a94a2000000,42c82f006deb6c56
mis_access_area,0000000000000000,0000000000000000
mis_access_area,bff0000000000000,42daa8272692f8a3
mis_availability,7ff8000000000000;3ff0000000000000,Refused { node: "mis_availability", reason: "an input is not a finite number" }
mis_availability,7ff0000000000000;3ff0000000000000,Refused { node: "mis_availability", reason: "an input is not a finite number" }
mis_availability,c26d1a94a2000000;3ff0000000000000,OutOfDomain { node: "mis_availability", field: "A_svc", value: -1000000000000.0, bound: 0.0, edge: Lower, unit: One, reason: "an availability cannot be negative" }
mis_availability,426d1a94a2000000;3ff0000000000000,OutOfDomain { node: "mis_availability", field: "A_svc", value: 1000000000000.0, bound: 1.0, edge: Upper, unit: One, reason: "an availability cannot exceed one" }
mis_availability,0000000000000000;3ff0000000000000,0000000000000000
mis_availability,bff0000000000000;3ff0000000000000,OutOfDomain { node: "mis_availability", field: "A_svc", value: -1.0, bound: 0.0, edge: Lower, unit: One, reason: "an availability cannot be negative" }
mis_availability,3ff0000000000000;7ff8000000000000,Refused { node: "mis_availability", reason: "an input is not a finite number" }
mis_availability,3ff0000000000000;7ff0000000000000,Refused { node: "mis_availability", reason: "an input is not a finite number" }
mis_availability,3ff0000000000000;c26d1a94a2000000,3ff0000000000000
mis_availability,3ff0000000000000;426d1a94a2000000,Degenerate { node: "mis_availability", field: "A_svc", reason: "the value here is not a finite number" }
mis_availability,3ff0000000000000;0000000000000000,3ff0000000000000
mis_availability,3ff0000000000000;bff0000000000000,3ff0000000000000
mis_coverage_fraction,7ff8000000000000,Refused { node: "mis_coverage_fraction", reason: "an input is not a finite number" }
mis_coverage_fraction,7ff0000000000000,Refused { node: "mis_coverage_fraction", reason: "an input is not a finite number" }
mis_coverage_fraction,c26d1a94a2000000,3fbab0e3dd41fe7c
mis_coverage_fraction,426d1a94a2000000,3fbab0e3dd41fe7c
mis_coverage_fraction,0000000000000000,0000000000000000
mis_coverage_fraction,bff0000000000000,3fcd6bafe095f2e8
mis_latency,7ff8000000000000;3ff0000000000000;3ff0000000000000;3ff0000000000000,Refused { node: "mis_latency", reason: "an input is not a finite number" }
mis_latency,7ff0000000000000;3ff0000000000000;3ff0000000000000;3ff0000000000000,Refused { node: "mis_latency", reason: "an input is not a finite number" }
mis_latency,c26d1a94a2000000;3ff0000000000000;3ff0000000000000;3ff0000000000000,OutOfDomain { node: "mis_latency", field: "t_lat", value: -999999999997.0, bound: 0.0, edge: Lower, unit: Second, reason: "a latency cannot be negative" }
mis_latency,426d1a94a2000000;3ff0000000000000;3ff0000000000000;3ff0000000000000,OutOfDomain { node: "mis_latency", field: "t_lat", value: 1000000000003.0, bound: 172800.0, edge: Upper, unit: Second, reason: "above two days the product is not the near-real-time one being sold" }
mis_latency,0000000000000000;3ff0000000000000;3ff0000000000000;3ff0000000000000,4008000000000000
mis_latency,bff0000000000000;3ff0000000000000;3ff0000000000000;3ff0000000000000,4000000000000000
mis_latency,3ff0000000000000;7ff8000000000000;3ff0000000000000;3ff0000000000000,Refused { node: "mis_latency", reason: "an input is not a finite number" }
mis_latency,3ff0000000000000;7ff0000000000000;3ff0000000000000;3ff0000000000000,Refused { node: "mis_latency", reason: "an input is not a finite number" }
mis_latency,3ff0000000000000;c26d1a94a2000000;3ff0000000000000;3ff0000000000000,OutOfDomain { node: "mis_latency", field: "t_lat", value: -999999999997.0, bound: 0.0, edge: Lower, unit: Second, reason: "a latency cannot be negative" }
mis_latency,3ff0000000000000;426d1a94a2000000;3ff0000000000000;3ff0000000000000,OutOfDomain { node: "mis_latency", field: "t_lat", value: 1000000000003.0, bound: 172800.0, edge: Upper, unit: Second, reason: "above two days the product is not the near-real-time one being sold" }
mis_latency,3ff0000000000000;0000000000000000;3ff0000000000000;3ff0000000000000,4008000000000000
mis_latency,3ff0000000000000;bff0000000000000;3ff0000000000000;3ff0000000000000,4000000000000000
mis_latency,3ff0000000000000;3ff0000000000000;7ff8000000000000;3ff0000000000000,Refused { node: "mis_latency", reason: "an input is not a finite number" }
mis_latency,3ff0000000000000;3ff0000000000000;7ff0000000000000;3ff0000000000000,Refused { node: "mis_latency", reason: "an input is not a finite number" }
mis_latency,3ff0000000000000;3ff0000000000000;c26d1a94a2000000;3ff0000000000000,OutOfDomain { node: "mis_latency", field: "t_lat", value: -999999999997.0, bound: 0.0, edge: Lower, unit: Second, reason: "a latency cannot be negative" }
mis_latency,3ff0000000000000;3ff0000000000000;426d1a94a2000000;3ff0000000000000,OutOfDomain { node: "mis_latency", field: "t_lat", value: 1000000000003.0, bound: 172800.0, edge: Upper, unit: Second, reason: "above two days the product is not the near-real-time one being sold" }
mis_latency,3ff0000000000000;3ff0000000000000;0000000000000000;3ff0000000000000,4008000000000000
mis_latency,3ff0000000000000;3ff0000000000000;bff0000000000000;3ff0000000000000,4000000000000000
mis_latency,3ff0000000000000;3ff0000000000000;3ff0000000000000;7ff8000000000000,Refused { node: "mis_latency", reason: "an input is not a finite number" }
mis_latency,3ff0000000000000;3ff0000000000000;3ff0000000000000;7ff0000000000000,Refused { node: "mis_latency", reason: "an input is not a finite number" }
mis_latency,3ff0000000000000;3ff0000000000000;3ff0000000000000;c26d1a94a2000000,OutOfDomain { node: "mis_latency", field: "t_lat", value: -999999999997.0, bound: 0.0, edge: Lower, unit: Second, reason: "a latency cannot be negative" }
mis_latency,3ff0000000000000;3ff0000000000000;3ff0000000000000;426d1a94a2000000,OutOfDomain { node: "mis_latency", field: "t_lat", value: 1000000000003.0, bound: 172800.0, edge: Upper, unit: Second, reason: "above two days the product is not the near-real-time one being sold" }
mis_latency,3ff0000000000000;3ff0000000000000;3ff0000000000000;0000000000000000,4008000000000000
mis_latency,3ff0000000000000;3ff0000000000000;3ff0000000000000;bff0000000000000,4000000000000000
mis_revisit,7ff8000000000000;3ff0000000000000;3ff0000000000000,Refused { node: "mis_revisit", reason: "an input is not a finite number" }
mis_revisit,7ff0000000000000;3ff0000000000000;3ff0000000000000,Refused { node: "mis_revisit", reason: "an input is not a finite number" }
mis_revisit,c26d1a94a2000000;3ff0000000000000;3ff0000000000000,OutOfDomain { node: "mis_revisit", field: "t_rev", value: -510.06588097287187, bound: 0.0, edge: Lower, unit: Second, reason: "a revisit time cannot be negative" }
mis_revisit,426d1a94a2000000;3ff0000000000000;3ff0000000000000,407fe10dd934fe9d
mis_revisit,0000000000000000;3ff0000000000000;3ff0000000000000,Degenerate { node: "mis_revisit", field: "t_rev", reason: "the value here is not a finite number" }
mis_revisit,bff0000000000000;3ff0000000000000;3ff0000000000000,OutOfDomain { node: "mis_revisit", field: "t_rev", value: -510065880972871.9, bound: 0.0, edge: Lower, unit: Second, reason: "a revisit time cannot be negative" }
mis_revisit,3ff0000000000000;7ff8000000000000;3ff0000000000000,Refused { node: "mis_revisit", reason: "an input is not a finite number" }
mis_revisit,3ff0000000000000;7ff0000000000000;3ff0000000000000,Refused { node: "mis_revisit", reason: "an input is not a finite number" }
mis_revisit,3ff0000000000000;c26d1a94a2000000;3ff0000000000000,OutOfDomain { node: "mis_revisit", field: "t_rev", value: -510.06588097287187, bound: 0.0, edge: Lower, unit: Second, reason: "a revisit time cannot be negative" }
mis_revisit,3ff0000000000000;426d1a94a2000000;3ff0000000000000,407fe10dd934fe9d
mis_revisit,3ff0000000000000;0000000000000000;3ff0000000000000,Degenerate { node: "mis_revisit", field: "t_rev", reason: "the value here is not a finite number" }
mis_revisit,3ff0000000000000;bff0000000000000;3ff0000000000000,OutOfDomain { node: "mis_revisit", field: "t_rev", value: -510065880972871.9, bound: 0.0, edge: Lower, unit: Second, reason: "a revisit time cannot be negative" }
mis_revisit,3ff0000000000000;3ff0000000000000;7ff8000000000000,Refused { node: "mis_revisit", reason: "an input is not a finite number" }
mis_revisit,3ff0000000000000;3ff0000000000000;7ff0000000000000,Refused { node: "mis_revisit", reason: "an input is not a finite number" }
mis_revisit,3ff0000000000000;3ff0000000000000;c26d1a94a2000000,OutOfDomain { node: "mis_revisit", field: "t_rev", value: -510.06588097287187, bound: 0.0, edge: Lower, unit: Second, reason: "a revisit time cannot be negative" }
mis_revisit,3ff0000000000000;3ff0000000000000;426d1a94a2000000,407fe10dd934fe9d
mis_revisit,3ff0000000000000;3ff0000000000000;0000000000000000,Degenerate { node: "mis_revisit", field: "t_rev", reason: "the value here is not a finite number" }
mis_revisit,3ff0000000000000;3ff0000000000000;bff0000000000000,OutOfDomain { node: "mis_revisit", field: "t_rev", value: -510065880972871.9, bound: 0.0, edge: Lower, unit: Second, reason: "a revisit time cannot be negative" }
mis_satellites_required,7ff8000000000000;3ff0000000000000;3ff0000000000000,Refused { node: "mis_satellites_required", reason: "an input is not a finite number" }
mis_satellites_required,7ff0000000000000;3ff0000000000000;3ff0000000000000,Refused { node: "mis_satellites_required", reason: "an input is not a finite number" }
mis_satellites_required,c26d1a94a2000000;3ff0000000000000;3ff0000000000000,OutOfDomain { node: "mis_satellites_required", field: "N_req", value: -510.06588097287187, bound: 0.0, edge: Lower, unit: One, reason: "a satellite count cannot be negative" }
mis_satellites_required,426d1a94a2000000;3ff0000000000000;3ff0000000000000,407fe10dd934fe9d
mis_satellites_required,0000000000000000;3ff0000000000000;3ff0000000000000,Degenerate { node: "mis_satellites_required", field: "N_req", reason: "the value here is not a finite number" }
mis_satellites_required,bff0000000000000;3ff0000000000000;3ff0000000000000,OutOfDomain { node: "mis_satellites_required", field: "N_req", value: -510065880972871.9, bound: 0.0, edge: Lower, unit: One, reason: "a satellite count cannot be negative" }
mis_satellites_required,3ff0000000000000;7ff8000000000000;3ff0000000000000,Refused { node: "mis_satellites_required", reason: "an input is not a finite number" }
mis_satellites_required,3ff0000000000000;7ff0000000000000;3ff0000000000000,Refused { node: "mis_satellites_required", reason: "an input is not a finite number" }
mis_satellites_required,3ff0000000000000;c26d1a94a2000000;3ff0000000000000,OutOfDomain { node: "mis_satellites_required", field: "N_req", value: -510.06588097287187, bound: 0.0, edge: Lower, unit: One, reason: "a satellite count cannot be negative" }
mis_satellites_required,3ff0000000000000;426d1a94a2000000;3ff0000000000000,407fe10dd934fe9d
mis_satellites_required,3ff0000000000000;0000000000000000;3ff0000000000000,Degenerate { node: "mis_satellites_required", field: "N_req", reason: "the value here is not a finite number" }
mis_satellites_required,3ff0000000000000;bff0000000000000;3ff0000000000000,OutOfDomain { node: "mis_satellites_required", field: "N_req", value: -510065880972871.9, bound: 0.0, edge: Lower, unit: One, reason: "a satellite count cannot be negative" }
mis_satellites_required,3ff0000000000000;3ff0000000000000;7ff8000000000000,Refused { node: "mis_satellites_required", reason: "an input is not a finite number" }
mis_satellites_required,3ff0000000000000;3ff0000000000000;7ff0000000000000,Refused { node: "mis_satellites_required", reason: "an input is not a finite number" }
mis_satellites_required,3ff0000000000000;3ff0000000000000;c26d1a94a2000000,OutOfDomain { node: "mis_satellites_required", field: "N_req", value: -510.06588097287187, bound: 0.0, edge: Lower, unit: One, reason: "a satellite count cannot be negative" }
mis_satellites_required,3ff0000000000000;3ff0000000000000;426d1a94a2000000,407fe10dd934fe9d
mis_satellites_required,3ff0000000000000;3ff0000000000000;0000000000000000,Degenerate { node: "mis_satellites_required", field: "N_req", reason: "the value here is not a finite number" }
mis_satellites_required,3ff0000000000000;3ff0000000000000;bff0000000000000,OutOfDomain { node: "mis_satellites_required", field: "N_req", value: -510065880972871.9, bound: 0.0, edge: Lower, unit: One, reason: "a satellite count cannot be negative" }
mis_time_to_downlink,7ff8000000000000,Refused { node: "mis_time_to_downlink", reason: "an input is not a finite number" }
mis_time_to_downlink,7ff0000000000000,Refused { node: "mis_time_to_downlink", reason: "an input is not a finite number" }
mis_time_to_downlink,c26d1a94a2000000,Degenerate { node: "mis_time_to_downlink", field: "t_dl", reason: "the value here is not a finite number" }
mis_time_to_downlink,426d1a94a2000000,3e67315cdfce0816
mis_time_to_downlink,0000000000000000,Degenerate { node: "mis_time_to_downlink", field: "t_dl", reason: "the value here is not a finite number" }
mis_time_to_downlink,bff0000000000000,Degenerate { node: "mis_time_to_downlink", field: "t_dl", reason: "the value here is not a finite number" }
orbit_decay_rate,7ff8000000000000;3ff0000000000000;3ff0000000000000,Refused { node: "orbit_decay_rate", reason: "an input is not a finite number" }
orbit_decay_rate,7ff0000000000000;3ff0000000000000;3ff0000000000000,Refused { node: "orbit_decay_rate", reason: "an input is not a finite number" }
orbit_decay_rate,c26d1a94a2000000;3ff0000000000000;3ff0000000000000,OutOfDomain { node: "orbit_decay_rate", field: "da_dt", value: 1.99649803856653e19, bound: 0.0, edge: Upper, unit: MetrePerSecond, reason: "drag cannot raise an orbit; a positive value here is a sign error upstream" }
orbit_decay_rate,426d1a94a2000000;3ff0000000000000;3ff0000000000000,OutOfDomain { node: "orbit_decay_rate", field: "da_dt", value: -1.99649803856653e19, bound: -10.0, edge: Lower, unit: MetrePerSecond, reason: "a decay faster than 10 m/s of semi-major axis per second is re-entry, not an orbit" }
orbit_decay_rate,0000000000000000;3ff0000000000000;3ff0000000000000,8000000000000000
orbit_decay_rate,bff0000000000000;3ff0000000000000;3ff0000000000000,OutOfDomain { node: "orbit_decay_rate", field: "da_dt", value: 19964980.385665298, bound: 0.0, edge: Upper, unit: MetrePerSecond, reason: "drag cannot raise an orbit; a positive value here is a sign error upstream" }
orbit_decay_rate,3ff0000000000000;7ff8000000000000;3ff0000000000000,Refused { node: "orbit_decay_rate", reason: "an input is not a finite number" }
orbit_decay_rate,3ff0000000000000;7ff0000000000000;3ff0000000000000,Refused { node: "orbit_decay_rate", reason: "an input is not a finite number" }
orbit_decay_rate,3ff0000000000000;c26d1a94a2000000;3ff0000000000000,OutOfDomain { node: "orbit_decay_rate", field: "da_dt", value: 1.9964980385665297e-5, bound: 0.0, edge: Upper, unit: MetrePerSecond, reason: "drag cannot raise an orbit; a positive value here is a sign error upstream" }
orbit_decay_rate,3ff0000000000000;426d1a94a2000000;3ff0000000000000,bef4ef4f0151576c
orbit_decay_rate,3ff0000000000000;0000000000000000;3ff0000000000000,Degenerate { node: "orbit_decay_rate", field: "da_dt", reason: "the value here is not a finite number" }
orbit_decay_rate,3ff0000000000000;bff0000000000000;3ff0000000000000,OutOfDomain { node: "orbit_decay_rate", field: "da_dt", value: 19964980.385665298, bound: 0.0, edge: Upper, unit: MetrePerSecond, reason: "drag cannot raise an orbit; a positive value here is a sign error upstream" }
orbit_decay_rate,3ff0000000000000;3ff0000000000000;7ff8000000000000,Refused { node: "orbit_decay_rate", reason: "an input is not a finite number" }
orbit_decay_rate,3ff0000000000000;3ff0000000000000;7ff0000000000000,Refused { node: "orbit_decay_rate", reason: "an input is not a finite number" }
orbit_decay_rate,3ff0000000000000;3ff0000000000000;c26d1a94a2000000,Degenerate { node: "orbit_decay_rate", field: "da_dt", reason: "the value here is not a finite number" }
orbit_decay_rate,3ff0000000000000;3ff0000000000000;426d1a94a2000000,OutOfDomain { node: "orbit_decay_rate", field: "da_dt", value: -19964980385665.297, bound: -10.0, edge: Lower, unit: MetrePerSecond, reason: "a decay faster than 10 m/s of semi-major axis per second is re-entry, not an orbit" }
orbit_decay_rate,3ff0000000000000;3ff0000000000000;0000000000000000,8000000000000000
orbit_decay_rate,3ff0000000000000;3ff0000000000000;bff0000000000000,Degenerate { node: "orbit_decay_rate", field: "da_dt", reason: "the value here is not a finite number" }
orbit_deorbit_delta_v,7ff8000000000000,Refused { node: "orbit_deorbit_delta_v", reason: "an input is not a finite number" }
orbit_deorbit_delta_v,7ff0000000000000,Refused { node: "orbit_deorbit_delta_v", reason: "an input is not a finite number" }
orbit_deorbit_delta_v,c26d1a94a2000000,Degenerate { node: "orbit_deorbit_delta_v", field: "dv_dis", reason: "the value here is not a finite number" }
orbit_deorbit_delta_v,426d1a94a2000000,4033e4adbca95fe5
orbit_deorbit_delta_v,0000000000000000,40327baa4520a300
orbit_deorbit_delta_v,bff0000000000000,40327bbe9fd12100
orbit_earth_central_angle,415948ca40000000;3fc6571855366847,3fc341447bb18157
orbit_earth_central_angle,7ff8000000000000;3fc6571855366847,Refused { node: "orbit_earth_central_angle", reason: "an input is not a finite number" }
orbit_earth_central_angle,7ff0000000000000;3fc6571855366847,Refused { node: "orbit_earth_central_angle", reason: "an input is not a finite number" }
orbit_earth_central_angle,c26d1a94a2000000;3fc6571855366847,3ff6571edfb8d0f3
orbit_earth_central_angle,426d1a94a2000000;3fc6571855366847,3ff65711b381ef2b
orbit_earth_central_angle,0000000000000000;3fc6571855366847,Degenerate { node: "orbit_earth_central_angle", field: "lambda", reason: "the value here is not a finite number" }
orbit_earth_central_angle,bff0000000000000;3fc6571855366847,Degenerate { node: "orbit_earth_central_angle", field: "lambda", reason: "the value here is not a finite number" }
orbit_earth_central_angle,415948ca40000000;7ff8000000000000,Refused { node: "orbit_earth_central_angle", reason: "an input is not a finite number" }
orbit_earth_central_angle,415948ca40000000;7ff0000000000000,Refused { node: "orbit_earth_central_angle", reason: "an input is not a finite number" }
orbit_earth_central_angle,415948ca40000000;c26d1a94a2000000,OutOfDomain { node: "orbit_earth_central_angle", field: "lambda", value: 1000000000000.705, bound: 1.5009831567151235, edge: Upper, unit: Radian, reason: "beyond 85 degrees the whole visible hemisphere is in view, which does not occur in this band" }
orbit_earth_central_angle,415948ca40000000;426d1a94a2000000,OutOfDomain { node: "orbit_earth_central_angle", field: "lambda", value: -999999999999.295, bound: 0.0, edge: Lower, unit: Radian, reason: "a negative half-angle means the target is below the horizon" }
orbit_earth_central_angle,415948ca40000000;0000000000000000,3fd1a23b323feae3
orbit_earth_central_angle,415948ca40000000;bff0000000000000,OutOfDomain { node: "orbit_earth_central_angle", field: "lambda", value: 2.024035298387401, bound: 1.5009831567151235, edge: Upper, unit: Radian, reason: "beyond 85 degrees the whole visible hemisphere is in view, which does not occur in this band" }
orbit_eclipse_fraction,415948ca40000000;3fe0c1523a8a6a7d,3fd97d7a7bf46be2
orbit_eclipse_fraction,7ff8000000000000;3fe0c1523a8a6a7d,Refused { node: "orbit_eclipse_fraction", reason: "an input is not a finite number" }
orbit_eclipse_fraction,7ff0000000000000;3fe0c1523a8a6a7d,Refused { node: "orbit_eclipse_fraction", reason: "an input is not a finite number" }
orbit_eclipse_fraction,c26d1a94a2000000;3fe0c1523a8a6a7d,Degenerate { node: "orbit_eclipse_fraction", field: "f_ecl", reason: "the value here is not a finite number" }
orbit_eclipse_fraction,426d1a94a2000000;3fe0c1523a8a6a7d,0000000000000000
orbit_eclipse_fraction,0000000000000000;3fe0c1523a8a6a7d,Degenerate { node: "orbit_eclipse_fraction", field: "f_ecl", reason: "the value here is not a finite number" }
orbit_eclipse_fraction,bff0000000000000;3fe0c1523a8a6a7d,Degenerate { node: "orbit_eclipse_fraction", field: "f_ecl", reason: "the value here is not a finite number" }
orbit_eclipse_fraction,415948ca40000000;7ff8000000000000,Refused { node: "orbit_eclipse_fraction", reason: "an input is not a finite number" }
orbit_eclipse_fraction,415948ca40000000;7ff0000000000000,Refused { node: "orbit_eclipse_fraction", reason: "an input is not a finite number" }
orbit_eclipse_fraction,415948ca40000000;c26d1a94a2000000,3fd8da10cbde641a
orbit_eclipse_fraction,415948ca40000000;426d1a94a2000000,3fd8da10cbde641a
orbit_eclipse_fraction,415948ca40000000;0000000000000000,3fda631358812477
orbit_eclipse_fraction,415948ca40000000;bff0000000000000,3fd54019d83b9791
orbit_ground_track_speed,7ff8000000000000;3ff0000000000000,Refused { node: "orbit_ground_track_speed", reason: "an input is not a finite number" }
orbit_ground_track_speed,7ff0000000000000;3ff0000000000000,Refused { node: "orbit_ground_track_speed", reason: "an input is not a finite number" }
orbit_ground_track_speed,c26d1a94a2000000;3ff0000000000000,OutOfDomain { node: "orbit_ground_track_speed", field: "V_g", value: -6.378137e18, bound: 6000.0, edge: Lower, unit: MetrePerSecond, reason: "below 6 km/s is outside this tool's altitude band" }
orbit_ground_track_speed,426d1a94a2000000;3ff0000000000000,OutOfDomain { node: "orbit_ground_track_speed", field: "V_g", value: 6.378137e18, bound: 8000.0, edge: Upper, unit: MetrePerSecond, reason: "the ground track can never move faster than the orbital speed" }
orbit_ground_track_speed,0000000000000000;3ff0000000000000,OutOfDomain { node: "orbit_ground_track_speed", field: "V_g", value: 0.0, bound: 6000.0, edge: Lower, unit: MetrePerSecond, reason: "below 6 km/s is outside this tool's altitude band" }
orbit_ground_track_speed,bff0000000000000;3ff0000000000000,OutOfDomain { node: "orbit_ground_track_speed", field: "V_g", value: -6378137.0, bound: 6000.0, edge: Lower, unit: MetrePerSecond, reason: "below 6 km/s is outside this tool's altitude band" }
orbit_ground_track_speed,3ff0000000000000;7ff8000000000000,Refused { node: "orbit_ground_track_speed", reason: "an input is not a finite number" }
orbit_ground_track_speed,3ff0000000000000;7ff0000000000000,Refused { node: "orbit_ground_track_speed", reason: "an input is not a finite number" }
orbit_ground_track_speed,3ff0000000000000;c26d1a94a2000000,OutOfDomain { node: "orbit_ground_track_speed", field: "V_g", value: -6.378137e-6, bound: 6000.0, edge: Lower, unit: MetrePerSecond, reason: "below 6 km/s is outside this tool's altitude band" }
orbit_ground_track_speed,3ff0000000000000;426d1a94a2000000,OutOfDomain { node: "orbit_ground_track_speed", field: "V_g", value: 6.378137e-6, bound: 6000.0, edge: Lower, unit: MetrePerSecond, reason: "below 6 km/s is outside this tool's altitude band" }
orbit_ground_track_speed,3ff0000000000000;0000000000000000,Degenerate { node: "orbit_ground_track_speed", field: "V_g", reason: "the value here is not a finite number" }
orbit_ground_track_speed,3ff0000000000000;bff0000000000000,OutOfDomain { node: "orbit_ground_track_speed", field: "V_g", value: -6378137.0, bound: 6000.0, edge: Lower, unit: MetrePerSecond, reason: "below 6 km/s is outside this tool's altitude band" }
orbit_lifetime_uncontrolled,7ff8000000000000;3ff0000000000000;3ff0000000000000,Refused { node: "orbit_lifetime_uncontrolled", reason: "an input is not a finite number" }
orbit_lifetime_uncontrolled,7ff0000000000000;3ff0000000000000;3ff0000000000000,Refused { node: "orbit_lifetime_uncontrolled", reason: "an input is not a finite number" }
orbit_lifetime_uncontrolled,c26d1a94a2000000;3ff0000000000000;3ff0000000000000,Degenerate { node: "orbit_lifetime_uncontrolled", field: "t_life", reason: "the value here is not a finite number" }
orbit_lifetime_uncontrolled,426d1a94a2000000;3ff0000000000000;3ff0000000000000,0000000000000000
orbit_lifetime_uncontrolled,0000000000000000;3ff0000000000000;3ff0000000000000,4058333a8b518de8
orbit_lifetime_uncontrolled,bff0000000000000;3ff0000000000000;3ff0000000000000,40583347d2945eec
orbit_lifetime_uncontrolled,3ff0000000000000;7ff8000000000000;3ff0000000000000,Refused { node: "orbit_lifetime_uncontrolled", reason: "an input is not a finite number" }
orbit_lifetime_uncontrolled,3ff0000000000000;7ff0000000000000;3ff0000000000000,Refused { node: "orbit_lifetime_uncontrolled", reason: "an input is not a finite number" }
orbit_lifetime_uncontrolled,3ff0000000000000;c26d1a94a2000000;3ff0000000000000,0000000000000000
orbit_lifetime_uncontrolled,3ff0000000000000;426d1a94a2000000;3ff0000000000000,OutOfDomain { node: "orbit_lifetime_uncontrolled", field: "t_life", value: 96799637808283.92, bound: 3153600000.0, edge: Upper, unit: Second, reason: "above 100 years the 25-year debris rule is violated and the number's precision is irrelevant" }
orbit_lifetime_uncontrolled,3ff0000000000000;0000000000000000;3ff0000000000000,0000000000000000
orbit_lifetime_uncontrolled,3ff0000000000000;bff0000000000000;3ff0000000000000,0000000000000000
orbit_lifetime_uncontrolled,3ff0000000000000;3ff0000000000000;7ff8000000000000,Refused { node: "orbit_lifetime_uncontrolled", reason: "an input is not a finite number" }
orbit_lifetime_uncontrolled,3ff0000000000000;3ff0000000000000;7ff0000000000000,Refused { node: "orbit_lifetime_uncontrolled", reason: "an input is not a finite number" }
orbit_lifetime_uncontrolled,3ff0000000000000;3ff0000000000000;c26d1a94a2000000,4058332d440ece5d
orbit_lifetime_uncontrolled,3ff0000000000000;3ff0000000000000;426d1a94a2000000,4058332d440ece5d
orbit_lifetime_uncontrolled,3ff0000000000000;3ff0000000000000;0000000000000000,4058332d440ece5d
orbit_lifetime_uncontrolled,3ff0000000000000;3ff0000000000000;bff0000000000000,4058332d440ece5d
orbit_makeup_delta_v,7ff8000000000000,Refused { node: "orbit_makeup_delta_v", reason: "an input is not a finite number" }
orbit_makeup_delta_v,7ff0000000000000,Refused { node: "orbit_makeup_delta_v", reason: "an input is not a finite number" }
orbit_makeup_delta_v,c26d1a94a2000000,OutOfDomain { node: "orbit_makeup_delta_v", field: "dv_dm", value: -3.15576e19, bound: 0.0, edge: Lower, unit: MetrePerSecond, reason: "make-up delta-v cannot be negative" }
orbit_makeup_delta_v,426d1a94a2000000,OutOfDomain { node: "orbit_makeup_delta_v", field: "dv_dm", value: 3.15576e19, bound: 100000.0, edge: Upper, unit: MetrePerSecond, reason: "above 100 km/s a year no propulsion system of any kind closes, and the answer is that the altitude is wrong" }
orbit_makeup_delta_v,0000000000000000,0000000000000000
orbit_makeup_delta_v,bff0000000000000,OutOfDomain { node: "orbit_makeup_delta_v", field: "dv_dm", value: -31557600.0, bound: 0.0, edge: Lower, unit: MetrePerSecond, reason: "make-up delta-v cannot be negative" }
orbit_mission_duration,7ff8000000000000,Refused { node: "orbit_mission_duration", reason: "an input is not a finite number" }
orbit_mission_duration,7ff0000000000000,Refused { node: "orbit_mission_duration", reason: "an input is not a finite number" }
orbit_mission_duration,c26d1a94a2000000,OutOfDomain { node: "orbit_mission_duration", field: "T_mis", value: -1000000000000.0, bound: 15778800.0, edge: Lower, unit: Second, reason: "below six months the programme cannot amortise a satellite, so it is not the mission being designed" }
orbit_mission_duration,426d1a94a2000000,OutOfDomain { node: "orbit_mission_duration", field: "T_mis", value: 1000000000000.0, bound: 473364000.0, edge: Upper, unit: Second, reason: "above 15 years the cost model, the degradation model and the battery cycle model are all extrapolated well past their fits" }
orbit_mission_duration,0000000000000000,OutOfDomain { node: "orbit_mission_duration", field: "T_mis", value: 0.0, bound: 15778800.0, edge: Lower, unit: Second, reason: "below six months the programme cannot amortise a satellite, so it is not the mission being designed" }
orbit_mission_duration,bff0000000000000,OutOfDomain { node: "orbit_mission_duration", field: "T_mis", value: -1.0, bound: 15778800.0, edge: Lower, unit: Second, reason: "below six months the programme cannot amortise a satellite, so it is not the mission being designed" }
orbit_nodal_regression,415948ca40000000;0000000000000000;3ffaf9ce9db25801,3e8b241c1eb4bba7
orbit_nodal_regression,7ff8000000000000;0000000000000000;3ffaf9ce9db25801,Refused { node: "orbit_nodal_regression", reason: "an input is not a finite number" }
orbit_nodal_regression,7ff0000000000000;0000000000000000;3ffaf9ce9db25801,Refused { node: "orbit_nodal_regression", reason: "an input is not a finite number" }
orbit_nodal_regression,c26d1a94a2000000;0000000000000000;3ffaf9ce9db25801,Degenerate { node: "orbit_nodal_regression", field: "dOmega", reason: "the value here is not a finite number" }
orbit_nodal_regression,426d1a94a2000000;0000000000000000;3ffaf9ce9db25801,3ac7755370384575
orbit_nodal_regression,0000000000000000;0000000000000000;3ffaf9ce9db25801,Degenerate { node: "orbit_nodal_regression", field: "dOmega", reason: "the value here is not a finite number" }
orbit_nodal_regression,bff0000000000000;0000000000000000;3ffaf9ce9db25801,Degenerate { node: "orbit_nodal_regression", field: "dOmega", reason: "the value here is not a finite number" }
orbit_nodal_regression,415948ca40000000;7ff8000000000000;3ffaf9ce9db25801,Refused { node: "orbit_nodal_regression", reason: "an input is not a finite number" }
orbit_nodal_regression,415948ca40000000;7ff0000000000000;3ffaf9ce9db25801,Refused { node: "orbit_nodal_regression", reason: "an input is not a finite number" }
orbit_nodal_regression,415948ca40000000;c26d1a94a2000000;3ffaf9ce9db25801,3493d55642c5532d
orbit_nodal_regression,415948ca40000000;426d1a94a2000000;3ffaf9ce9db25801,3493d55642c5532d
orbit_nodal_regression,415948ca40000000;0000000000000000;3ffaf9ce9db25801,3e8b241c1eb4bba7
orbit_nodal_regression,415948ca40000000;bff0000000000000;3ffaf9ce9db25801,Degenerate { node: "orbit_nodal_regression", field: "dOmega", reason: "the value here is not a finite number" }
orbit_nodal_regression,415948ca40000000;0000000000000000;7ff8000000000000,Refused { node: "orbit_nodal_regression", reason: "an input is not a finite number" }
orbit_nodal_regression,415948ca40000000;0000000000000000;7ff0000000000000,Refused { node: "orbit_nodal_regression", reason: "an input is not a finite number" }
orbit_nodal_regression,415948ca40000000;0000000000000000;c26d1a94a2000000,beb75cbba294e689
orbit_nodal_regression,415948ca40000000;0000000000000000;426d1a94a2000000,beb75cbba294e689
orbit_nodal_regression,415948ca40000000;0000000000000000;0000000000000000,bebd846c405e6b1a
orbit_nodal_regression,415948ca40000000;0000000000000000;bff0000000000000,beafe5816116c300
orbit_period,415948ca40000000,40b4fa4baf7a0f15
orbit_period,7ff8000000000000,Refused { node: "orbit_period", reason: "an input is not a finite number" }
orbit_period,7ff0000000000000,Refused { node: "orbit_period", reason: "an input is not a finite number" }
orbit_period,c26d1a94a2000000,Degenerate { node: "orbit_period", field: "T_orb", reason: "the value here is not a finite number" }
orbit_period,426d1a94a2000000,OutOfDomain { node: "orbit_period", field: "T_orb", value: 314710317055.5011, bound: 6240.0, edge: Upper, unit: Second, reason: "6200 s corresponds to about 1000 km, outside this tool's band" }
orbit_period,0000000000000000,OutOfDomain { node: "orbit_period", field: "T_orb", value: 0.0, bound: 4980.0, edge: Lower, unit: Second, reason: "a period below 5000 s corresponds to an orbit inside the Earth" }
orbit_period,bff0000000000000,Degenerate { node: "orbit_period", field: "T_orb", reason: "the value here is not a finite number" }
orbit_radius,410e848000000000,415948ca40000000
orbit_radius,7ff8000000000000,Refused { node: "orbit_radius", reason: "an input is not a finite number" }
orbit_radius,7ff0000000000000,Refused { node: "orbit_radius", reason: "an input is not a finite number" }
orbit_radius,c26d1a94a2000000,OutOfDomain { node: "orbit_radius", field: "r", value: -999993621863.0, bound: 6400000.0, edge: Lower, unit: Metre, reason: "below the Earth's mean radius is not an orbit" }
orbit_radius,426d1a94a2000000,OutOfDomain { node: "orbit_radius", field: "r", value: 1000006378137.0, bound: 7000000.0, edge: Upper, unit: Metre, reason: "above 7000 km is outside the band this tool is scoped to" }
orbit_radius,0000000000000000,OutOfDomain { node: "orbit_radius", field: "r", value: 6378137.0, bound: 6400000.0, edge: Lower, unit: Metre, reason: "below the Earth's mean radius is not an orbit" }
orbit_radius,bff0000000000000,OutOfDomain { node: "orbit_radius", field: "r", value: 6378136.0, bound: 6400000.0, edge: Lower, unit: Metre, reason: "below the Earth's mean radius is not an orbit" }
orbit_slant_range,7ff8000000000000;3ff0000000000000,Refused { node: "orbit_slant_range", reason: "an input is not a finite number" }
orbit_slant_range,7ff0000000000000;3ff0000000000000,Refused { node: "orbit_slant_range", reason: "an input is not a finite number" }
orbit_slant_range,c26d1a94a2000000;3ff0000000000000,OutOfDomain { node: "orbit_slant_range", field: "d", value: 1000005367011.2847, bound: 4000000.0, edge: Upper, unit: Metre, reason: "beyond 4000 km the geometry is outside this tool's band" }
orbit_slant_range,426d1a94a2000000;3ff0000000000000,OutOfDomain { node: "orbit_slant_range", field: "d", value: 999994632976.8394, bound: 4000000.0, edge: Upper, unit: Metre, reason: "beyond 4000 km the geometry is outside this tool's band" }
orbit_slant_range,0000000000000000;3ff0000000000000,Degenerate { node: "orbit_slant_range", field: "d", reason: "the value here is not a finite number" }
orbit_slant_range,bff0000000000000;3ff0000000000000,Degenerate { node: "orbit_slant_range", field: "d", reason: "the value here is not a finite number" }
orbit_slant_range,3ff0000000000000;7ff8000000000000,Refused { node: "orbit_slant_range", reason: "an input is not a finite number" }
orbit_slant_range,3ff0000000000000;7ff0000000000000,Refused { node: "orbit_slant_range", reason: "an input is not a finite number" }
orbit_slant_range,3ff0000000000000;c26d1a94a2000000,Degenerate { node: "orbit_slant_range", field: "d", reason: "the value here is not a finite number" }
orbit_slant_range,3ff0000000000000;426d1a94a2000000,Degenerate { node: "orbit_slant_range", field: "d", reason: "the value here is not a finite number" }
orbit_slant_range,3ff0000000000000;0000000000000000,Degenerate { node: "orbit_slant_range", field: "d", reason: "the value here is not a finite number" }
orbit_slant_range,3ff0000000000000;bff0000000000000,Degenerate { node: "orbit_slant_range", field: "d", reason: "the value here is not a finite number" }
orbit_sun_sync_inclination,415948ca40000000;0000000000000000,3ffaf284c1f14da0
orbit_sun_sync_inclination,7ff8000000000000;0000000000000000,Refused { node: "orbit_sun_sync_inclination", reason: "an input is not a finite number" }
orbit_sun_sync_inclination,7ff0000000000000;0000000000000000,Refused { node: "orbit_sun_sync_inclination", reason: "an input is not a finite number" }
orbit_sun_sync_inclination,c26d1a94a2000000;0000000000000000,Degenerate { node: "orbit_sun_sync_inclination", field: "i_ss", reason: "no inclination gives Sun-synchronous regression at this radius" }
orbit_sun_sync_inclination,426d1a94a2000000;0000000000000000,Degenerate { node: "orbit_sun_sync_inclination", field: "i_ss", reason: "no inclination gives Sun-synchronous regression at this radius" }
orbit_sun_sync_inclination,0000000000000000;0000000000000000,3ff921fb54442d18
orbit_sun_sync_inclination,bff0000000000000;0000000000000000,Degenerate { node: "orbit_sun_sync_inclination", field: "i_ss", reason: "no inclination gives Sun-synchronous regression at this radius" }
orbit_sun_sync_inclination,415948ca40000000;7ff8000000000000,Refused { node: "orbit_sun_sync_inclination", reason: "an input is not a finite number" }
orbit_sun_sync_inclination,415948ca40000000;7ff0000000000000,Refused { node: "orbit_sun_sync_inclination", reason: "an input is not a finite number" }
orbit_sun_sync_inclination,415948ca40000000;c26d1a94a2000000,Degenerate { node: "orbit_sun_sync_inclination", field: "i_ss", reason: "no inclination gives Sun-synchronous regression at this radius" }
orbit_sun_sync_inclination,415948ca40000000;426d1a94a2000000,Degenerate { node: "orbit_sun_sync_inclination", field: "i_ss", reason: "no inclination gives Sun-synchronous regression at this radius" }
orbit_sun_sync_inclination,415948ca40000000;0000000000000000,3ffaf284c1f14da0
orbit_sun_sync_inclination,415948ca40000000;bff0000000000000,3ff921fb54442d18
orbit_swath_width,7ff8000000000000,Refused { node: "orbit_swath_width", reason: "an input is not a finite number" }
orbit_swath_width,7ff0000000000000,Refused { node: "orbit_swath_width", reason: "an input is not a finite number" }
orbit_swath_width,c26d1a94a2000000,OutOfDomain { node: "orbit_swath_width", field: "W", value: -1.27420176e19, bound: 1000.0, edge: Lower, unit: Metre, reason: "a swath below one kilometre would not be a swath" }
orbit_swath_width,426d1a94a2000000,OutOfDomain { node: "orbit_swath_width", field: "W", value: 1.27420176e19, bound: 40000000.0, edge: Upper, unit: Metre, reason: "a swath cannot exceed the Earth's circumference" }
orbit_swath_width,0000000000000000,OutOfDomain { node: "orbit_swath_width", field: "W", value: 0.0, bound: 1000.0, edge: Lower, unit: Metre, reason: "a swath below one kilometre would not be a swath" }
orbit_swath_width,bff0000000000000,OutOfDomain { node: "orbit_swath_width", field: "W", value: -12742017.6, bound: 1000.0, edge: Lower, unit: Metre, reason: "a swath below one kilometre would not be a swath" }
orbit_velocity,415948ca40000000,40be4ad872840c94
orbit_velocity,4159db4640000000,40bdf48ee4955ebc
orbit_velocity,7ff8000000000000,Refused { node: "orbit_velocity", reason: "an input is not a finite number" }
orbit_velocity,7ff0000000000000,Refused { node: "orbit_velocity", reason: "an input is not a finite number" }
orbit_velocity,c26d1a94a2000000,Degenerate { node: "orbit_velocity", field: "V", reason: "the value here is not a finite number" }
orbit_velocity,426d1a94a2000000,OutOfDomain { node: "orbit_velocity", field: "V", value: 19.964980385665296, bound: 7000.0, edge: Lower, unit: MetrePerSecond, reason: "below 7 km/s corresponds to an orbit above 1000 km, outside this tool's band" }
orbit_velocity,0000000000000000,Degenerate { node: "orbit_velocity", field: "V", reason: "the value here is not a finite number" }
orbit_velocity,bff0000000000000,Degenerate { node: "orbit_velocity", field: "V", reason: "the value here is not a finite number" }
pay_dwell_time,7ff8000000000000;3ff0000000000000,Refused { node: "pay_dwell_time", reason: "an input is not a finite number" }
pay_dwell_time,7ff0000000000000;3ff0000000000000,Refused { node: "pay_dwell_time", reason: "an input is not a finite number" }
pay_dwell_time,c26d1a94a2000000;3ff0000000000000,OutOfDomain { node: "pay_dwell_time", field: "t_dwell", value: -1000000000000.0, bound: 1e-9, edge: Lower, unit: Second, reason: "below a nanosecond no detector integrates" }
pay_dwell_time,426d1a94a2000000;3ff0000000000000,OutOfDomain { node: "pay_dwell_time", field: "t_dwell", value: 1000000000000.0, bound: 1.0, edge: Upper, unit: Second, reason: "above one second the ground has moved many samples during the integration" }
pay_dwell_time,0000000000000000;3ff0000000000000,OutOfDomain { node: "pay_dwell_time", field: "t_dwell", value: 0.0, bound: 1e-9, edge: Lower, unit: Second, reason: "below a nanosecond no detector integrates" }
pay_dwell_time,bff0000000000000;3ff0000000000000,OutOfDomain { node: "pay_dwell_time", field: "t_dwell", value: -1.0, bound: 1e-9, edge: Lower, unit: Second, reason: "below a nanosecond no detector integrates" }
pay_dwell_time,3ff0000000000000;7ff8000000000000,Refused { node: "pay_dwell_time", reason: "an input is not a finite number" }
pay_dwell_time,3ff0000000000000;7ff0000000000000,Refused { node: "pay_dwell_time", reason: "an input is not a finite number" }
pay_dwell_time,3ff0000000000000;c26d1a94a2000000,OutOfDomain { node: "pay_dwell_time", field: "t_dwell", value: -1e-12, bound: 1e-9, edge: Lower, unit: Second, reason: "below a nanosecond no detector integrates" }
pay_dwell_time,3ff0000000000000;426d1a94a2000000,OutOfDomain { node: "pay_dwell_time", field: "t_dwell", value: 1e-12, bound: 1e-9, edge: Lower, unit: Second, reason: "below a nanosecond no detector integrates" }
pay_dwell_time,3ff0000000000000;0000000000000000,Degenerate { node: "pay_dwell_time", field: "t_dwell", reason: "the value here is not a finite number" }
pay_dwell_time,3ff0000000000000;bff0000000000000,OutOfDomain { node: "pay_dwell_time", field: "t_dwell", value: -1.0, bound: 1e-9, edge: Lower, unit: Second, reason: "below a nanosecond no detector integrates" }
pay_geolocation_error,7ff8000000000000;3ff0000000000000,Refused { node: "pay_geolocation_error", reason: "an input is not a finite number" }
pay_geolocation_error,7ff0000000000000;3ff0000000000000,Refused { node: "pay_geolocation_error", reason: "an input is not a finite number" }
pay_geolocation_error,c26d1a94a2000000;3ff0000000000000,OutOfDomain { node: "pay_geolocation_error", field: "e_geo", value: -2.99792458e20, bound: 0.01, edge: Lower, unit: Metre, reason: "below a centimetre no time-difference system in this design performs that well" }
pay_geolocation_error,426d1a94a2000000;3ff0000000000000,OutOfDomain { node: "pay_geolocation_error", field: "e_geo", value: 2.99792458e20, bound: 10000000.0, edge: Upper, unit: Metre, reason: "above 10000 km the answer carries no information" }
pay_geolocation_error,0000000000000000;3ff0000000000000,OutOfDomain { node: "pay_geolocation_error", field: "e_geo", value: 0.0, bound: 0.01, edge: Lower, unit: Metre, reason: "below a centimetre no time-difference system in this design performs that well" }
pay_geolocation_error,bff0000000000000;3ff0000000000000,OutOfDomain { node: "pay_geolocation_error", field: "e_geo", value: -299792458.0, bound: 0.01, edge: Lower, unit: Metre, reason: "below a centimetre no time-difference system in this design performs that well" }
pay_geolocation_error,3ff0000000000000;7ff8000000000000,Refused { node: "pay_geolocation_error", reason: "an input is not a finite number" }
pay_geolocation_error,3ff0000000000000;7ff0000000000000,Refused { node: "pay_geolocation_error", reason: "an input is not a finite number" }
pay_geolocation_error,3ff0000000000000;c26d1a94a2000000,OutOfDomain { node: "pay_geolocation_error", field: "e_geo", value: -2.99792458e20, bound: 0.01, edge: Lower, unit: Metre, reason: "below a centimetre no time-difference system in this design performs that well" }
pay_geolocation_error,3ff0000000000000;426d1a94a2000000,OutOfDomain { node: "pay_geolocation_error", field: "e_geo", value: 2.99792458e20, bound: 10000000.0, edge: Upper, unit: Metre, reason: "above 10000 km the answer carries no information" }
pay_geolocation_error,3ff0000000000000;0000000000000000,OutOfDomain { node: "pay_geolocation_error", field: "e_geo", value: 0.0, bound: 0.01, edge: Lower, unit: Metre, reason: "below a centimetre no time-difference system in this design performs that well" }
pay_geolocation_error,3ff0000000000000;bff0000000000000,OutOfDomain { node: "pay_geolocation_error", field: "e_geo", value: -299792458.0, bound: 0.01, edge: Lower, unit: Metre, reason: "below a centimetre no time-difference system in this design performs that well" }
pay_gsd,7ff8000000000000;3ff0000000000000,Refused { node: "pay_gsd", reason: "an input is not a finite number" }
pay_gsd,7ff0000000000000;3ff0000000000000,Refused { node: "pay_gsd", reason: "an input is not a finite number" }
pay_gsd,c26d1a94a2000000;3ff0000000000000,3ff0000000000000
pay_gsd,426d1a94a2000000;3ff0000000000000,OutOfDomain { node: "pay_gsd", field: "GSD", value: 1000000000000.0, bound: 1000.0, edge: Upper, unit: Metre, reason: "above a kilometre no product in this design is being made" }
pay_gsd,0000000000000000;3ff0000000000000,3ff0000000000000
pay_gsd,bff0000000000000;3ff0000000000000,3ff0000000000000
pay_gsd,3ff0000000000000;7ff8000000000000,Refused { node: "pay_gsd", reason: "an input is not a finite number" }
pay_gsd,3ff0000000000000;7ff0000000000000,Refused { node: "pay_gsd", reason: "an input is not a finite number" }
pay_gsd,3ff0000000000000;c26d1a94a2000000,3ff0000000000000
pay_gsd,3ff0000000000000;426d1a94a2000000,OutOfDomain { node: "pay_gsd", field: "GSD", value: 1000000000000.0, bound: 1000.0, edge: Upper, unit: Metre, reason: "above a kilometre no product in this design is being made" }
pay_gsd,3ff0000000000000;0000000000000000,3ff0000000000000
pay_gsd,3ff0000000000000;bff0000000000000,3ff0000000000000
pay_gsd_detector,410e848000000000;3ed711947cfa26a2;4003333333333333,3fe2555555555556
pay_gsd_detector,7ff8000000000000;3ed711947cfa26a2;4003333333333333,Refused { node: "pay_gsd_detector", reason: "an input is not a finite number" }
pay_gsd_detector,7ff0000000000000;3ed711947cfa26a2;4003333333333333,Refused { node: "pay_gsd_detector", reason: "an input is not a finite number" }
pay_gsd_detector,c26d1a94a2000000;3ed711947cfa26a2;4003333333333333,OutOfDomain { node: "pay_gsd_detector", field: "GSD_p", value: -2291666.666666667, bound: 0.001, edge: Lower, unit: Metre, reason: "below a millimetre the relation is being fed a focal length that is not physical" }
pay_gsd_detector,426d1a94a2000000;3ed711947cfa26a2;4003333333333333,OutOfDomain { node: "pay_gsd_detector", field: "GSD_p", value: 2291666.666666667, bound: 1000.0, edge: Upper, unit: Metre, reason: "above a kilometre no product in this design is being made" }
pay_gsd_detector,0000000000000000;3ed711947cfa26a2;4003333333333333,OutOfDomain { node: "pay_gsd_detector", field: "GSD_p", value: 0.0, bound: 0.001, edge: Lower, unit: Metre, reason: "below a millimetre the relation is being fed a focal length that is not physical" }
pay_gsd_detector,bff0000000000000;3ed711947cfa26a2;4003333333333333,OutOfDomain { node: "pay_gsd_detector", field: "GSD_p", value: -2.2916666666666666e-6, bound: 0.001, edge: Lower, unit: Metre, reason: "below a millimetre the relation is being fed a focal length that is not physical" }
pay_gsd_detector,410e848000000000;7ff8000000000000;4003333333333333,Refused { node: "pay_gsd_detector", reason: "an input is not a finite number" }
pay_gsd_detector,410e848000000000;7ff0000000000000;4003333333333333,Refused { node: "pay_gsd_detector", reason: "an input is not a finite number" }
pay_gsd_detector,410e848000000000;c26d1a94a2000000;4003333333333333,OutOfDomain { node: "pay_gsd_detector", field: "GSD_p", value: -1.0416666666666667e17, bound: 0.001, edge: Lower, unit: Metre, reason: "below a millimetre the relation is being fed a focal length that is not physical" }
pay_gsd_detector,410e848000000000;426d1a94a2000000;4003333333333333,OutOfDomain { node: "pay_gsd_detector", field: "GSD_p", value: 1.0416666666666667e17, bound: 1000.0, edge: Upper, unit: Metre, reason: "above a kilometre no product in this design is being made" }
pay_gsd_detector,410e848000000000;0000000000000000;4003333333333333,OutOfDomain { node: "pay_gsd_detector", field: "GSD_p", value: 0.0, bound: 0.001, edge: Lower, unit: Metre, reason: "below a millimetre the relation is being fed a focal length that is not physical" }
pay_gsd_detector,410e848000000000;bff0000000000000;4003333333333333,OutOfDomain { node: "pay_gsd_detector", field: "GSD_p", value: -104166.66666666667, bound: 0.001, edge: Lower, unit: Metre, reason: "below a millimetre the relation is being fed a focal length that is not physical" }
pay_gsd_detector,410e848000000000;3ed711947cfa26a2;7ff8000000000000,Refused { node: "pay_gsd_detector", reason: "an input is not a finite number" }
pay_gsd_detector,410e848000000000;3ed711947cfa26a2;7ff0000000000000,Refused { node: "pay_gsd_detector", reason: "an input is not a finite number" }
pay_gsd_detector,410e848000000000;3ed711947cfa26a2;c26d1a94a2000000,OutOfDomain { node: "pay_gsd_detector", field: "GSD_p", value: -1.375e-12, bound: 0.001, edge: Lower, unit: Metre, reason: "below a millimetre the relation is being fed a focal length that is not physical" }
pay_gsd_detector,410e848000000000;3ed711947cfa26a2;426d1a94a2000000,OutOfDomain { node: "pay_gsd_detector", field: "GSD_p", value: 1.375e-12, bound: 0.001, edge: Lower, unit: Metre, reason: "below a millimetre the relation is being fed a focal length that is not physical" }
pay_gsd_detector,410e848000000000;3ed711947cfa26a2;0000000000000000,Degenerate { node: "pay_gsd_detector", field: "GSD_p", reason: "the value here is not a finite number" }
pay_gsd_detector,410e848000000000;3ed711947cfa26a2;bff0000000000000,OutOfDomain { node: "pay_gsd_detector", field: "GSD_p", value: -1.375, bound: 0.001, edge: Lower, unit: Metre, reason: "below a millimetre the relation is being fed a focal length that is not physical" }
pay_gsd_diffraction,410e848000000000;3ea27476ca61b882;3fd3333333333333,3fe1e4b17e4b17e5
pay_gsd_diffraction,7ff8000000000000;3ea27476ca61b882;3fd3333333333333,Refused { node: "pay_gsd_diffraction", reason: "an input is not a finite number" }
pay_gsd_diffraction,7ff0000000000000;3ea27476ca61b882;3fd3333333333333,Refused { node: "pay_gsd_diffraction", reason: "an input is not a finite number" }
pay_gsd_diffraction,c26d1a94a2000000;3ea27476ca61b882;3fd3333333333333,OutOfDomain { node: "pay_gsd_diffraction", field: "GSD_d", value: -2236666.666666667, bound: 0.001, edge: Lower, unit: Metre, reason: "below a millimetre the relation is being fed an aperture that is not physical" }
pay_gsd_diffraction,426d1a94a2000000;3ea27476ca61b882;3fd3333333333333,OutOfDomain { node: "pay_gsd_diffraction", field: "GSD_d", value: 2236666.666666667, bound: 1000.0, edge: Upper, unit: Metre, reason: "above a kilometre no product in this design is being made" }
pay_gsd_diffraction,0000000000000000;3ea27476ca61b882;3fd3333333333333,OutOfDomain { node: "pay_gsd_diffraction", field: "GSD_d", value: 0.0, bound: 0.001, edge: Lower, unit: Metre, reason: "below a millimetre the relation is being fed an aperture that is not physical" }
pay_gsd_diffraction,bff0000000000000;3ea27476ca61b882;3fd3333333333333,OutOfDomain { node: "pay_gsd_diffraction", field: "GSD_d", value: -2.2366666666666667e-6, bound: 0.001, edge: Lower, unit: Metre, reason: "below a millimetre the relation is being fed an aperture that is not physical" }
pay_gsd_diffraction,410e848000000000;7ff8000000000000;3fd3333333333333,Refused { node: "pay_gsd_diffraction", reason: "an input is not a finite number" }
pay_gsd_diffraction,410e848000000000;7ff0000000000000;3fd3333333333333,Refused { node: "pay_gsd_diffraction", reason: "an input is not a finite number" }
pay_gsd_diffraction,410e848000000000;c26d1a94a2000000;3fd3333333333333,OutOfDomain { node: "pay_gsd_diffraction", field: "GSD_d", value: -1.0166666666666668e18, bound: 0.001, edge: Lower, unit: Metre, reason: "below a millimetre the relation is being fed an aperture that is not physical" }
pay_gsd_diffraction,410e848000000000;426d1a94a2000000;3fd3333333333333,OutOfDomain { node: "pay_gsd_diffraction", field: "GSD_d", value: 1.0166666666666668e18, bound: 1000.0, edge: Upper, unit: Metre, reason: "above a kilometre no product in this design is being made" }
pay_gsd_diffraction,410e848000000000;0000000000000000;3fd3333333333333,OutOfDomain { node: "pay_gsd_diffraction", field: "GSD_d", value: 0.0, bound: 0.001, edge: Lower, unit: Metre, reason: "below a millimetre the relation is being fed an aperture that is not physical" }
pay_gsd_diffraction,410e848000000000;bff0000000000000;3fd3333333333333,OutOfDomain { node: "pay_gsd_diffraction", field: "GSD_d", value: -1016666.6666666667, bound: 0.001, edge: Lower, unit: Metre, reason: "below a millimetre the relation is being fed an aperture that is not physical" }
pay_gsd_diffraction,410e848000000000;3ea27476ca61b882;7ff8000000000000,Refused { node: "pay_gsd_diffraction", reason: "an input is not a finite number" }
pay_gsd_diffraction,410e848000000000;3ea27476ca61b882;7ff0000000000000,Refused { node: "pay_gsd_diffraction", reason: "an input is not a finite number" }
pay_gsd_diffraction,410e848000000000;3ea27476ca61b882;c26d1a94a2000000,OutOfDomain { node: "pay_gsd_diffraction", field: "GSD_d", value: -1.6775000000000002e-13, bound: 0.001, edge: Lower, unit: Metre, reason: "below a millimetre the relation is being fed an aperture that is not physical" }
pay_gsd_diffraction,410e848000000000;3ea27476ca61b882;426d1a94a2000000,OutOfDomain { node: "pay_gsd_diffraction", field: "GSD_d", value: 1.6775000000000002e-13, bound: 0.001, edge: Lower, unit: Metre, reason: "below a millimetre the relation is being fed an aperture that is not physical" }
pay_gsd_diffraction,410e848000000000;3ea27476ca61b882;0000000000000000,Degenerate { node: "pay_gsd_diffraction", field: "GSD_d", reason: "the value here is not a finite number" }
pay_gsd_diffraction,410e848000000000;3ea27476ca61b882;bff0000000000000,OutOfDomain { node: "pay_gsd_diffraction", field: "GSD_d", value: -0.16775, bound: 0.001, edge: Lower, unit: Metre, reason: "below a millimetre the relation is being fed an aperture that is not physical" }
pay_scene_volume,7ff8000000000000;3ff0000000000000;3ff0000000000000,Refused { node: "pay_scene_volume", reason: "an input is not a finite number" }
pay_scene_volume,7ff0000000000000;3ff0000000000000;3ff0000000000000,Refused { node: "pay_scene_volume", reason: "an input is not a finite number" }
pay_scene_volume,c26d1a94a2000000;3ff0000000000000;3ff0000000000000,OutOfDomain { node: "pay_scene_volume", field: "V_scene", value: 4e24, bound: 1000000000000000.0, edge: Upper, unit: Bit, reason: "above a petabit no single scene in this design is produced" }
pay_scene_volume,426d1a94a2000000;3ff0000000000000;3ff0000000000000,OutOfDomain { node: "pay_scene_volume", field: "V_scene", value: 4e24, bound: 1000000000000000.0, edge: Upper, unit: Bit, reason: "above a petabit no single scene in this design is produced" }
pay_scene_volume,0000000000000000;3ff0000000000000;3ff0000000000000,0000000000000000
pay_scene_volume,bff0000000000000;3ff0000000000000;3ff0000000000000,4010000000000000
pay_scene_volume,3ff0000000000000;7ff8000000000000;3ff0000000000000,Refused { node: "pay_scene_volume", reason: "an input is not a finite number" }
pay_scene_volume,3ff0000000000000;7ff0000000000000;3ff0000000000000,Refused { node: "pay_scene_volume", reason: "an input is not a finite number" }
pay_scene_volume,3ff0000000000000;c26d1a94a2000000;3ff0000000000000,OutOfDomain { node: "pay_scene_volume", field: "V_scene", value: -4000000000000.0, bound: 0.0, edge: Lower, unit: Bit, reason: "a data volume cannot be negative" }
pay_scene_volume,3ff0000000000000;426d1a94a2000000;3ff0000000000000,428d1a94a2000000
pay_scene_volume,3ff0000000000000;0000000000000000;3ff0000000000000,0000000000000000
pay_scene_volume,3ff0000000000000;bff0000000000000;3ff0000000000000,OutOfDomain { node: "pay_scene_volume", field: "V_scene", value: -4.0, bound: 0.0, edge: Lower, unit: Bit, reason: "a data volume cannot be negative" }
pay_scene_volume,3ff0000000000000;3ff0000000000000;7ff8000000000000,Refused { node: "pay_scene_volume", reason: "an input is not a finite number" }
pay_scene_volume,3ff0000000000000;3ff0000000000000;7ff0000000000000,Refused { node: "pay_scene_volume", reason: "an input is not a finite number" }
pay_scene_volume,3ff0000000000000;3ff0000000000000;c26d1a94a2000000,OutOfDomain { node: "pay_scene_volume", field: "V_scene", value: -4e-12, bound: 0.0, edge: Lower, unit: Bit, reason: "a data volume cannot be negative" }
pay_scene_volume,3ff0000000000000;3ff0000000000000;426d1a94a2000000,3d919799812dea11
pay_scene_volume,3ff0000000000000;3ff0000000000000;0000000000000000,Degenerate { node: "pay_scene_volume", field: "V_scene", reason: "the value here is not a finite number" }
pay_scene_volume,3ff0000000000000;3ff0000000000000;bff0000000000000,OutOfDomain { node: "pay_scene_volume", field: "V_scene", value: -4.0, bound: 0.0, edge: Lower, unit: Bit, reason: "a data volume cannot be negative" }
pay_signal_electrons,7ff8000000000000;3ff0000000000000;3ff0000000000000;3ff0000000000000;3ff0000000000000;3ff0000000000000;3ff0000000000000;3ff0000000000000,Refused { node: "pay_signal_electrons", reason: "an input is not a finite number" }
pay_signal_electrons,7ff0000000000000;3ff0000000000000;3ff0000000000000;3ff0000000000000;3ff0000000000000;3ff0000000000000;3ff0000000000000;3ff0000000000000,Refused { node: "pay_signal_electrons", reason: "an input is not a finite number" }
pay_signal_electrons,c26d1a94a2000000;3ff0000000000000;3ff0000000000000;3ff0000000000000;3ff0000000000000;3ff0000000000000;3ff0000000000000;3ff0000000000000,OutOfDomain { node: "pay_signal_electrons", field: "N_e", value: -3.953785906476711e35, bound: 0.0, edge: Lower, unit: One, reason: "an electron count cannot be negative" }
pay_signal_electrons,426d1a94a2000000;3ff0000000000000;3ff0000000000000;3ff0000000000000;3ff0000000000000;3ff0000000000000;3ff0000000000000;3ff0000000000000,OutOfDomain { node: "pay_signal_electrons", field: "N_e", value: 3.953785906476711e35, bound: 1000000000.0, edge: Upper, unit: One, reason: "above a billion electrons the well is saturated many times over" }
pay_signal_electrons,0000000000000000;3ff0000000000000;3ff0000000000000;3ff0000000000000;3ff0000000000000;3ff0000000000000;3ff0000000000000;3ff0000000000000,0000000000000000
pay_signal_electrons,bff0000000000000;3ff0000000000000;3ff0000000000000;3ff0000000000000;3ff0000000000000;3ff0000000000000;3ff0000000000000;3ff0000000000000,OutOfDomain { node: "pay_signal_electrons", field: "N_e", value: -3.953785906476711e23, bound: 0.0, edge: Lower, unit: One, reason: "an electron count cannot be negative" }
pay_signal_electrons,3ff0000000000000;7ff8000000000000;3ff0000000000000;3ff0000000000000;3ff0000000000000;3ff0000000000000;3ff0000000000000;3ff0000000000000,Refused { node: "pay_signal_electrons", reason: "an input is not a finite number" }
pay_signal_electrons,3ff0000000000000;7ff0000000000000;3ff0000000000000;3ff0000000000000;3ff0000000000000;3ff0000000000000;3ff0000000000000;3ff0000000000000,Refused { node: "pay_signal_electrons", reason: "an input is not a finite number" }
pay_signal_electrons,3ff0000000000000;c26d1a94a2000000;3ff0000000000000;3ff0000000000000;3ff0000000000000;3ff0000000000000;3ff0000000000000;3ff0000000000000,OutOfDomain { node: "pay_signal_electrons", field: "N_e", value: 3.9537859064767106e47, bound: 1000000000.0, edge: Upper, unit: One, reason: "above a billion electrons the well is saturated many times over" }
pay_signal_electrons,3ff0000000000000;426d1a94a2000000;3ff0000000000000;3ff0000000000000;3ff0000000000000;3ff0000000000000;3ff0000000000000;3ff0000000000000,OutOfDomain { node: "pay_signal_electrons", field: "N_e", value: 3.9537859064767106e47, bound: 1000000000.0, edge: Upper, unit: One, reason: "above a billion electrons the well is saturated many times over" }
pay_signal_electrons,3ff0000000000000;0000000000000000;3ff0000000000000;3ff0000000000000;3ff0000000000000;3ff0000000000000;3ff0000000000000;3ff0000000000000,0000000000000000
pay_signal_electrons,3ff0000000000000;bff0000000000000;3ff0000000000000;3ff0000000000000;3ff0000000000000;3ff0000000000000;3ff0000000000000;3ff0000000000000,OutOfDomain { node: "pay_signal_electrons", field: "N_e", value: 3.953785906476711e23, bound: 1000000000.0, edge: Upper, unit: One, reason: "above a billion electrons the well is saturated many times over" }
pay_signal_electrons,3ff0000000000000;3ff0000000000000;7ff8000000000000;3ff0000000000000;3ff0000000000000;3ff0000000000000;3ff0000000000000;3ff0000000000000,Refused { node: "pay_signal_electrons", reason: "an input is not a finite number" }
pay_signal_electrons,3ff0000000000000;3ff0000000000000;7ff0000000000000;3ff0000000000000;3ff0000000000000;3ff0000000000000;3ff0000000000000;3ff0000000000000,Refused { node: "pay_signal_electrons", reason: "an input is not a finite number" }
pay_signal_electrons,3ff0000000000000;3ff0000000000000;c26d1a94a2000000;3ff0000000000000;3ff0000000000000;3ff0000000000000;3ff0000000000000;3ff0000000000000,3fd94de20117b34d
pay_signal_electrons,3ff0000000000000;3ff0000000000000;426d1a94a2000000;3ff0000000000000;3ff0000000000000;3ff0000000000000;3ff0000000000000;3ff0000000000000,3fd94de20117b34d
pay_signal_electrons,3ff0000000000000;3ff0000000000000;0000000000000000;3ff0000000000000;3ff0000000000000;3ff0000000000000;3ff0000000000000;3ff0000000000000,Degenerate { node: "pay_signal_electrons", field: "N_e", reason: "the value here is not a finite number" }
pay_signal_electrons,3ff0000000000000;3ff0000000000000;bff0000000000000;3ff0000000000000;3ff0000000000000;3ff0000000000000;3ff0000000000000;3ff0000000000000,OutOfDomain { node: "pay_signal_electrons", field: "N_e", value: 3.953785906476711e23, bound: 1000000000.0, edge: Upper, unit: One, reason: "above a billion electrons the well is saturated many times over" }
pay_signal_electrons,3ff0000000000000;3ff0000000000000;3ff0000000000000;7ff8000000000000;3ff0000000000000;3ff0000000000000;3ff0000000000000;3ff0000000000000,Refused { node: "pay_signal_electrons", reason: "an input is not a finite number" }
pay_signal_electrons,3ff0000000000000;3ff0000000000000;3ff0000000000000;7ff0000000000000;3ff0000000000000;3ff0000000000000;3ff0000000000000;3ff0000000000000,Refused { node: "pay_signal_electrons", reason: "an input is not a finite number" }
pay_signal_electrons,3ff0000000000000;3ff0000000000000;3ff0000000000000;c26d1a94a2000000;3ff0000000000000;3ff0000000000000;3ff0000000000000;3ff0000000000000,OutOfDomain { node: "pay_signal_electrons", field: "N_e", value: 3.9537859064767106e47, bound: 1000000000.0, edge: Upper, unit: One, reason: "above a billion electrons the well is saturated many times over" }
pay_signal_electrons,3ff0000000000000;3ff0000000000000;3ff0000000000000;426d1a94a2000000;3ff0000000000000;3ff0000000000000;3ff0000000000000;3ff0000000000000,OutOfDomain { node: "pay_signal_electrons", field: "N_e", value: 3.9537859064767106e47, bound: 1000000000.0, edge: Upper, unit: One, reason: "above a billion electrons the well is saturated many times over" }
pay_signal_electrons,3ff0000000000000;3ff0000000000000;3ff0000000000000;0000000000000000;3ff0000000000000;3ff0000000000000;3ff0000000000000;3ff0000000000000,0000000000000000
pay_signal_electrons,3ff0000000000000;3ff0000000000000;3ff0000000000000;bff0000000000000;3ff0000000000000;3ff0000000000000;3ff0000000000000;3ff0000000000000,OutOfDomain { node: "pay_signal_electrons", field: "N_e", value: 3.953785906476711e23, bound: 1000000000.0, edge: Upper, unit: One, reason: "above a billion electrons the well is saturated many times over" }
pay_signal_electrons,3ff0000000000000;3ff0000000000000;3ff0000000000000;3ff0000000000000;7ff8000000000000;3ff0000000000000;3ff0000000000000;3ff0000000000000,Refused { node: "pay_signal_electrons", reason: "an input is not a finite number" }
pay_signal_electrons,3ff0000000000000;3ff0000000000000;3ff0000000000000;3ff0000000000000;7ff0000000000000;3ff0000000000000;3ff0000000000000;3ff0000000000000,Refused { node: "pay_signal_electrons", reason: "an input is not a finite number" }
pay_signal_electrons,3ff0000000000000;3ff0000000000000;3ff0000000000000;3ff0000000000000;c26d1a94a2000000;3ff0000000000000;3ff0000000000000;3ff0000000000000,OutOfDomain { node: "pay_signal_electrons", field: "N_e", value: -3.953785906476711e35, bound: 0.0, edge: Lower, unit: One, reason: "an electron count cannot be negative" }
pay_signal_electrons,3ff0000000000000;3ff0000000000000;3ff0000000000000;3ff0000000000000;426d1a94a2000000;3ff0000000000000;3ff0000000000000;3ff0000000000000,OutOfDomain { node: "pay_signal_electrons", field: "N_e", value: 3.953785906476711e35, bound: 1000000000.0, edge: Upper, unit: One, reason: "above a billion electrons the well is saturated many times over" }
pay_signal_electrons,3ff0000000000000;3ff0000000000000;3ff0000000000000;3ff0000000000000;0000000000000000;3ff0000000000000;3ff0000000000000;3ff0000000000000,0000000000000000
pay_signal_electrons,3ff0000000000000;3ff0000000000000;3ff0000000000000;3ff0000000000000;bff0000000000000;3ff0000000000000;3ff0000000000000;3ff0000000000000,OutOfDomain { node: "pay_signal_electrons", field: "N_e", value: -3.953785906476711e23, bound: 0.0, edge: Lower, unit: One, reason: "an electron count cannot be negative" }
pay_signal_electrons,3ff0000000000000;3ff0000000000000;3ff0000000000000;3ff0000000000000;3ff0000000000000;7ff8000000000000;3ff0000000000000;3ff0000000000000,Refused { node: "pay_signal_electrons", reason: "an input is not a finite number" }
pay_signal_electrons,3ff0000000000000;3ff0000000000000;3ff0000000000000;3ff0000000000000;3ff0000000000000;7ff0000000000000;3ff0000000000000;3ff0000000000000,Refused { node: "pay_signal_electrons", reason: "an input is not a finite number" }
pay_signal_electrons,3ff0000000000000;3ff0000000000000;3ff0000000000000;3ff0000000000000;3ff0000000000000;c26d1a94a2000000;3ff0000000000000;3ff0000000000000,OutOfDomain { node: "pay_signal_electrons", field: "N_e", value: -3.953785906476711e35, bound: 0.0, edge: Lower, unit: One, reason: "an electron count cannot be negative" }
pay_signal_electrons,3ff0000000000000;3ff0000000000000;3ff0000000000000;3ff0000000000000;3ff0000000000000;426d1a94a2000000;3ff0000000000000;3ff0000000000000,OutOfDomain { node: "pay_signal_electrons", field: "N_e", value: 3.953785906476711e35, bound: 1000000000.0, edge: Upper, unit: One, reason: "above a billion electrons the well is saturated many times over" }
pay_signal_electrons,3ff0000000000000;3ff0000000000000;3ff0000000000000;3ff0000000000000;3ff0000000000000;0000000000000000;3ff0000000000000;3ff0000000000000,0000000000000000
pay_signal_electrons,3ff0000000000000;3ff0000000000000;3ff0000000000000;3ff0000000000000;3ff0000000000000;bff0000000000000;3ff0000000000000;3ff0000000000000,OutOfDomain { node: "pay_signal_electrons", field: "N_e", value: -3.953785906476711e23, bound: 0.0, edge: Lower, unit: One, reason: "an electron count cannot be negative" }
pay_signal_electrons,3ff0000000000000;3ff0000000000000;3ff0000000000000;3ff0000000000000;3ff0000000000000;3ff0000000000000;7ff8000000000000;3ff0000000000000,Refused { node: "pay_signal_electrons", reason: "an input is not a finite number" }
pay_signal_electrons,3ff0000000000000;3ff0000000000000;3ff0000000000000;3ff0000000000000;3ff0000000000000;3ff0000000000000;7ff0000000000000;3ff0000000000000,Refused { node: "pay_signal_electrons", reason: "an input is not a finite number" }
pay_signal_electrons,3ff0000000000000;3ff0000000000000;3ff0000000000000;3ff0000000000000;3ff0000000000000;3ff0000000000000;c26d1a94a2000000;3ff0000000000000,OutOfDomain { node: "pay_signal_electrons", field: "N_e", value: -3.953785906476711e35, bound: 0.0, edge: Lower, unit: One, reason: "an electron count cannot be negative" }
pay_signal_electrons,3ff0000000000000;3ff0000000000000;3ff0000000000000;3ff0000000000000;3ff0000000000000;3ff0000000000000;426d1a94a2000000;3ff0000000000000,OutOfDomain { node: "pay_signal_electrons", field: "N_e", value: 3.953785906476711e35, bound: 1000000000.0, edge: Upper, unit: One, reason: "above a billion electrons the well is saturated many times over" }
pay_signal_electrons,3ff0000000000000;3ff0000000000000;3ff0000000000000;3ff0000000000000;3ff0000000000000;3ff0000000000000;0000000000000000;3ff0000000000000,0000000000000000
pay_signal_electrons,3ff0000000000000;3ff0000000000000;3ff0000000000000;3ff0000000000000;3ff0000000000000;3ff0000000000000;bff0000000000000;3ff0000000000000,OutOfDomain { node: "pay_signal_electrons", field: "N_e", value: -3.953785906476711e23, bound: 0.0, edge: Lower, unit: One, reason: "an electron count cannot be negative" }
pay_signal_electrons,3ff0000000000000;3ff0000000000000;3ff0000000000000;3ff0000000000000;3ff0000000000000;3ff0000000000000;3ff0000000000000;7ff8000000000000,Refused { node: "pay_signal_electrons", reason: "an input is not a finite number" }
pay_signal_electrons,3ff0000000000000;3ff0000000000000;3ff0000000000000;3ff0000000000000;3ff0000000000000;3ff0000000000000;3ff0000000000000;7ff0000000000000,Refused { node: "pay_signal_electrons", reason: "an input is not a finite number" }
pay_signal_electrons,3ff0000000000000;3ff0000000000000;3ff0000000000000;3ff0000000000000;3ff0000000000000;3ff0000000000000;3ff0000000000000;c26d1a94a2000000,OutOfDomain { node: "pay_signal_electrons", field: "N_e", value: -3.953785906476711e35, bound: 0.0, edge: Lower, unit: One, reason: "an electron count cannot be negative" }
pay_signal_electrons,3ff0000000000000;3ff0000000000000;3ff0000000000000;3ff0000000000000;3ff0000000000000;3ff0000000000000;3ff0000000000000;426d1a94a2000000,OutOfDomain { node: "pay_signal_electrons", field: "N_e", value: 3.953785906476711e35, bound: 1000000000.0, edge: Upper, unit: One, reason: "above a billion electrons the well is saturated many times over" }
pay_signal_electrons,3ff0000000000000;3ff0000000000000;3ff0000000000000;3ff0000000000000;3ff0000000000000;3ff0000000000000;3ff0000000000000;0000000000000000,0000000000000000
pay_signal_electrons,3ff0000000000000;3ff0000000000000;3ff0000000000000;3ff0000000000000;3ff0000000000000;3ff0000000000000;3ff0000000000000;bff0000000000000,OutOfDomain { node: "pay_signal_electrons", field: "N_e", value: -3.953785906476711e23, bound: 0.0, edge: Lower, unit: One, reason: "an electron count cannot be negative" }
pay_snr,7ff8000000000000;3ff0000000000000,Refused { node: "pay_snr", reason: "an input is not a finite number" }
pay_snr,7ff0000000000000;3ff0000000000000,Refused { node: "pay_snr", reason: "an input is not a finite number" }
pay_snr,c26d1a94a2000000;3ff0000000000000,Degenerate { node: "pay_snr", field: "SNR_o", reason: "the value here is not a finite number" }
pay_snr,426d1a94a2000000;3ff0000000000000,OutOfDomain { node: "pay_snr", field: "SNR_o", value: 999999.999997, bound: 10000.0, edge: Upper, unit: One, reason: "above 10000 the detector is far outside its linear range" }
pay_snr,0000000000000000;3ff0000000000000,0000000000000000
pay_snr,bff0000000000000;3ff0000000000000,OutOfDomain { node: "pay_snr", field: "SNR_o", value: -0.4472135954999579, bound: 0.0, edge: Lower, unit: One, reason: "a signal to noise ratio cannot be negative" }
pay_snr,3ff0000000000000;7ff8000000000000,Refused { node: "pay_snr", reason: "an input is not a finite number" }
pay_snr,3ff0000000000000;7ff0000000000000,Refused { node: "pay_snr", reason: "an input is not a finite number" }
pay_snr,3ff0000000000000;c26d1a94a2000000,3d719799812dea11
pay_snr,3ff0000000000000;426d1a94a2000000,3d719799812dea11
pay_snr,3ff0000000000000;0000000000000000,3fda20bd700c2c3f
pay_snr,3ff0000000000000;bff0000000000000,3fd83091e6a7f7e6
pay_swath,7ff8000000000000;3ff0000000000000,Refused { node: "pay_swath", reason: "an input is not a finite number" }
pay_swath,7ff0000000000000;3ff0000000000000,Refused { node: "pay_swath", reason: "an input is not a finite number" }
pay_swath,c26d1a94a2000000;3ff0000000000000,OutOfDomain { node: "pay_swath", field: "W_o", value: -1000000000000.0, bound: 100.0, edge: Lower, unit: Metre, reason: "below 100 m the swath is not a swath" }
pay_swath,426d1a94a2000000;3ff0000000000000,OutOfDomain { node: "pay_swath", field: "W_o", value: 1000000000000.0, bound: 1000000.0, edge: Upper, unit: Metre, reason: "above 1000 km the field of view is not one this telescope has" }
pay_swath,0000000000000000;3ff0000000000000,OutOfDomain { node: "pay_swath", field: "W_o", value: 0.0, bound: 100.0, edge: Lower, unit: Metre, reason: "below 100 m the swath is not a swath" }
pay_swath,bff0000000000000;3ff0000000000000,OutOfDomain { node: "pay_swath", field: "W_o", value: -1.0, bound: 100.0, edge: Lower, unit: Metre, reason: "below 100 m the swath is not a swath" }
pay_swath,3ff0000000000000;7ff8000000000000,Refused { node: "pay_swath", reason: "an input is not a finite number" }
pay_swath,3ff0000000000000;7ff0000000000000,Refused { node: "pay_swath", reason: "an input is not a finite number" }
pay_swath,3ff0000000000000;c26d1a94a2000000,OutOfDomain { node: "pay_swath", field: "W_o", value: -1000000000000.0, bound: 100.0, edge: Lower, unit: Metre, reason: "below 100 m the swath is not a swath" }
pay_swath,3ff0000000000000;426d1a94a2000000,OutOfDomain { node: "pay_swath", field: "W_o", value: 1000000000000.0, bound: 1000000.0, edge: Upper, unit: Metre, reason: "above 1000 km the field of view is not one this telescope has" }
pay_swath,3ff0000000000000;0000000000000000,OutOfDomain { node: "pay_swath", field: "W_o", value: 0.0, bound: 100.0, edge: Lower, unit: Metre, reason: "below 100 m the swath is not a swath" }
pay_swath,3ff0000000000000;bff0000000000000,OutOfDomain { node: "pay_swath", field: "W_o", value: -1.0, bound: 100.0, edge: Lower, unit: Metre, reason: "below 100 m the swath is not a swath" }
pay_toa_uncertainty,7ff8000000000000;3ff0000000000000;3ff0000000000000,Refused { node: "pay_toa_uncertainty", reason: "an input is not a finite number" }
pay_toa_uncertainty,7ff0000000000000;3ff0000000000000;3ff0000000000000,Refused { node: "pay_toa_uncertainty", reason: "an input is not a finite number" }
pay_toa_uncertainty,c26d1a94a2000000;3ff0000000000000;3ff0000000000000,Degenerate { node: "pay_toa_uncertainty", field: "sig_tau", reason: "the value here is not a finite number" }
pay_toa_uncertainty,426d1a94a2000000;3ff0000000000000;3ff0000000000000,OutOfDomain { node: "pay_toa_uncertainty", field: "sig_tau", value: 1.1253953951963827e-19, bound: 1e-15, edge: Lower, unit: Second, reason: "below a femtosecond no receiver in this design times that precisely" }
pay_toa_uncertainty,0000000000000000;3ff0000000000000;3ff0000000000000,Degenerate { node: "pay_toa_uncertainty", field: "sig_tau", reason: "the value here is not a finite number" }
pay_toa_uncertainty,bff0000000000000;3ff0000000000000;3ff0000000000000,Degenerate { node: "pay_toa_uncertainty", field: "sig_tau", reason: "the value here is not a finite number" }
pay_toa_uncertainty,3ff0000000000000;7ff8000000000000;3ff0000000000000,Refused { node: "pay_toa_uncertainty", reason: "an input is not a finite number" }
pay_toa_uncertainty,3ff0000000000000;7ff0000000000000;3ff0000000000000,Refused { node: "pay_toa_uncertainty", reason: "an input is not a finite number" }
pay_toa_uncertainty,3ff0000000000000;c26d1a94a2000000;3ff0000000000000,Degenerate { node: "pay_toa_uncertainty", field: "sig_tau", reason: "the value here is not a finite number" }
pay_toa_uncertainty,3ff0000000000000;426d1a94a2000000;3ff0000000000000,3e7e35a8843ebe38
pay_toa_uncertainty,3ff0000000000000;0000000000000000;3ff0000000000000,Degenerate { node: "pay_toa_uncertainty", field: "sig_tau", reason: "the value here is not a finite number" }
pay_toa_uncertainty,3ff0000000000000;bff0000000000000;3ff0000000000000,Degenerate { node: "pay_toa_uncertainty", field: "sig_tau", reason: "the value here is not a finite number" }
pay_toa_uncertainty,3ff0000000000000;3ff0000000000000;7ff8000000000000,Refused { node: "pay_toa_uncertainty", reason: "an input is not a finite number" }
pay_toa_uncertainty,3ff0000000000000;3ff0000000000000;7ff0000000000000,Refused { node: "pay_toa_uncertainty", reason: "an input is not a finite number" }
pay_toa_uncertainty,3ff0000000000000;3ff0000000000000;c26d1a94a2000000,Degenerate { node: "pay_toa_uncertainty", field: "sig_tau", reason: "the value here is not a finite number" }
pay_toa_uncertainty,3ff0000000000000;3ff0000000000000;426d1a94a2000000,3e7e35a8843ebe38
pay_toa_uncertainty,3ff0000000000000;3ff0000000000000;0000000000000000,Degenerate { node: "pay_toa_uncertainty", field: "sig_tau", reason: "the value here is not a finite number" }
pay_toa_uncertainty,3ff0000000000000;3ff0000000000000;bff0000000000000,Degenerate { node: "pay_toa_uncertainty", field: "sig_tau", reason: "the value here is not a finite number" }
prop_bus_power,7ff8000000000000;3ff0000000000000,Refused { node: "prop_bus_power", reason: "an input is not a finite number" }
prop_bus_power,7ff0000000000000;3ff0000000000000,Refused { node: "prop_bus_power", reason: "an input is not a finite number" }
prop_bus_power,c26d1a94a2000000;3ff0000000000000,OutOfDomain { node: "prop_bus_power", field: "P_prop", value: -1000000000000.0, bound: 0.0, edge: Lower, unit: Watt, reason: "bus demand cannot be negative" }
prop_bus_power,426d1a94a2000000;3ff0000000000000,OutOfDomain { node: "prop_bus_power", field: "P_prop", value: 1000000000000.0, bound: 100000.0, edge: Upper, unit: Watt, reason: "above 100 kW no bus in this mass class supplies it" }
prop_bus_power,0000000000000000;3ff0000000000000,0000000000000000
prop_bus_power,bff0000000000000;3ff0000000000000,OutOfDomain { node: "prop_bus_power", field: "P_prop", value: -1.0, bound: 0.0, edge: Lower, unit: Watt, reason: "bus demand cannot be negative" }
prop_bus_power,3ff0000000000000;7ff8000000000000,Refused { node: "prop_bus_power", reason: "an input is not a finite number" }
prop_bus_power,3ff0000000000000;7ff0000000000000,Refused { node: "prop_bus_power", reason: "an input is not a finite number" }
prop_bus_power,3ff0000000000000;c26d1a94a2000000,OutOfDomain { node: "prop_bus_power", field: "P_prop", value: -1e-12, bound: 0.0, edge: Lower, unit: Watt, reason: "bus demand cannot be negative" }
prop_bus_power,3ff0000000000000;426d1a94a2000000,3d719799812dea11
prop_bus_power,3ff0000000000000;0000000000000000,Degenerate { node: "prop_bus_power", field: "P_prop", reason: "the value here is not a finite number" }
prop_bus_power,3ff0000000000000;bff0000000000000,OutOfDomain { node: "prop_bus_power", field: "P_prop", value: -1.0, bound: 0.0, edge: Lower, unit: Watt, reason: "bus demand cannot be negative" }
prop_capture_efficiency,3fc999999999999a;3f847ae147ae147b;3feccccccccccccd;3faeb851eb851eb8;4082c00000000000;3f932b55ef1fddec;431e4fcf0d394000;40be4a999999999a,3fda2e8ba2e8ba30
prop_capture_efficiency,7ff8000000000000;3f847ae147ae147b;3feccccccccccccd;3faeb851eb851eb8;4082c00000000000;3f932b55ef1fddec;431e4fcf0d394000;40be4a999999999a,Refused { node: "prop_capture_efficiency", reason: "an input is not a finite number" }
prop_capture_efficiency,7ff0000000000000;3f847ae147ae147b;3feccccccccccccd;3faeb851eb851eb8;4082c00000000000;3f932b55ef1fddec;431e4fcf0d394000;40be4a999999999a,Refused { node: "prop_capture_efficiency", reason: "an input is not a finite number" }
prop_capture_efficiency,c26d1a94a2000000;3f847ae147ae147b;3feccccccccccccd;3faeb851eb851eb8;4082c00000000000;3f932b55ef1fddec;431e4fcf0d394000;40be4a999999999a,OutOfDomain { node: "prop_capture_efficiency", field: "eta_c", value: -1.5000000000002503e-13, bound: 0.0, edge: Lower, unit: One, reason: "a collection efficiency cannot be negative" }
prop_capture_efficiency,426d1a94a2000000;3f847ae147ae147b;3feccccccccccccd;3faeb851eb851eb8;4082c00000000000;3f932b55ef1fddec;431e4fcf0d394000;40be4a999999999a,3d451c51ce371503
prop_capture_efficiency,0000000000000000;3f847ae147ae147b;3feccccccccccccd;3faeb851eb851eb8;4082c00000000000;3f932b55ef1fddec;431e4fcf0d394000;40be4a999999999a,3fecccccccccccce
prop_capture_efficiency,bff0000000000000;3f847ae147ae147b;3feccccccccccccd;3faeb851eb851eb8;4082c00000000000;3f932b55ef1fddec;431e4fcf0d394000;40be4a999999999a,OutOfDomain { node: "prop_capture_efficiency", field: "eta_c", value: -0.18000000000000005, bound: 0.0, edge: Lower, unit: One, reason: "a collection efficiency cannot be negative" }
prop_capture_efficiency,3fc999999999999a;7ff8000000000000;3feccccccccccccd;3faeb851eb851eb8;4082c00000000000;3f932b55ef1fddec;431e4fcf0d394000;40be4a999999999a,Refused { node: "prop_capture_efficiency", reason: "an input is not a finite number" }
prop_capture_efficiency,3fc999999999999a;7ff0000000000000;3feccccccccccccd;3faeb851eb851eb8;4082c00000000000;3f932b55ef1fddec;431e4fcf0d394000;40be4a999999999a,Refused { node: "prop_capture_efficiency", reason: "an input is not a finite number" }
prop_capture_efficiency,3fc999999999999a;c26d1a94a2000000;3feccccccccccccd;3faeb851eb851eb8;4082c00000000000;3f932b55ef1fddec;431e4fcf0d394000;40be4a999999999a,3feccccccccccd2e
prop_capture_efficiency,3fc999999999999a;426d1a94a2000000;3feccccccccccccd;3faeb851eb851eb8;4082c00000000000;3f932b55ef1fddec;431e4fcf0d394000;40be4a999999999a,3feccccccccccc6c
prop_capture_efficiency,3fc999999999999a;0000000000000000;3feccccccccccccd;3faeb851eb851eb8;4082c00000000000;3f932b55ef1fddec;431e4fcf0d394000;40be4a999999999a,0000000000000000
prop_capture_efficiency,3fc999999999999a;bff0000000000000;3feccccccccccccd;3faeb851eb851eb8;4082c00000000000;3f932b55ef1fddec;431e4fcf0d394000;40be4a999999999a,3fed26592233d266
prop_capture_efficiency,3fc999999999999a;3f847ae147ae147b;7ff8000000000000;3faeb851eb851eb8;4082c00000000000;3f932b55ef1fddec;431e4fcf0d394000;40be4a999999999a,Refused { node: "prop_capture_efficiency", reason: "an input is not a finite number" }
prop_capture_efficiency,3fc999999999999a;3f847ae147ae147b;7ff0000000000000;3faeb851eb851eb8;4082c00000000000;3f932b55ef1fddec;431e4fcf0d394000;40be4a999999999a,Refused { node: "prop_capture_efficiency", reason: "an input is not a finite number" }
prop_capture_efficiency,3fc999999999999a;3f847ae147ae147b;c26d1a94a2000000;3faeb851eb851eb8;4082c00000000000;3f932b55ef1fddec;431e4fcf0d394000;40be4a999999999a,OutOfDomain { node: "prop_capture_efficiency", field: "eta_c", value: -454545454545.4546, bound: 0.0, edge: Lower, unit: One, reason: "a collection efficiency cannot be negative" }
prop_capture_efficiency,3fc999999999999a;3f847ae147ae147b;426d1a94a2000000;3faeb851eb851eb8;4082c00000000000;3f932b55ef1fddec;431e4fcf0d394000;40be4a999999999a,OutOfDomain { node: "prop_capture_efficiency", field: "eta_c", value: 454545454545.4546, bound: 1.0, edge: Upper, unit: One, reason: "an intake cannot deliver more than enters its mouth" }
prop_capture_efficiency,3fc999999999999a;3f847ae147ae147b;0000000000000000;3faeb851eb851eb8;4082c00000000000;3f932b55ef1fddec;431e4fcf0d394000;40be4a999999999a,0000000000000000
prop_capture_efficiency,3fc999999999999a;3f847ae147ae147b;bff0000000000000;3faeb851eb851eb8;4082c00000000000;3f932b55ef1fddec;431e4fcf0d394000;40be4a999999999a,OutOfDomain { node: "prop_capture_efficiency", field: "eta_c", value: -0.4545454545454546, bound: 0.0, edge: Lower, unit: One, reason: "a collection efficiency cannot be negative" }
prop_capture_efficiency,3fc999999999999a;3f847ae147ae147b;3feccccccccccccd;7ff8000000000000;4082c00000000000;3f932b55ef1fddec;431e4fcf0d394000;40be4a999999999a,Refused { node: "prop_capture_efficiency", reason: "an input is not a finite number" }
prop_capture_efficiency,3fc999999999999a;3f847ae147ae147b;3feccccccccccccd;7ff0000000000000;4082c00000000000;3f932b55ef1fddec;431e4fcf0d394000;40be4a999999999a,Refused { node: "prop_capture_efficiency", reason: "an input is not a finite number" }
prop_capture_efficiency,3fc999999999999a;3f847ae147ae147b;3feccccccccccccd;c26d1a94a2000000;4082c00000000000;3f932b55ef1fddec;431e4fcf0d394000;40be4a999999999a,OutOfDomain { node: "prop_capture_efficiency", field: "eta_c", value: -4.500000000000226e-14, bound: 0.0, edge: Lower, unit: One, reason: "a collection efficiency cannot be negative" }
prop_capture_efficiency,3fc999999999999a;3f847ae147ae147b;3feccccccccccccd;426d1a94a2000000;4082c00000000000;3f932b55ef1fddec;431e4fcf0d394000;40be4a999999999a,3d29552ef7754faa
prop_capture_efficiency,3fc999999999999a;3f847ae147ae147b;3feccccccccccccd;0000000000000000;4082c00000000000;3f932b55ef1fddec;431e4fcf0d394000;40be4a999999999a,3fecccccccccccce
prop_capture_efficiency,3fc999999999999a;3f847ae147ae147b;3feccccccccccccd;bff0000000000000;4082c00000000000;3f932b55ef1fddec;431e4fcf0d394000;40be4a999999999a,OutOfDomain { node: "prop_capture_efficiency", field: "eta_c", value: -0.04736842105263158, bound: 0.0, edge: Lower, unit: One, reason: "a collection efficiency cannot be negative" }
prop_capture_efficiency,3fc999999999999a;3f847ae147ae147b;3feccccccccccccd;3faeb851eb851eb8;7ff8000000000000;3f932b55ef1fddec;431e4fcf0d394000;40be4a999999999a,Refused { node: "prop_capture_efficiency", reason: "an input is not a finite number" }
prop_capture_efficiency,3fc999999999999a;3f847ae147ae147b;3feccccccccccccd;3faeb851eb851eb8;7ff0000000000000;3f932b55ef1fddec;431e4fcf0d394000;40be4a999999999a,Refused { node: "prop_capture_efficiency", reason: "an input is not a finite number" }
prop_capture_efficiency,3fc999999999999a;3f847ae147ae147b;3feccccccccccccd;3faeb851eb851eb8;c26d1a94a2000000;3f932b55ef1fddec;431e4fcf0d394000;40be4a999999999a,3fda2e8ba2e8ba30
prop_capture_efficiency,3fc999999999999a;3f847ae147ae147b;3feccccccccccccd;3faeb851eb851eb8;426d1a94a2000000;3f932b55ef1fddec;431e4fcf0d394000;40be4a999999999a,3fda2e8ba2e8ba30
prop_capture_efficiency,3fc999999999999a;3f847ae147ae147b;3feccccccccccccd;3faeb851eb851eb8;0000000000000000;3f932b55ef1fddec;431e4fcf0d394000;40be4a999999999a,3fda2e8ba2e8ba30
prop_capture_efficiency,3fc999999999999a;3f847ae147ae147b;3feccccccccccccd;3faeb851eb851eb8;bff0000000000000;3f932b55ef1fddec;431e4fcf0d394000;40be4a999999999a,3fda2e8ba2e8ba30
prop_capture_efficiency,3fc999999999999a;3f847ae147ae147b;3feccccccccccccd;3faeb851eb851eb8;4082c00000000000;7ff8000000000000;431e4fcf0d394000;40be4a999999999a,Refused { node: "prop_capture_efficiency", reason: "an input is not a finite number" }
prop_capture_efficiency,3fc999999999999a;3f847ae147ae147b;3feccccccccccccd;3faeb851eb851eb8;4082c00000000000;7ff0000000000000;431e4fcf0d394000;40be4a999999999a,Refused { node: "prop_capture_efficiency", reason: "an input is not a finite number" }
prop_capture_efficiency,3fc999999999999a;3f847ae147ae147b;3feccccccccccccd;3faeb851eb851eb8;4082c00000000000;c26d1a94a2000000;431e4fcf0d394000;40be4a999999999a,3fda2e8ba2e8ba30
prop_capture_efficiency,3fc999999999999a;3f847ae147ae147b;3feccccccccccccd;3faeb851eb851eb8;4082c00000000000;426d1a94a2000000;431e4fcf0d394000;40be4a999999999a,3fda2e8ba2e8ba30
prop_capture_efficiency,3fc999999999999a;3f847ae147ae147b;3feccccccccccccd;3faeb851eb851eb8;4082c00000000000;0000000000000000;431e4fcf0d394000;40be4a999999999a,3fda2e8ba2e8ba30
prop_capture_efficiency,3fc999999999999a;3f847ae147ae147b;3feccccccccccccd;3faeb851eb851eb8;4082c00000000000;bff0000000000000;431e4fcf0d394000;40be4a999999999a,3fda2e8ba2e8ba30
prop_capture_efficiency,3fc999999999999a;3f847ae147ae147b;3feccccccccccccd;3faeb851eb851eb8;4082c00000000000;3f932b55ef1fddec;7ff8000000000000;40be4a999999999a,Refused { node: "prop_capture_efficiency", reason: "an input is not a finite number" }
prop_capture_efficiency,3fc999999999999a;3f847ae147ae147b;3feccccccccccccd;3faeb851eb851eb8;4082c00000000000;3f932b55ef1fddec;7ff0000000000000;40be4a999999999a,Refused { node: "prop_capture_efficiency", reason: "an input is not a finite number" }
prop_capture_efficiency,3fc999999999999a;3f847ae147ae147b;3feccccccccccccd;3faeb851eb851eb8;4082c00000000000;3f932b55ef1fddec;c26d1a94a2000000;40be4a999999999a,3fda2e8ba2e8ba30
prop_capture_efficiency,3fc999999999999a;3f847ae147ae147b;3feccccccccccccd;3faeb851eb851eb8;4082c00000000000;3f932b55ef1fddec;426d1a94a2000000;40be4a999999999a,3fda2e8ba2e8ba30
prop_capture_efficiency,3fc999999999999a;3f847ae147ae147b;3feccccccccccccd;3faeb851eb851eb8;4082c00000000000;3f932b55ef1fddec;0000000000000000;40be4a999999999a,3fda2e8ba2e8ba30
prop_capture_efficiency,3fc999999999999a;3f847ae147ae147b;3feccccccccccccd;3faeb851eb851eb8;4082c00000000000;3f932b55ef1fddec;bff0000000000000;40be4a999999999a,3fda2e8ba2e8ba30
prop_capture_efficiency,3fc999999999999a;3f847ae147ae147b;3feccccccccccccd;3faeb851eb851eb8;4082c00000000000;3f932b55ef1fddec;431e4fcf0d394000;7ff8000000000000,Refused { node: "prop_capture_efficiency", reason: "an input is not a finite number" }
prop_capture_efficiency,3fc999999999999a;3f847ae147ae147b;3feccccccccccccd;3faeb851eb851eb8;4082c00000000000;3f932b55ef1fddec;431e4fcf0d394000;7ff0000000000000,Refused { node: "prop_capture_efficiency", reason: "an input is not a finite number" }
prop_capture_efficiency,3fc999999999999a;3f847ae147ae147b;3feccccccccccccd;3faeb851eb851eb8;4082c00000000000;3f932b55ef1fddec;431e4fcf0d394000;c26d1a94a2000000,3fda2e8ba2e8ba30
prop_capture_efficiency,3fc999999999999a;3f847ae147ae147b;3feccccccccccccd;3faeb851eb851eb8;4082c00000000000;3f932b55ef1fddec;431e4fcf0d394000;426d1a94a2000000,3fda2e8ba2e8ba30
prop_capture_efficiency,3fc999999999999a;3f847ae147ae147b;3feccccccccccccd;3faeb851eb851eb8;4082c00000000000;3f932b55ef1fddec;431e4fcf0d394000;0000000000000000,3fda2e8ba2e8ba30
prop_capture_efficiency,3fc999999999999a;3f847ae147ae147b;3feccccccccccccd;3faeb851eb851eb8;4082c00000000000;3f932b55ef1fddec;431e4fcf0d394000;bff0000000000000,3fda2e8ba2e8ba30
prop_chamber_density,7ff8000000000000;3ff0000000000000,Refused { node: "prop_chamber_density", reason: "an input is not a finite number" }
prop_chamber_density,7ff0000000000000;3ff0000000000000,Refused { node: "prop_chamber_density", reason: "an input is not a finite number" }
prop_chamber_density,c26d1a94a2000000;3ff0000000000000,OutOfDomain { node: "prop_chamber_density", field: "n_c", value: -1000000000000.0, bound: 1000000000000.0, edge: Lower, unit: PerCubicMetre, reason: "below 1e12 per cubic metre no inductively coupled source will strike a discharge" }
prop_chamber_density,426d1a94a2000000;3ff0000000000000,426d1a94a2000000
prop_chamber_density,0000000000000000;3ff0000000000000,OutOfDomain { node: "prop_chamber_density", field: "n_c", value: 0.0, bound: 1000000000000.0, edge: Lower, unit: PerCubicMetre, reason: "below 1e12 per cubic metre no inductively coupled source will strike a discharge" }
prop_chamber_density,bff0000000000000;3ff0000000000000,OutOfDomain { node: "prop_chamber_density", field: "n_c", value: -1.0, bound: 1000000000000.0, edge: Lower, unit: PerCubicMetre, reason: "below 1e12 per cubic metre no inductively coupled source will strike a discharge" }
prop_chamber_density,3ff0000000000000;7ff8000000000000,Refused { node: "prop_chamber_density", reason: "an input is not a finite number" }
prop_chamber_density,3ff0000000000000;7ff0000000000000,Refused { node: "prop_chamber_density", reason: "an input is not a finite number" }
prop_chamber_density,3ff0000000000000;c26d1a94a2000000,OutOfDomain { node: "prop_chamber_density", field: "n_c", value: -1000000000000.0, bound: 1000000000000.0, edge: Lower, unit: PerCubicMetre, reason: "below 1e12 per cubic metre no inductively coupled source will strike a discharge" }
prop_chamber_density,3ff0000000000000;426d1a94a2000000,426d1a94a2000000
prop_chamber_density,3ff0000000000000;0000000000000000,OutOfDomain { node: "prop_chamber_density", field: "n_c", value: 0.0, bound: 1000000000000.0, edge: Lower, unit: PerCubicMetre, reason: "below 1e12 per cubic metre no inductively coupled source will strike a discharge" }
prop_chamber_density,3ff0000000000000;bff0000000000000,OutOfDomain { node: "prop_chamber_density", field: "n_c", value: -1.0, bound: 1000000000000.0, edge: Lower, unit: PerCubicMetre, reason: "below 1e12 per cubic metre no inductively coupled source will strike a discharge" }
prop_collected_flow,7ff8000000000000;3ff0000000000000;3ff0000000000000;3ff0000000000000,Refused { node: "prop_collected_flow", reason: "an input is not a finite number" }
prop_collected_flow,7ff0000000000000;3ff0000000000000;3ff0000000000000;3ff0000000000000,Refused { node: "prop_collected_flow", reason: "an input is not a finite number" }
prop_collected_flow,c26d1a94a2000000;3ff0000000000000;3ff0000000000000;3ff0000000000000,OutOfDomain { node: "prop_collected_flow", field: "mdot", value: -1000000000000.0, bound: 0.0, edge: Lower, unit: KgPerSecond, reason: "a mass flow cannot be negative" }
prop_collected_flow,426d1a94a2000000;3ff0000000000000;3ff0000000000000;3ff0000000000000,OutOfDomain { node: "prop_collected_flow", field: "mdot", value: 1000000000000.0, bound: 9.999999999999999e-6, edge: Upper, unit: KgPerSecond, reason: "above 10 mg/s no intake in this band collects, at any mouth size the vehicle can carry" }
prop_collected_flow,0000000000000000;3ff0000000000000;3ff0000000000000;3ff0000000000000,0000000000000000
prop_collected_flow,bff0000000000000;3ff0000000000000;3ff0000000000000;3ff0000000000000,OutOfDomain { node: "prop_collected_flow", field: "mdot", value: -1.0, bound: 0.0, edge: Lower, unit: KgPerSecond, reason: "a mass flow cannot be negative" }
prop_collected_flow,3ff0000000000000;7ff8000000000000;3ff0000000000000;3ff0000000000000,Refused { node: "prop_collected_flow", reason: "an input is not a finite number" }
prop_collected_flow,3ff0000000000000;7ff0000000000000;3ff0000000000000;3ff0000000000000,Refused { node: "prop_collected_flow", reason: "an input is not a finite number" }
prop_collected_flow,3ff0000000000000;c26d1a94a2000000;3ff0000000000000;3ff0000000000000,OutOfDomain { node: "prop_collected_flow", field: "mdot", value: -1000000000000.0, bound: 0.0, edge: Lower, unit: KgPerSecond, reason: "a mass flow cannot be negative" }
prop_collected_flow,3ff0000000000000;426d1a94a2000000;3ff0000000000000;3ff0000000000000,OutOfDomain { node: "prop_collected_flow", field: "mdot", value: 1000000000000.0, bound: 9.999999999999999e-6, edge: Upper, unit: KgPerSecond, reason: "above 10 mg/s no intake in this band collects, at any mouth size the vehicle can carry" }
prop_collected_flow,3ff0000000000000;0000000000000000;3ff0000000000000;3ff0000000000000,0000000000000000
prop_collected_flow,3ff0000000000000;bff0000000000000;3ff0000000000000;3ff0000000000000,OutOfDomain { node: "prop_collected_flow", field: "mdot", value: -1.0, bound: 0.0, edge: Lower, unit: KgPerSecond, reason: "a mass flow cannot be negative" }
prop_collected_flow,3ff0000000000000;3ff0000000000000;7ff8000000000000;3ff0000000000000,Refused { node: "prop_collected_flow", reason: "an input is not a finite number" }
prop_collected_flow,3ff0000000000000;3ff0000000000000;7ff0000000000000;3ff0000000000000,Refused { node: "prop_collected_flow", reason: "an input is not a finite number" }
prop_collected_flow,3ff0000000000000;3ff0000000000000;c26d1a94a2000000;3ff0000000000000,OutOfDomain { node: "prop_collected_flow", field: "mdot", value: -1000000000000.0, bound: 0.0, edge: Lower, unit: KgPerSecond, reason: "a mass flow cannot be negative" }
prop_collected_flow,3ff0000000000000;3ff0000000000000;426d1a94a2000000;3ff0000000000000,OutOfDomain { node: "prop_collected_flow", field: "mdot", value: 1000000000000.0, bound: 9.999999999999999e-6, edge: Upper, unit: KgPerSecond, reason: "above 10 mg/s no intake in this band collects, at any mouth size the vehicle can carry" }
prop_collected_flow,3ff0000000000000;3ff0000000000000;0000000000000000;3ff0000000000000,0000000000000000
prop_collected_flow,3ff0000000000000;3ff0000000000000;bff0000000000000;3ff0000000000000,OutOfDomain { node: "prop_collected_flow", field: "mdot", value: -1.0, bound: 0.0, edge: Lower, unit: KgPerSecond, reason: "a mass flow cannot be negative" }
prop_collected_flow,3ff0000000000000;3ff0000000000000;3ff0000000000000;7ff8000000000000,Refused { node: "prop_collected_flow", reason: "an input is not a finite number" }
prop_collected_flow,3ff0000000000000;3ff0000000000000;3ff0000000000000;7ff0000000000000,Refused { node: "prop_collected_flow", reason: "an input is not a finite number" }
prop_collected_flow,3ff0000000000000;3ff0000000000000;3ff0000000000000;c26d1a94a2000000,OutOfDomain { node: "prop_collected_flow", field: "mdot", value: -1000000000000.0, bound: 0.0, edge: Lower, unit: KgPerSecond, reason: "a mass flow cannot be negative" }
prop_collected_flow,3ff0000000000000;3ff0000000000000;3ff0000000000000;426d1a94a2000000,OutOfDomain { node: "prop_collected_flow", field: "mdot", value: 1000000000000.0, bound: 9.999999999999999e-6, edge: Upper, unit: KgPerSecond, reason: "above 10 mg/s no intake in this band collects, at any mouth size the vehicle can carry" }
prop_collected_flow,3ff0000000000000;3ff0000000000000;3ff0000000000000;0000000000000000,0000000000000000
prop_collected_flow,3ff0000000000000;3ff0000000000000;3ff0000000000000;bff0000000000000,OutOfDomain { node: "prop_collected_flow", field: "mdot", value: -1.0, bound: 0.0, edge: Lower, unit: KgPerSecond, reason: "a mass flow cannot be negative" }
prop_compression_ratio,3fc999999999999a;3f847ae147ae147b;3feccccccccccccd;3faeb851eb851eb8;4082c00000000000;3f932b55ef1fddec;431e4fcf0d394000;40be4a999999999a,4073413ba538f295
prop_compression_ratio,7ff8000000000000;3f847ae147ae147b;3feccccccccccccd;3faeb851eb851eb8;4082c00000000000;3f932b55ef1fddec;431e4fcf0d394000;40be4a999999999a,Refused { node: "prop_compression_ratio", reason: "an input is not a finite number" }
prop_compression_ratio,7ff0000000000000;3f847ae147ae147b;3feccccccccccccd;3faeb851eb851eb8;4082c00000000000;3f932b55ef1fddec;431e4fcf0d394000;40be4a999999999a,Refused { node: "prop_compression_ratio", reason: "an input is not a finite number" }
prop_compression_ratio,c26d1a94a2000000;3f847ae147ae147b;3feccccccccccccd;3faeb851eb851eb8;4082c00000000000;3f932b55ef1fddec;431e4fcf0d394000;40be4a999999999a,4081a676acc98c44
prop_compression_ratio,426d1a94a2000000;3f847ae147ae147b;3feccccccccccccd;3faeb851eb851eb8;4082c00000000000;3f932b55ef1fddec;431e4fcf0d394000;40be4a999999999a,4081a676acc985cb
prop_compression_ratio,0000000000000000;3f847ae147ae147b;3feccccccccccccd;3faeb851eb851eb8;4082c00000000000;3f932b55ef1fddec;431e4fcf0d394000;40be4a999999999a,OutOfDomain { node: "prop_compression_ratio", field: "CR", value: 0.0, bound: 1.0, edge: Lower, unit: One, reason: "an intake cannot dilute the flow; a compression ratio below one means the geometry is inverted" }
prop_compression_ratio,bff0000000000000;3f847ae147ae147b;3feccccccccccccd;3faeb851eb851eb8;4082c00000000000;3f932b55ef1fddec;431e4fcf0d394000;40be4a999999999a,40852e28028b713c
prop_compression_ratio,3fc999999999999a;7ff8000000000000;3feccccccccccccd;3faeb851eb851eb8;4082c00000000000;3f932b55ef1fddec;431e4fcf0d394000;40be4a999999999a,Refused { node: "prop_compression_ratio", reason: "an input is not a finite number" }
prop_compression_ratio,3fc999999999999a;7ff0000000000000;3feccccccccccccd;3faeb851eb851eb8;4082c00000000000;3f932b55ef1fddec;431e4fcf0d394000;40be4a999999999a,Refused { node: "prop_compression_ratio", reason: "an input is not a finite number" }
prop_compression_ratio,3fc999999999999a;c26d1a94a2000000;3feccccccccccccd;3faeb851eb851eb8;4082c00000000000;3f932b55ef1fddec;431e4fcf0d394000;40be4a999999999a,OutOfDomain { node: "prop_compression_ratio", field: "CR", value: -6.777695361036318e-12, bound: 1.0, edge: Lower, unit: One, reason: "an intake cannot dilute the flow; a compression ratio below one means the geometry is inverted" }
prop_compression_ratio,3fc999999999999a;426d1a94a2000000;3feccccccccccccd;3faeb851eb851eb8;4082c00000000000;3f932b55ef1fddec;431e4fcf0d394000;40be4a999999999a,OutOfDomain { node: "prop_compression_ratio", field: "CR", value: 6.777695361036155e-12, bound: 1.0, edge: Lower, unit: One, reason: "an intake cannot dilute the flow; a compression ratio below one means the geometry is inverted" }
prop_compression_ratio,3fc999999999999a;0000000000000000;3feccccccccccccd;3faeb851eb851eb8;4082c00000000000;3f932b55ef1fddec;431e4fcf0d394000;40be4a999999999a,4081a676acc98908
prop_compression_ratio,3fc999999999999a;bff0000000000000;3feccccccccccccd;3faeb851eb851eb8;4082c00000000000;3f932b55ef1fddec;431e4fcf0d394000;40be4a999999999a,OutOfDomain { node: "prop_compression_ratio", field: "CR", value: -6.860015547607527, bound: 1.0, edge: Lower, unit: One, reason: "an intake cannot dilute the flow; a compression ratio below one means the geometry is inverted" }
prop_compression_ratio,3fc999999999999a;3f847ae147ae147b;7ff8000000000000;3faeb851eb851eb8;4082c00000000000;3f932b55ef1fddec;431e4fcf0d394000;40be4a999999999a,Refused { node: "prop_compression_ratio", reason: "an input is not a finite number" }
prop_compression_ratio,3fc999999999999a;3f847ae147ae147b;7ff0000000000000;3faeb851eb851eb8;4082c00000000000;3f932b55ef1fddec;431e4fcf0d394000;40be4a999999999a,Refused { node: "prop_compression_ratio", reason: "an input is not a finite number" }
prop_compression_ratio,3fc999999999999a;3f847ae147ae147b;c26d1a94a2000000;3faeb851eb851eb8;4082c00000000000;3f932b55ef1fddec;431e4fcf0d394000;40be4a999999999a,OutOfDomain { node: "prop_compression_ratio", field: "CR", value: -342307846516981.6, bound: 1.0, edge: Lower, unit: One, reason: "an intake cannot dilute the flow; a compression ratio below one means the geometry is inverted" }
prop_compression_ratio,3fc999999999999a;3f847ae147ae147b;426d1a94a2000000;3faeb851eb851eb8;4082c00000000000;3f932b55ef1fddec;431e4fcf0d394000;40be4a999999999a,OutOfDomain { node: "prop_compression_ratio", field: "CR", value: 342307846516981.6, bound: 100000.0, edge: Upper, unit: One, reason: "above 1e5 the chamber gas becomes collisional and the free-molecular balance no longer holds" }
prop_compression_ratio,3fc999999999999a;3f847ae147ae147b;0000000000000000;3faeb851eb851eb8;4082c00000000000;3f932b55ef1fddec;431e4fcf0d394000;40be4a999999999a,OutOfDomain { node: "prop_compression_ratio", field: "CR", value: 0.0, bound: 1.0, edge: Lower, unit: One, reason: "an intake cannot dilute the flow; a compression ratio below one means the geometry is inverted" }
prop_compression_ratio,3fc999999999999a;3f847ae147ae147b;bff0000000000000;3faeb851eb851eb8;4082c00000000000;3f932b55ef1fddec;431e4fcf0d394000;40be4a999999999a,OutOfDomain { node: "prop_compression_ratio", field: "CR", value: -342.3078465169816, bound: 1.0, edge: Lower, unit: One, reason: "an intake cannot dilute the flow; a compression ratio below one means the geometry is inverted" }
prop_compression_ratio,3fc999999999999a;3f847ae147ae147b;3feccccccccccccd;7ff8000000000000;4082c00000000000;3f932b55ef1fddec;431e4fcf0d394000;40be4a999999999a,Refused { node: "prop_compression_ratio", reason: "an input is not a finite number" }
prop_compression_ratio,3fc999999999999a;3f847ae147ae147b;3feccccccccccccd;7ff0000000000000;4082c00000000000;3f932b55ef1fddec;431e4fcf0d394000;40be4a999999999a,Refused { node: "prop_compression_ratio", reason: "an input is not a finite number" }
prop_compression_ratio,3fc999999999999a;3f847ae147ae147b;3feccccccccccccd;c26d1a94a2000000;4082c00000000000;3f932b55ef1fddec;431e4fcf0d394000;40be4a999999999a,OutOfDomain { node: "prop_compression_ratio", field: "CR", value: -3.388847680518288e-11, bound: 1.0, edge: Lower, unit: One, reason: "an intake cannot dilute the flow; a compression ratio below one means the geometry is inverted" }
prop_compression_ratio,3fc999999999999a;3f847ae147ae147b;3feccccccccccccd;426d1a94a2000000;4082c00000000000;3f932b55ef1fddec;431e4fcf0d394000;40be4a999999999a,OutOfDomain { node: "prop_compression_ratio", field: "CR", value: 3.3888476805179487e-11, bound: 1.0, edge: Lower, unit: One, reason: "an intake cannot dilute the flow; a compression ratio below one means the geometry is inverted" }
prop_compression_ratio,3fc999999999999a;3f847ae147ae147b;3feccccccccccccd;0000000000000000;4082c00000000000;3f932b55ef1fddec;431e4fcf0d394000;40be4a999999999a,40852e28028b713d
prop_compression_ratio,3fc999999999999a;3f847ae147ae147b;3feccccccccccccd;bff0000000000000;4082c00000000000;3f932b55ef1fddec;431e4fcf0d394000;40be4a999999999a,OutOfDomain { node: "prop_compression_ratio", field: "CR", value: -35.67208084755914, bound: 1.0, edge: Lower, unit: One, reason: "an intake cannot dilute the flow; a compression ratio below one means the geometry is inverted" }
prop_compression_ratio,3fc999999999999a;3f847ae147ae147b;3feccccccccccccd;3faeb851eb851eb8;7ff8000000000000;3f932b55ef1fddec;431e4fcf0d394000;40be4a999999999a,Refused { node: "prop_compression_ratio", reason: "an input is not a finite number" }
prop_compression_ratio,3fc999999999999a;3f847ae147ae147b;3feccccccccccccd;3faeb851eb851eb8;7ff0000000000000;3f932b55ef1fddec;431e4fcf0d394000;40be4a999999999a,Refused { node: "prop_compression_ratio", reason: "an input is not a finite number" }
prop_compression_ratio,3fc999999999999a;3f847ae147ae147b;3feccccccccccccd;3faeb851eb851eb8;c26d1a94a2000000;3f932b55ef1fddec;431e4fcf0d394000;40be4a999999999a,Degenerate { node: "prop_compression_ratio", field: "CR", reason: "the value here is not a finite number" }
prop_compression_ratio,3fc999999999999a;3f847ae147ae147b;3feccccccccccccd;3faeb851eb851eb8;426d1a94a2000000;3f932b55ef1fddec;431e4fcf0d394000;40be4a999999999a,OutOfDomain { node: "prop_compression_ratio", field: "CR", value: 0.0075463160302579055, bound: 1.0, edge: Lower, unit: One, reason: "an intake cannot dilute the flow; a compression ratio below one means the geometry is inverted" }
prop_compression_ratio,3fc999999999999a;3f847ae147ae147b;3feccccccccccccd;3faeb851eb851eb8;0000000000000000;3f932b55ef1fddec;431e4fcf0d394000;40be4a999999999a,Degenerate { node: "prop_compression_ratio", field: "CR", reason: "the value here is not a finite number" }
prop_compression_ratio,3fc999999999999a;3f847ae147ae147b;3feccccccccccccd;3faeb851eb851eb8;bff0000000000000;3f932b55ef1fddec;431e4fcf0d394000;40be4a999999999a,Degenerate { node: "prop_compression_ratio", field: "CR", reason: "the value here is not a finite number" }
prop_compression_ratio,3fc999999999999a;3f847ae147ae147b;3feccccccccccccd;3faeb851eb851eb8;4082c00000000000;7ff8000000000000;431e4fcf0d394000;40be4a999999999a,Refused { node: "prop_compression_ratio", reason: "an input is not a finite number" }
prop_compression_ratio,3fc999999999999a;3f847ae147ae147b;3feccccccccccccd;3faeb851eb851eb8;4082c00000000000;7ff0000000000000;431e4fcf0d394000;40be4a999999999a,Refused { node: "prop_compression_ratio", reason: "an input is not a finite number" }
prop_compression_ratio,3fc999999999999a;3f847ae147ae147b;3feccccccccccccd;3faeb851eb851eb8;4082c00000000000;c26d1a94a2000000;431e4fcf0d394000;40be4a999999999a,Degenerate { node: "prop_compression_ratio", field: "CR", reason: "the value here is not a finite number" }
prop_compression_ratio,3fc999999999999a;3f847ae147ae147b;3feccccccccccccd;3faeb851eb851eb8;4082c00000000000;426d1a94a2000000;431e4fcf0d394000;40be4a999999999a,OutOfDomain { node: "prop_compression_ratio", field: "CR", value: 2251678813.9457884, bound: 100000.0, edge: Upper, unit: One, reason: "above 1e5 the chamber gas becomes collisional and the free-molecular balance no longer holds" }
prop_compression_ratio,3fc999999999999a;3f847ae147ae147b;3feccccccccccccd;3faeb851eb851eb8;4082c00000000000;0000000000000000;431e4fcf0d394000;40be4a999999999a,OutOfDomain { node: "prop_compression_ratio", field: "CR", value: 0.0, bound: 1.0, edge: Lower, unit: One, reason: "an intake cannot dilute the flow; a compression ratio below one means the geometry is inverted" }
prop_compression_ratio,3fc999999999999a;3f847ae147ae147b;3feccccccccccccd;3faeb851eb851eb8;4082c00000000000;bff0000000000000;431e4fcf0d394000;40be4a999999999a,Degenerate { node: "prop_compression_ratio", field: "CR", reason: "the value here is not a finite number" }
prop_compression_ratio,3fc999999999999a;3f847ae147ae147b;3feccccccccccccd;3faeb851eb851eb8;4082c00000000000;3f932b55ef1fddec;7ff8000000000000;40be4a999999999a,Refused { node: "prop_compression_ratio", reason: "an input is not a finite number" }
prop_compression_ratio,3fc999999999999a;3f847ae147ae147b;3feccccccccccccd;3faeb851eb851eb8;4082c00000000000;3f932b55ef1fddec;7ff0000000000000;40be4a999999999a,Refused { node: "prop_compression_ratio", reason: "an input is not a finite number" }
prop_compression_ratio,3fc999999999999a;3f847ae147ae147b;3feccccccccccccd;3faeb851eb851eb8;4082c00000000000;3f932b55ef1fddec;c26d1a94a2000000;40be4a999999999a,4073413ba538f295
prop_compression_ratio,3fc999999999999a;3f847ae147ae147b;3feccccccccccccd;3faeb851eb851eb8;4082c00000000000;3f932b55ef1fddec;426d1a94a2000000;40be4a999999999a,4073413ba538f295
prop_compression_ratio,3fc999999999999a;3f847ae147ae147b;3feccccccccccccd;3faeb851eb851eb8;4082c00000000000;3f932b55ef1fddec;0000000000000000;40be4a999999999a,4073413ba538f295
prop_compression_ratio,3fc999999999999a;3f847ae147ae147b;3feccccccccccccd;3faeb851eb851eb8;4082c00000000000;3f932b55ef1fddec;bff0000000000000;40be4a999999999a,4073413ba538f295
prop_compression_ratio,3fc999999999999a;3f847ae147ae147b;3feccccccccccccd;3faeb851eb851eb8;4082c00000000000;3f932b55ef1fddec;431e4fcf0d394000;7ff8000000000000,Refused { node: "prop_compression_ratio", reason: "an input is not a finite number" }
prop_compression_ratio,3fc999999999999a;3f847ae147ae147b;3feccccccccccccd;3faeb851eb851eb8;4082c00000000000;3f932b55ef1fddec;431e4fcf0d394000;7ff0000000000000,Refused { node: "prop_compression_ratio", reason: "an input is not a finite number" }
prop_compression_ratio,3fc999999999999a;3f847ae147ae147b;3feccccccccccccd;3faeb851eb851eb8;4082c00000000000;3f932b55ef1fddec;431e4fcf0d394000;c26d1a94a2000000,OutOfDomain { node: "prop_compression_ratio", field: "CR", value: -39728298282.99119, bound: 1.0, edge: Lower, unit: One, reason: "an intake cannot dilute the flow; a compression ratio below one means the geometry is inverted" }
prop_compression_ratio,3fc999999999999a;3f847ae147ae147b;3feccccccccccccd;3faeb851eb851eb8;4082c00000000000;3f932b55ef1fddec;431e4fcf0d394000;426d1a94a2000000,OutOfDomain { node: "prop_compression_ratio", field: "CR", value: 39728298282.99119, bound: 100000.0, edge: Upper, unit: One, reason: "above 1e5 the chamber gas becomes collisional and the free-molecular balance no longer holds" }
prop_compression_ratio,3fc999999999999a;3f847ae147ae147b;3feccccccccccccd;3faeb851eb851eb8;4082c00000000000;3f932b55ef1fddec;431e4fcf0d394000;0000000000000000,OutOfDomain { node: "prop_compression_ratio", field: "CR", value: 0.0, bound: 1.0, edge: Lower, unit: One, reason: "an intake cannot dilute the flow; a compression ratio below one means the geometry is inverted" }
prop_compression_ratio,3fc999999999999a;3f847ae147ae147b;3feccccccccccccd;3faeb851eb851eb8;4082c00000000000;3f932b55ef1fddec;431e4fcf0d394000;bff0000000000000,OutOfDomain { node: "prop_compression_ratio", field: "CR", value: -0.03972829828299119, bound: 1.0, edge: Lower, unit: One, reason: "an intake cannot dilute the flow; a compression ratio below one means the geometry is inverted" }
prop_delivered_bus_power,7ff8000000000000;3ff0000000000000,Refused { node: "prop_delivered_bus_power", reason: "an input is not a finite number" }
prop_delivered_bus_power,7ff0000000000000;3ff0000000000000,Refused { node: "prop_delivered_bus_power", reason: "an input is not a finite number" }
prop_delivered_bus_power,c26d1a94a2000000;3ff0000000000000,OutOfDomain { node: "prop_delivered_bus_power", field: "P_del", value: -1000000000000.0, bound: 0.0, edge: Lower, unit: Watt, reason: "power drawn cannot be negative" }
prop_delivered_bus_power,426d1a94a2000000;3ff0000000000000,OutOfDomain { node: "prop_delivered_bus_power", field: "P_del", value: 1000000000000.0, bound: 100000.0, edge: Upper, unit: Watt, reason: "above 100 kW no bus in this mass class supplies it" }
prop_delivered_bus_power,0000000000000000;3ff0000000000000,0000000000000000
prop_delivered_bus_power,bff0000000000000;3ff0000000000000,OutOfDomain { node: "prop_delivered_bus_power", field: "P_del", value: -1.0, bound: 0.0, edge: Lower, unit: Watt, reason: "power drawn cannot be negative" }
prop_delivered_bus_power,3ff0000000000000;7ff8000000000000,Refused { node: "prop_delivered_bus_power", reason: "an input is not a finite number" }
prop_delivered_bus_power,3ff0000000000000;7ff0000000000000,Refused { node: "prop_delivered_bus_power", reason: "an input is not a finite number" }
prop_delivered_bus_power,3ff0000000000000;c26d1a94a2000000,OutOfDomain { node: "prop_delivered_bus_power", field: "P_del", value: -1000000000000.0, bound: 0.0, edge: Lower, unit: Watt, reason: "power drawn cannot be negative" }
prop_delivered_bus_power,3ff0000000000000;426d1a94a2000000,OutOfDomain { node: "prop_delivered_bus_power", field: "P_del", value: 1000000000000.0, bound: 100000.0, edge: Upper, unit: Watt, reason: "above 100 kW no bus in this mass class supplies it" }
prop_delivered_bus_power,3ff0000000000000;0000000000000000,0000000000000000
prop_delivered_bus_power,3ff0000000000000;bff0000000000000,OutOfDomain { node: "prop_delivered_bus_power", field: "P_del", value: -1.0, bound: 0.0, edge: Lower, unit: Watt, reason: "power drawn cannot be negative" }
prop_delivered_thrust,7ff8000000000000;3ff0000000000000,Refused { node: "prop_delivered_thrust", reason: "an input is not a finite number" }
prop_delivered_thrust,7ff0000000000000;3ff0000000000000,Refused { node: "prop_delivered_thrust", reason: "an input is not a finite number" }
prop_delivered_thrust,c26d1a94a2000000;3ff0000000000000,OutOfDomain { node: "prop_delivered_thrust", field: "T_del", value: -1000000000000.0, bound: 0.0, edge: Lower, unit: Newton, reason: "thrust cannot be negative" }
prop_delivered_thrust,426d1a94a2000000;3ff0000000000000,OutOfDomain { node: "prop_delivered_thrust", field: "T_del", value: 1000000000000.0, bound: 1.0, edge: Upper, unit: Newton, reason: "above 1 N no air-breathing thruster in this band produces thrust" }
prop_delivered_thrust,0000000000000000;3ff0000000000000,0000000000000000
prop_delivered_thrust,bff0000000000000;3ff0000000000000,OutOfDomain { node: "prop_delivered_thrust", field: "T_del", value: -1.0, bound: 0.0, edge: Lower, unit: Newton, reason: "thrust cannot be negative" }
prop_delivered_thrust,3ff0000000000000;7ff8000000000000,Refused { node: "prop_delivered_thrust", reason: "an input is not a finite number" }
prop_delivered_thrust,3ff0000000000000;7ff0000000000000,Refused { node: "prop_delivered_thrust", reason: "an input is not a finite number" }
prop_delivered_thrust,3ff0000000000000;c26d1a94a2000000,OutOfDomain { node: "prop_delivered_thrust", field: "T_del", value: -1000000000000.0, bound: 0.0, edge: Lower, unit: Newton, reason: "thrust cannot be negative" }
prop_delivered_thrust,3ff0000000000000;426d1a94a2000000,OutOfDomain { node: "prop_delivered_thrust", field: "T_del", value: 1000000000000.0, bound: 1.0, edge: Upper, unit: Newton, reason: "above 1 N no air-breathing thruster in this band produces thrust" }
prop_delivered_thrust,3ff0000000000000;0000000000000000,0000000000000000
prop_delivered_thrust,3ff0000000000000;bff0000000000000,OutOfDomain { node: "prop_delivered_thrust", field: "T_del", value: -1.0, bound: 0.0, edge: Lower, unit: Newton, reason: "thrust cannot be negative" }
prop_exhaust_velocity,4072c00000000000;3f932b55ef1fddec,40eb2741de4c5855
prop_exhaust_velocity,7ff8000000000000;3f932b55ef1fddec,Refused { node: "prop_exhaust_velocity", reason: "an input is not a finite number" }
prop_exhaust_velocity,7ff0000000000000;3f932b55ef1fddec,Refused { node: "prop_exhaust_velocity", reason: "an input is not a finite number" }
prop_exhaust_velocity,c26d1a94a2000000;3f932b55ef1fddec,Degenerate { node: "prop_exhaust_velocity", field: "v_e", reason: "the value here is not a finite number" }
prop_exhaust_velocity,426d1a94a2000000;3f932b55ef1fddec,OutOfDomain { node: "prop_exhaust_velocity", field: "v_e", value: 3210648217.881572, bound: 500000.0, edge: Upper, unit: MetrePerSecond, reason: "above 500 km/s the relativistic and space-charge assumptions in the relation break down" }
prop_exhaust_velocity,0000000000000000;3f932b55ef1fddec,OutOfDomain { node: "prop_exhaust_velocity", field: "v_e", value: 0.0, bound: 1000.0, edge: Lower, unit: MetrePerSecond, reason: "below 1 km/s the exhaust is slower than a cold gas thruster and the concept has no advantage" }
prop_exhaust_velocity,bff0000000000000;3f932b55ef1fddec,Degenerate { node: "prop_exhaust_velocity", field: "v_e", reason: "the value here is not a finite number" }
prop_exhaust_velocity,4072c00000000000;7ff8000000000000,Refused { node: "prop_exhaust_velocity", reason: "an input is not a finite number" }
prop_exhaust_velocity,4072c00000000000;7ff0000000000000,Refused { node: "prop_exhaust_velocity", reason: "an input is not a finite number" }
prop_exhaust_velocity,4072c00000000000;c26d1a94a2000000,Degenerate { node: "prop_exhaust_velocity", field: "v_e", reason: "the value here is not a finite number" }
prop_exhaust_velocity,4072c00000000000;426d1a94a2000000,OutOfDomain { node: "prop_exhaust_velocity", field: "v_e", value: 0.007608626635207303, bound: 1000.0, edge: Lower, unit: MetrePerSecond, reason: "below 1 km/s the exhaust is slower than a cold gas thruster and the concept has no advantage" }
prop_exhaust_velocity,4072c00000000000;0000000000000000,Degenerate { node: "prop_exhaust_velocity", field: "v_e", reason: "the value here is not a finite number" }
prop_exhaust_velocity,4072c00000000000;bff0000000000000,Degenerate { node: "prop_exhaust_velocity", field: "v_e", reason: "the value here is not a finite number" }
prop_incident_flux,7ff8000000000000;3ff0000000000000,Refused { node: "prop_incident_flux", reason: "an input is not a finite number" }
prop_incident_flux,7ff0000000000000;3ff0000000000000,Refused { node: "prop_incident_flux", reason: "an input is not a finite number" }
prop_incident_flux,c26d1a94a2000000;3ff0000000000000,OutOfDomain { node: "prop_incident_flux", field: "phi", value: -1000000000000.0, bound: 0.0, edge: Lower, unit: KgPerSecond, reason: "an incident flux cannot be negative" }
prop_incident_flux,426d1a94a2000000;3ff0000000000000,OutOfDomain { node: "prop_incident_flux", field: "phi", value: 1000000000000.0, bound: 1.0, edge: Upper, unit: KgPerSecond, reason: "above 1 kg/m2/s the flow is continuum and the intake model does not apply" }
prop_incident_flux,0000000000000000;3ff0000000000000,0000000000000000
prop_incident_flux,bff0000000000000;3ff0000000000000,OutOfDomain { node: "prop_incident_flux", field: "phi", value: -1.0, bound: 0.0, edge: Lower, unit: KgPerSecond, reason: "an incident flux cannot be negative" }
prop_incident_flux,3ff0000000000000;7ff8000000000000,Refused { node: "prop_incident_flux", reason: "an input is not a finite number" }
prop_incident_flux,3ff0000000000000;7ff0000000000000,Refused { node: "prop_incident_flux", reason: "an input is not a finite number" }
prop_incident_flux,3ff0000000000000;c26d1a94a2000000,OutOfDomain { node: "prop_incident_flux", field: "phi", value: -1000000000000.0, bound: 0.0, edge: Lower, unit: KgPerSecond, reason: "an incident flux cannot be negative" }
prop_incident_flux,3ff0000000000000;426d1a94a2000000,OutOfDomain { node: "prop_incident_flux", field: "phi", value: 1000000000000.0, bound: 1.0, edge: Upper, unit: KgPerSecond, reason: "above 1 kg/m2/s the flow is continuum and the intake model does not apply" }
prop_incident_flux,3ff0000000000000;0000000000000000,0000000000000000
prop_incident_flux,3ff0000000000000;bff0000000000000,OutOfDomain { node: "prop_incident_flux", field: "phi", value: -1.0, bound: 0.0, edge: Lower, unit: KgPerSecond, reason: "an incident flux cannot be negative" }
prop_input_power,7ff8000000000000;3ff0000000000000;3ff0000000000000,Refused { node: "prop_input_power", reason: "an input is not a finite number" }
prop_input_power,7ff0000000000000;3ff0000000000000;3ff0000000000000,Refused { node: "prop_input_power", reason: "an input is not a finite number" }
prop_input_power,c26d1a94a2000000;3ff0000000000000;3ff0000000000000,Degenerate { node: "prop_input_power", field: "P_in", reason: "the value here is not a finite number" }
prop_input_power,426d1a94a2000000;3ff0000000000000;3ff0000000000000,Degenerate { node: "prop_input_power", field: "P_in", reason: "the value here is not a finite number" }
prop_input_power,0000000000000000;3ff0000000000000;3ff0000000000000,Degenerate { node: "prop_input_power", field: "P_in", reason: "the value here is not a finite number" }
prop_input_power,bff0000000000000;3ff0000000000000;3ff0000000000000,Degenerate { node: "prop_input_power", field: "P_in", reason: "the value here is not a finite number" }
prop_input_power,3ff0000000000000;7ff8000000000000;3ff0000000000000,Refused { node: "prop_input_power", reason: "an input is not a finite number" }
prop_input_power,3ff0000000000000;7ff0000000000000;3ff0000000000000,Refused { node: "prop_input_power", reason: "an input is not a finite number" }
prop_input_power,3ff0000000000000;c26d1a94a2000000;3ff0000000000000,Degenerate { node: "prop_input_power", field: "P_in", reason: "the value here is not a finite number" }
prop_input_power,3ff0000000000000;426d1a94a2000000;3ff0000000000000,Degenerate { node: "prop_input_power", field: "P_in", reason: "the value here is not a finite number" }
prop_input_power,3ff0000000000000;0000000000000000;3ff0000000000000,Degenerate { node: "prop_input_power", field: "P_in", reason: "the value here is not a finite number" }
prop_input_power,3ff0000000000000;bff0000000000000;3ff0000000000000,Degenerate { node: "prop_input_power", field: "P_in", reason: "the value here is not a finite number" }
prop_input_power,3ff0000000000000;3ff0000000000000;7ff8000000000000,Refused { node: "prop_input_power", reason: "an input is not a finite number" }
prop_input_power,3ff0000000000000;3ff0000000000000;7ff0000000000000,Refused { node: "prop_input_power", reason: "an input is not a finite number" }
prop_input_power,3ff0000000000000;3ff0000000000000;c26d1a94a2000000,3d819799812dd6b9
prop_input_power,3ff0000000000000;3ff0000000000000;426d1a94a2000000,OutOfDomain { node: "prop_input_power", field: "P_in", value: -2.000000000002e-12, bound: 0.0, edge: Lower, unit: Watt, reason: "input power cannot be negative" }
prop_input_power,3ff0000000000000;3ff0000000000000;0000000000000000,4000000000000000
prop_input_power,3ff0000000000000;3ff0000000000000;bff0000000000000,3ff0000000000000
prop_ion_flow,7ff8000000000000;3ff0000000000000,Refused { node: "prop_ion_flow", reason: "an input is not a finite number" }
prop_ion_flow,7ff0000000000000;3ff0000000000000,Refused { node: "prop_ion_flow", reason: "an input is not a finite number" }
prop_ion_flow,c26d1a94a2000000;3ff0000000000000,OutOfDomain { node: "prop_ion_flow", field: "mdot_i", value: -1000000000000.0, bound: 0.0, edge: Lower, unit: KgPerSecond, reason: "an ion mass flow cannot be negative" }
prop_ion_flow,426d1a94a2000000;3ff0000000000000,OutOfDomain { node: "prop_ion_flow", field: "mdot_i", value: 1000000000000.0, bound: 9.999999999999999e-6, edge: Upper, unit: KgPerSecond, reason: "cannot exceed the collected flow it comes from" }
prop_ion_flow,0000000000000000;3ff0000000000000,0000000000000000
prop_ion_flow,bff0000000000000;3ff0000000000000,OutOfDomain { node: "prop_ion_flow", field: "mdot_i", value: -1.0, bound: 0.0, edge: Lower, unit: KgPerSecond, reason: "an ion mass flow cannot be negative" }
prop_ion_flow,3ff0000000000000;7ff8000000000000,Refused { node: "prop_ion_flow", reason: "an input is not a finite number" }
prop_ion_flow,3ff0000000000000;7ff0000000000000,Refused { node: "prop_ion_flow", reason: "an input is not a finite number" }
prop_ion_flow,3ff0000000000000;c26d1a94a2000000,OutOfDomain { node: "prop_ion_flow", field: "mdot_i", value: -1000000000000.0, bound: 0.0, edge: Lower, unit: KgPerSecond, reason: "an ion mass flow cannot be negative" }
prop_ion_flow,3ff0000000000000;426d1a94a2000000,OutOfDomain { node: "prop_ion_flow", field: "mdot_i", value: 1000000000000.0, bound: 9.999999999999999e-6, edge: Upper, unit: KgPerSecond, reason: "cannot exceed the collected flow it comes from" }
prop_ion_flow,3ff0000000000000;0000000000000000,0000000000000000
prop_ion_flow,3ff0000000000000;bff0000000000000,OutOfDomain { node: "prop_ion_flow", field: "mdot_i", value: -1.0, bound: 0.0, edge: Lower, unit: KgPerSecond, reason: "an ion mass flow cannot be negative" }
prop_ionisation_power,7ff8000000000000;3ff0000000000000;3ff0000000000000,Refused { node: "prop_ionisation_power", reason: "an input is not a finite number" }
prop_ionisation_power,7ff0000000000000;3ff0000000000000;3ff0000000000000,Refused { node: "prop_ionisation_power", reason: "an input is not a finite number" }
prop_ionisation_power,c26d1a94a2000000;3ff0000000000000;3ff0000000000000,OutOfDomain { node: "prop_ionisation_power", field: "P_ion", value: -9.648533212331002e16, bound: 0.0, edge: Lower, unit: Watt, reason: "ionisation power cannot be negative" }
prop_ionisation_power,426d1a94a2000000;3ff0000000000000;3ff0000000000000,OutOfDomain { node: "prop_ionisation_power", field: "P_ion", value: 9.648533212331002e16, bound: 100000.0, edge: Upper, unit: Watt, reason: "above 100 kW no bus in this mass class supplies it" }
prop_ionisation_power,0000000000000000;3ff0000000000000;3ff0000000000000,0000000000000000
prop_ionisation_power,bff0000000000000;3ff0000000000000;3ff0000000000000,OutOfDomain { node: "prop_ionisation_power", field: "P_ion", value: -96485.33212331001, bound: 0.0, edge: Lower, unit: Watt, reason: "ionisation power cannot be negative" }
prop_ionisation_power,3ff0000000000000;7ff8000000000000;3ff0000000000000,Refused { node: "prop_ionisation_power", reason: "an input is not a finite number" }
prop_ionisation_power,3ff0000000000000;7ff0000000000000;3ff0000000000000,Refused { node: "prop_ionisation_power", reason: "an input is not a finite number" }
prop_ionisation_power,3ff0000000000000;c26d1a94a2000000;3ff0000000000000,OutOfDomain { node: "prop_ionisation_power", field: "P_ion", value: -9.648533212331002e-8, bound: 0.0, edge: Lower, unit: Watt, reason: "ionisation power cannot be negative" }
prop_ionisation_power,3ff0000000000000;426d1a94a2000000;3ff0000000000000,3e79e66be9cc1912
prop_ionisation_power,3ff0000000000000;0000000000000000;3ff0000000000000,Degenerate { node: "prop_ionisation_power", field: "P_ion", reason: "the value here is not a finite number" }
prop_ionisation_power,3ff0000000000000;bff0000000000000;3ff0000000000000,OutOfDomain { node: "prop_ionisation_power", field: "P_ion", value: -96485.33212331001, bound: 0.0, edge: Lower, unit: Watt, reason: "ionisation power cannot be negative" }
prop_ionisation_power,3ff0000000000000;3ff0000000000000;7ff8000000000000,Refused { node: "prop_ionisation_power", reason: "an input is not a finite number" }
prop_ionisation_power,3ff0000000000000;3ff0000000000000;7ff0000000000000,Refused { node: "prop_ionisation_power", reason: "an input is not a finite number" }
prop_ionisation_power,3ff0000000000000;3ff0000000000000;c26d1a94a2000000,OutOfDomain { node: "prop_ionisation_power", field: "P_ion", value: -9.648533212331002e16, bound: 0.0, edge: Lower, unit: Watt, reason: "ionisation power cannot be negative" }
prop_ionisation_power,3ff0000000000000;3ff0000000000000;426d1a94a2000000,OutOfDomain { node: "prop_ionisation_power", field: "P_ion", value: 9.648533212331002e16, bound: 100000.0, edge: Upper, unit: Watt, reason: "above 100 kW no bus in this mass class supplies it" }
prop_ionisation_power,3ff0000000000000;3ff0000000000000;0000000000000000,0000000000000000
prop_ionisation_power,3ff0000000000000;3ff0000000000000;bff0000000000000,OutOfDomain { node: "prop_ionisation_power", field: "P_ion", value: -96485.33212331001, bound: 0.0, edge: Lower, unit: Watt, reason: "ionisation power cannot be negative" }
prop_jet_power,7ff8000000000000;3ff0000000000000,Refused { node: "prop_jet_power", reason: "an input is not a finite number" }
prop_jet_power,7ff0000000000000;3ff0000000000000,Refused { node: "prop_jet_power", reason: "an input is not a finite number" }
prop_jet_power,c26d1a94a2000000;3ff0000000000000,OutOfDomain { node: "prop_jet_power", field: "P_jet", value: 5e23, bound: 100000.0, edge: Upper, unit: Watt, reason: "above 100 kW no bus in this mass class supplies it" }
prop_jet_power,426d1a94a2000000;3ff0000000000000,OutOfDomain { node: "prop_jet_power", field: "P_jet", value: 5e23, bound: 100000.0, edge: Upper, unit: Watt, reason: "above 100 kW no bus in this mass class supplies it" }
prop_jet_power,0000000000000000;3ff0000000000000,0000000000000000
prop_jet_power,bff0000000000000;3ff0000000000000,3fe0000000000000
prop_jet_power,3ff0000000000000;7ff8000000000000,Refused { node: "prop_jet_power", reason: "an input is not a finite number" }
prop_jet_power,3ff0000000000000;7ff0000000000000,Refused { node: "prop_jet_power", reason: "an input is not a finite number" }
prop_jet_power,3ff0000000000000;c26d1a94a2000000,Refused { node: "prop_jet_power", reason: "no ion flow, so jet power is undefined rather than infinite" }
prop_jet_power,3ff0000000000000;426d1a94a2000000,3d619799812dea11
prop_jet_power,3ff0000000000000;0000000000000000,Refused { node: "prop_jet_power", reason: "no ion flow, so jet power is undefined rather than infinite" }
prop_jet_power,3ff0000000000000;bff0000000000000,Refused { node: "prop_jet_power", reason: "no ion flow, so jet power is undefined rather than infinite" }
prop_specific_impulse,7ff8000000000000;3ff0000000000000,Refused { node: "prop_specific_impulse", reason: "an input is not a finite number" }
prop_specific_impulse,7ff0000000000000;3ff0000000000000,Refused { node: "prop_specific_impulse", reason: "an input is not a finite number" }
prop_specific_impulse,c26d1a94a2000000;3ff0000000000000,OutOfDomain { node: "prop_specific_impulse", field: "Isp", value: -101971621297.79283, bound: 100.0, edge: Lower, unit: Second, reason: "below 100 s an air-breathing system offers nothing a cold gas thruster does not" }
prop_specific_impulse,426d1a94a2000000;3ff0000000000000,OutOfDomain { node: "prop_specific_impulse", field: "Isp", value: 101971621297.79283, bound: 50000.0, edge: Upper, unit: Second, reason: "above 50000 s the relation is being fed an ion flow that is not physical" }
prop_specific_impulse,0000000000000000;3ff0000000000000,OutOfDomain { node: "prop_specific_impulse", field: "Isp", value: 0.0, bound: 100.0, edge: Lower, unit: Second, reason: "below 100 s an air-breathing system offers nothing a cold gas thruster does not" }
prop_specific_impulse,bff0000000000000;3ff0000000000000,OutOfDomain { node: "prop_specific_impulse", field: "Isp", value: -0.10197162129779283, bound: 100.0, edge: Lower, unit: Second, reason: "below 100 s an air-breathing system offers nothing a cold gas thruster does not" }
prop_specific_impulse,3ff0000000000000;7ff8000000000000,Refused { node: "prop_specific_impulse", reason: "an input is not a finite number" }
prop_specific_impulse,3ff0000000000000;7ff0000000000000,Refused { node: "prop_specific_impulse", reason: "an input is not a finite number" }
prop_specific_impulse,3ff0000000000000;c26d1a94a2000000,OutOfDomain { node: "prop_specific_impulse", field: "Isp", value: -1.0197162129779282e-13, bound: 100.0, edge: Lower, unit: Second, reason: "below 100 s an air-breathing system offers nothing a cold gas thruster does not" }
prop_specific_impulse,3ff0000000000000;426d1a94a2000000,OutOfDomain { node: "prop_specific_impulse", field: "Isp", value: 1.0197162129779282e-13, bound: 100.0, edge: Lower, unit: Second, reason: "below 100 s an air-breathing system offers nothing a cold gas thruster does not" }
prop_specific_impulse,3ff0000000000000;0000000000000000,Degenerate { node: "prop_specific_impulse", field: "Isp", reason: "the value here is not a finite number" }
prop_specific_impulse,3ff0000000000000;bff0000000000000,OutOfDomain { node: "prop_specific_impulse", field: "Isp", value: -0.10197162129779283, bound: 100.0, edge: Lower, unit: Second, reason: "below 100 s an air-breathing system offers nothing a cold gas thruster does not" }
prop_throttle,7ff8000000000000;3ff0000000000000;3ff0000000000000;3ff0000000000000;3ff0000000000000;3ff0000000000000;3ff0000000000000,Refused { node: "prop_throttle", reason: "an input is not a finite number" }
prop_throttle,7ff0000000000000;3ff0000000000000;3ff0000000000000;3ff0000000000000;3ff0000000000000;3ff0000000000000;3ff0000000000000,Refused { node: "prop_throttle", reason: "an input is not a finite number" }
prop_throttle,c26d1a94a2000000;3ff0000000000000;3ff0000000000000;3ff0000000000000;3ff0000000000000;3ff0000000000000;3ff0000000000000,0000000000000000
prop_throttle,426d1a94a2000000;3ff0000000000000;3ff0000000000000;3ff0000000000000;3ff0000000000000;3ff0000000000000;3ff0000000000000,3ff0000000000000
prop_throttle,0000000000000000;3ff0000000000000;3ff0000000000000;3ff0000000000000;3ff0000000000000;3ff0000000000000;3ff0000000000000,0000000000000000
prop_throttle,bff0000000000000;3ff0000000000000;3ff0000000000000;3ff0000000000000;3ff0000000000000;3ff0000000000000;3ff0000000000000,0000000000000000
prop_throttle,3ff0000000000000;7ff8000000000000;3ff0000000000000;3ff0000000000000;3ff0000000000000;3ff0000000000000;3ff0000000000000,Refused { node: "prop_throttle", reason: "an input is not a finite number" }
prop_throttle,3ff0000000000000;7ff0000000000000;3ff0000000000000;3ff0000000000000;3ff0000000000000;3ff0000000000000;3ff0000000000000,Refused { node: "prop_throttle", reason: "an input is not a finite number" }
prop_throttle,3ff0000000000000;c26d1a94a2000000;3ff0000000000000;3ff0000000000000;3ff0000000000000;3ff0000000000000;3ff0000000000000,0000000000000000
prop_throttle,3ff0000000000000;426d1a94a2000000;3ff0000000000000;3ff0000000000000;3ff0000000000000;3ff0000000000000;3ff0000000000000,0000000000000000
prop_throttle,3ff0000000000000;0000000000000000;3ff0000000000000;3ff0000000000000;3ff0000000000000;3ff0000000000000;3ff0000000000000,0000000000000000
prop_throttle,3ff0000000000000;bff0000000000000;3ff0000000000000;3ff0000000000000;3ff0000000000000;3ff0000000000000;3ff0000000000000,0000000000000000
prop_throttle,3ff0000000000000;3ff0000000000000;7ff8000000000000;3ff0000000000000;3ff0000000000000;3ff0000000000000;3ff0000000000000,Refused { node: "prop_throttle", reason: "an input is not a finite number" }
prop_throttle,3ff0000000000000;3ff0000000000000;7ff0000000000000;3ff0000000000000;3ff0000000000000;3ff0000000000000;3ff0000000000000,Refused { node: "prop_throttle", reason: "an input is not a finite number" }
prop_throttle,3ff0000000000000;3ff0000000000000;c26d1a94a2000000;3ff0000000000000;3ff0000000000000;3ff0000000000000;3ff0000000000000,3ff0000000000000
prop_throttle,3ff0000000000000;3ff0000000000000;426d1a94a2000000;3ff0000000000000;3ff0000000000000;3ff0000000000000;3ff0000000000000,0000000000000000
prop_throttle,3ff0000000000000;3ff0000000000000;0000000000000000;3ff0000000000000;3ff0000000000000;3ff0000000000000;3ff0000000000000,0000000000000000
prop_throttle,3ff0000000000000;3ff0000000000000;bff0000000000000;3ff0000000000000;3ff0000000000000;3ff0000000000000;3ff0000000000000,0000000000000000
prop_throttle,3ff0000000000000;3ff0000000000000;3ff0000000000000;7ff8000000000000;3ff0000000000000;3ff0000000000000;3ff0000000000000,Refused { node: "prop_throttle", reason: "an input is not a finite number" }
prop_throttle,3ff0000000000000;3ff0000000000000;3ff0000000000000;7ff0000000000000;3ff0000000000000;3ff0000000000000;3ff0000000000000,Refused { node: "prop_throttle", reason: "an input is not a finite number" }
prop_throttle,3ff0000000000000;3ff0000000000000;3ff0000000000000;c26d1a94a2000000;3ff0000000000000;3ff0000000000000;3ff0000000000000,3ff0000000000000
prop_throttle,3ff0000000000000;3ff0000000000000;3ff0000000000000;426d1a94a2000000;3ff0000000000000;3ff0000000000000;3ff0000000000000,0000000000000000
prop_throttle,3ff0000000000000;3ff0000000000000;3ff0000000000000;0000000000000000;3ff0000000000000;3ff0000000000000;3ff0000000000000,0000000000000000
prop_throttle,3ff0000000000000;3ff0000000000000;3ff0000000000000;bff0000000000000;3ff0000000000000;3ff0000000000000;3ff0000000000000,0000000000000000
prop_throttle,3ff0000000000000;3ff0000000000000;3ff0000000000000;3ff0000000000000;7ff8000000000000;3ff0000000000000;3ff0000000000000,Refused { node: "prop_throttle", reason: "an input is not a finite number" }
prop_throttle,3ff0000000000000;3ff0000000000000;3ff0000000000000;3ff0000000000000;7ff0000000000000;3ff0000000000000;3ff0000000000000,Refused { node: "prop_throttle", reason: "an input is not a finite number" }
prop_throttle,3ff0000000000000;3ff0000000000000;3ff0000000000000;3ff0000000000000;c26d1a94a2000000;3ff0000000000000;3ff0000000000000,3ff0000000000000
prop_throttle,3ff0000000000000;3ff0000000000000;3ff0000000000000;3ff0000000000000;426d1a94a2000000;3ff0000000000000;3ff0000000000000,0000000000000000
prop_throttle,3ff0000000000000;3ff0000000000000;3ff0000000000000;3ff0000000000000;0000000000000000;3ff0000000000000;3ff0000000000000,0000000000000000
prop_throttle,3ff0000000000000;3ff0000000000000;3ff0000000000000;3ff0000000000000;bff0000000000000;3ff0000000000000;3ff0000000000000,0000000000000000
prop_throttle,3ff0000000000000;3ff0000000000000;3ff0000000000000;3ff0000000000000;3ff0000000000000;7ff8000000000000;3ff0000000000000,Refused { node: "prop_throttle", reason: "an input is not a finite number" }
prop_throttle,3ff0000000000000;3ff0000000000000;3ff0000000000000;3ff0000000000000;3ff0000000000000;7ff0000000000000;3ff0000000000000,Refused { node: "prop_throttle", reason: "an input is not a finite number" }
prop_throttle,3ff0000000000000;3ff0000000000000;3ff0000000000000;3ff0000000000000;3ff0000000000000;c26d1a94a2000000;3ff0000000000000,3ff0000000000000
prop_throttle,3ff0000000000000;3ff0000000000000;3ff0000000000000;3ff0000000000000;3ff0000000000000;426d1a94a2000000;3ff0000000000000,0000000000000000
prop_throttle,3ff0000000000000;3ff0000000000000;3ff0000000000000;3ff0000000000000;3ff0000000000000;0000000000000000;3ff0000000000000,0000000000000000
prop_throttle,3ff0000000000000;3ff0000000000000;3ff0000000000000;3ff0000000000000;3ff0000000000000;bff0000000000000;3ff0000000000000,0000000000000000
prop_throttle,3ff0000000000000;3ff0000000000000;3ff0000000000000;3ff0000000000000;3ff0000000000000;3ff0000000000000;7ff8000000000000,Refused { node: "prop_throttle", reason: "an input is not a finite number" }
prop_throttle,3ff0000000000000;3ff0000000000000;3ff0000000000000;3ff0000000000000;3ff0000000000000;3ff0000000000000;7ff0000000000000,Refused { node: "prop_throttle", reason: "an input is not a finite number" }
prop_throttle,3ff0000000000000;3ff0000000000000;3ff0000000000000;3ff0000000000000;3ff0000000000000;3ff0000000000000;c26d1a94a2000000,3ff0000000000000
prop_throttle,3ff0000000000000;3ff0000000000000;3ff0000000000000;3ff0000000000000;3ff0000000000000;3ff0000000000000;426d1a94a2000000,0000000000000000
prop_throttle,3ff0000000000000;3ff0000000000000;3ff0000000000000;3ff0000000000000;3ff0000000000000;3ff0000000000000;0000000000000000,0000000000000000
prop_throttle,3ff0000000000000;3ff0000000000000;3ff0000000000000;3ff0000000000000;3ff0000000000000;3ff0000000000000;bff0000000000000,3ff0000000000000
prop_thrust,7ff8000000000000;3ff0000000000000;3ff0000000000000;3ff0000000000000,Refused { node: "prop_thrust", reason: "an input is not a finite number" }
prop_thrust,7ff0000000000000;3ff0000000000000;3ff0000000000000;3ff0000000000000,Refused { node: "prop_thrust", reason: "an input is not a finite number" }
prop_thrust,c26d1a94a2000000;3ff0000000000000;3ff0000000000000;3ff0000000000000,OutOfDomain { node: "prop_thrust", field: "T", value: -1000000000000.0, bound: 0.0, edge: Lower, unit: Newton, reason: "thrust cannot be negative" }
prop_thrust,426d1a94a2000000;3ff0000000000000;3ff0000000000000;3ff0000000000000,OutOfDomain { node: "prop_thrust", field: "T", value: 1000000000000.0, bound: 1.0, edge: Upper, unit: Newton, reason: "above 1 N no air-breathing thruster in this band produces thrust, at any intake size" }
prop_thrust,0000000000000000;3ff0000000000000;3ff0000000000000;3ff0000000000000,0000000000000000
prop_thrust,bff0000000000000;3ff0000000000000;3ff0000000000000;3ff0000000000000,OutOfDomain { node: "prop_thrust", field: "T", value: -1.0, bound: 0.0, edge: Lower, unit: Newton, reason: "thrust cannot be negative" }
prop_thrust,3ff0000000000000;7ff8000000000000;3ff0000000000000;3ff0000000000000,Refused { node: "prop_thrust", reason: "an input is not a finite number" }
prop_thrust,3ff0000000000000;7ff0000000000000;3ff0000000000000;3ff0000000000000,Refused { node: "prop_thrust", reason: "an input is not a finite number" }
prop_thrust,3ff0000000000000;c26d1a94a2000000;3ff0000000000000;3ff0000000000000,OutOfDomain { node: "prop_thrust", field: "T", value: -1000000000000.0, bound: 0.0, edge: Lower, unit: Newton, reason: "thrust cannot be negative" }
prop_thrust,3ff0000000000000;426d1a94a2000000;3ff0000000000000;3ff0000000000000,OutOfDomain { node: "prop_thrust", field: "T", value: 1000000000000.0, bound: 1.0, edge: Upper, unit: Newton, reason: "above 1 N no air-breathing thruster in this band produces thrust, at any intake size" }
prop_thrust,3ff0000000000000;0000000000000000;3ff0000000000000;3ff0000000000000,0000000000000000
prop_thrust,3ff0000000000000;bff0000000000000;3ff0000000000000;3ff0000000000000,OutOfDomain { node: "prop_thrust", field: "T", value: -1.0, bound: 0.0, edge: Lower, unit: Newton, reason: "thrust cannot be negative" }
prop_thrust,3ff0000000000000;3ff0000000000000;7ff8000000000000;3ff0000000000000,Refused { node: "prop_thrust", reason: "an input is not a finite number" }
prop_thrust,3ff0000000000000;3ff0000000000000;7ff0000000000000;3ff0000000000000,Refused { node: "prop_thrust", reason: "an input is not a finite number" }
prop_thrust,3ff0000000000000;3ff0000000000000;c26d1a94a2000000;3ff0000000000000,OutOfDomain { node: "prop_thrust", field: "T", value: -1000000000000.0, bound: 0.0, edge: Lower, unit: Newton, reason: "thrust cannot be negative" }
prop_thrust,3ff0000000000000;3ff0000000000000;426d1a94a2000000;3ff0000000000000,OutOfDomain { node: "prop_thrust", field: "T", value: 1000000000000.0, bound: 1.0, edge: Upper, unit: Newton, reason: "above 1 N no air-breathing thruster in this band produces thrust, at any intake size" }
prop_thrust,3ff0000000000000;3ff0000000000000;0000000000000000;3ff0000000000000,0000000000000000
prop_thrust,3ff0000000000000;3ff0000000000000;bff0000000000000;3ff0000000000000,OutOfDomain { node: "prop_thrust", field: "T", value: -1.0, bound: 0.0, edge: Lower, unit: Newton, reason: "thrust cannot be negative" }
prop_thrust,3ff0000000000000;3ff0000000000000;3ff0000000000000;7ff8000000000000,Refused { node: "prop_thrust", reason: "an input is not a finite number" }
prop_thrust,3ff0000000000000;3ff0000000000000;3ff0000000000000;7ff0000000000000,Refused { node: "prop_thrust", reason: "an input is not a finite number" }
prop_thrust,3ff0000000000000;3ff0000000000000;3ff0000000000000;c26d1a94a2000000,OutOfDomain { node: "prop_thrust", field: "T", value: -1000000000000.0, bound: 0.0, edge: Lower, unit: Newton, reason: "thrust cannot be negative" }
prop_thrust,3ff0000000000000;3ff0000000000000;3ff0000000000000;426d1a94a2000000,OutOfDomain { node: "prop_thrust", field: "T", value: 1000000000000.0, bound: 1.0, edge: Upper, unit: Newton, reason: "above 1 N no air-breathing thruster in this band produces thrust, at any intake size" }
prop_thrust,3ff0000000000000;3ff0000000000000;3ff0000000000000;0000000000000000,0000000000000000
prop_thrust,3ff0000000000000;3ff0000000000000;3ff0000000000000;bff0000000000000,OutOfDomain { node: "prop_thrust", field: "T", value: -1.0, bound: 0.0, edge: Lower, unit: Newton, reason: "thrust cannot be negative" }
prop_thrust_to_drag,7ff8000000000000;3ff0000000000000,Refused { node: "prop_thrust_to_drag", reason: "an input is not a finite number" }
prop_thrust_to_drag,7ff0000000000000;3ff0000000000000,Refused { node: "prop_thrust_to_drag", reason: "an input is not a finite number" }
prop_thrust_to_drag,c26d1a94a2000000;3ff0000000000000,OutOfDomain { node: "prop_thrust_to_drag", field: "T_D", value: -1000000000000.0, bound: 0.0, edge: Lower, unit: One, reason: "a negative ratio means a sign error in thrust or drag" }
prop_thrust_to_drag,426d1a94a2000000;3ff0000000000000,OutOfDomain { node: "prop_thrust_to_drag", field: "T_D", value: 1000000000000.0, bound: 100.0, edge: Upper, unit: One, reason: "above 100 the vehicle is a launch stage, not a satellite" }
prop_thrust_to_drag,0000000000000000;3ff0000000000000,0000000000000000
prop_thrust_to_drag,bff0000000000000;3ff0000000000000,OutOfDomain { node: "prop_thrust_to_drag", field: "T_D", value: -1.0, bound: 0.0, edge: Lower, unit: One, reason: "a negative ratio means a sign error in thrust or drag" }
prop_thrust_to_drag,3ff0000000000000;7ff8000000000000,Refused { node: "prop_thrust_to_drag", reason: "an input is not a finite number" }
prop_thrust_to_drag,3ff0000000000000;7ff0000000000000,Refused { node: "prop_thrust_to_drag", reason: "an input is not a finite number" }
prop_thrust_to_drag,3ff0000000000000;c26d1a94a2000000,OutOfDomain { node: "prop_thrust_to_drag", field: "T_D", value: -1e-12, bound: 0.0, edge: Lower, unit: One, reason: "a negative ratio means a sign error in thrust or drag" }
prop_thrust_to_drag,3ff0000000000000;426d1a94a2000000,3d719799812dea11
prop_thrust_to_drag,3ff0000000000000;0000000000000000,Degenerate { node: "prop_thrust_to_drag", field: "T_D", reason: "the value here is not a finite number" }
prop_thrust_to_drag,3ff0000000000000;bff0000000000000,OutOfDomain { node: "prop_thrust_to_drag", field: "T_D", value: -1.0, bound: 0.0, edge: Lower, unit: One, reason: "a negative ratio means a sign error in thrust or drag" }
prop_total_efficiency,7ff8000000000000;3ff0000000000000,Refused { node: "prop_total_efficiency", reason: "an input is not a finite number" }
prop_total_efficiency,7ff0000000000000;3ff0000000000000,Refused { node: "prop_total_efficiency", reason: "an input is not a finite number" }
prop_total_efficiency,c26d1a94a2000000;3ff0000000000000,OutOfDomain { node: "prop_total_efficiency", field: "eta_T", value: -1000000000000.0, bound: 0.0, edge: Lower, unit: One, reason: "an efficiency cannot be negative" }
prop_total_efficiency,426d1a94a2000000;3ff0000000000000,OutOfDomain { node: "prop_total_efficiency", field: "eta_T", value: 1000000000000.0, bound: 1.0, edge: Upper, unit: One, reason: "an efficiency above one is a violation of energy conservation and a sign of an error upstream" }
prop_total_efficiency,0000000000000000;3ff0000000000000,0000000000000000
prop_total_efficiency,bff0000000000000;3ff0000000000000,OutOfDomain { node: "prop_total_efficiency", field: "eta_T", value: -1.0, bound: 0.0, edge: Lower, unit: One, reason: "an efficiency cannot be negative" }
prop_total_efficiency,3ff0000000000000;7ff8000000000000,Refused { node: "prop_total_efficiency", reason: "an input is not a finite number" }
prop_total_efficiency,3ff0000000000000;7ff0000000000000,Refused { node: "prop_total_efficiency", reason: "an input is not a finite number" }
prop_total_efficiency,3ff0000000000000;c26d1a94a2000000,OutOfDomain { node: "prop_total_efficiency", field: "eta_T", value: -1e-12, bound: 0.0, edge: Lower, unit: One, reason: "an efficiency cannot be negative" }
prop_total_efficiency,3ff0000000000000;426d1a94a2000000,3d719799812dea11
prop_total_efficiency,3ff0000000000000;0000000000000000,Degenerate { node: "prop_total_efficiency", field: "eta_T", reason: "the value here is not a finite number" }
prop_total_efficiency,3ff0000000000000;bff0000000000000,OutOfDomain { node: "prop_total_efficiency", field: "eta_T", value: -1.0, bound: 0.0, edge: Lower, unit: One, reason: "an efficiency cannot be negative" }
pwr_array_mass,7ff8000000000000;3ff0000000000000,Refused { node: "pwr_array_mass", reason: "an input is not a finite number" }
pwr_array_mass,7ff0000000000000;3ff0000000000000,Refused { node: "pwr_array_mass", reason: "an input is not a finite number" }
pwr_array_mass,c26d1a94a2000000;3ff0000000000000,OutOfDomain { node: "pwr_array_mass", field: "m_arr", value: -1000000000000.0, bound: 0.0, edge: Lower, unit: Kilogram, reason: "a mass cannot be negative" }
pwr_array_mass,426d1a94a2000000;3ff0000000000000,OutOfDomain { node: "pwr_array_mass", field: "m_arr", value: 1000000000000.0, bound: 1000.0, edge: Upper, unit: Kilogram, reason: "above a tonne the array is not part of this spacecraft" }
pwr_array_mass,0000000000000000;3ff0000000000000,0000000000000000
pwr_array_mass,bff0000000000000;3ff0000000000000,OutOfDomain { node: "pwr_array_mass", field: "m_arr", value: -1.0, bound: 0.0, edge: Lower, unit: Kilogram, reason: "a mass cannot be negative" }
pwr_array_mass,3ff0000000000000;7ff8000000000000,Refused { node: "pwr_array_mass", reason: "an input is not a finite number" }
pwr_array_mass,3ff0000000000000;7ff0000000000000,Refused { node: "pwr_array_mass", reason: "an input is not a finite number" }
pwr_array_mass,3ff0000000000000;c26d1a94a2000000,OutOfDomain { node: "pwr_array_mass", field: "m_arr", value: -1000000000000.0, bound: 0.0, edge: Lower, unit: Kilogram, reason: "a mass cannot be negative" }
pwr_array_mass,3ff0000000000000;426d1a94a2000000,OutOfDomain { node: "pwr_array_mass", field: "m_arr", value: 1000000000000.0, bound: 1000.0, edge: Upper, unit: Kilogram, reason: "above a tonne the array is not part of this spacecraft" }
pwr_array_mass,3ff0000000000000;0000000000000000,0000000000000000
pwr_array_mass,3ff0000000000000;bff0000000000000,OutOfDomain { node: "pwr_array_mass", field: "m_arr", value: -1.0, bound: 0.0, edge: Lower, unit: Kilogram, reason: "a mass cannot be negative" }
pwr_array_power_bol,7ff8000000000000;3ff0000000000000;3ff0000000000000;3ff0000000000000,Refused { node: "pwr_array_power_bol", reason: "an input is not a finite number" }
pwr_array_power_bol,7ff0000000000000;3ff0000000000000;3ff0000000000000;3ff0000000000000,Refused { node: "pwr_array_power_bol", reason: "an input is not a finite number" }
pwr_array_power_bol,c26d1a94a2000000;3ff0000000000000;3ff0000000000000;3ff0000000000000,OutOfDomain { node: "pwr_array_power_bol", field: "P_bol", value: -735351438286538.3, bound: 0.0, edge: Lower, unit: Watt, reason: "array output cannot be negative" }
pwr_array_power_bol,426d1a94a2000000;3ff0000000000000;3ff0000000000000;3ff0000000000000,OutOfDomain { node: "pwr_array_power_bol", field: "P_bol", value: 735351438286538.3, bound: 50000.0, edge: Upper, unit: Watt, reason: "above 50 kW the array is not the one described by these inputs" }
pwr_array_power_bol,0000000000000000;3ff0000000000000;3ff0000000000000;3ff0000000000000,0000000000000000
pwr_array_power_bol,bff0000000000000;3ff0000000000000;3ff0000000000000;3ff0000000000000,OutOfDomain { node: "pwr_array_power_bol", field: "P_bol", value: -735.3514382865383, bound: 0.0, edge: Lower, unit: Watt, reason: "array output cannot be negative" }
pwr_array_power_bol,3ff0000000000000;7ff8000000000000;3ff0000000000000;3ff0000000000000,Refused { node: "pwr_array_power_bol", reason: "an input is not a finite number" }
pwr_array_power_bol,3ff0000000000000;7ff0000000000000;3ff0000000000000;3ff0000000000000,Refused { node: "pwr_array_power_bol", reason: "an input is not a finite number" }
pwr_array_power_bol,3ff0000000000000;c26d1a94a2000000;3ff0000000000000;3ff0000000000000,OutOfDomain { node: "pwr_array_power_bol", field: "P_bol", value: -735351438286538.3, bound: 0.0, edge: Lower, unit: Watt, reason: "array output cannot be negative" }
pwr_array_power_bol,3ff0000000000000;426d1a94a2000000;3ff0000000000000;3ff0000000000000,OutOfDomain { node: "pwr_array_power_bol", field: "P_bol", value: 735351438286538.3, bound: 50000.0, edge: Upper, unit: Watt, reason: "above 50 kW the array is not the one described by these inputs" }
pwr_array_power_bol,3ff0000000000000;0000000000000000;3ff0000000000000;3ff0000000000000,0000000000000000
pwr_array_power_bol,3ff0000000000000;bff0000000000000;3ff0000000000000;3ff0000000000000,OutOfDomain { node: "pwr_array_power_bol", field: "P_bol", value: -735.3514382865383, bound: 0.0, edge: Lower, unit: Watt, reason: "array output cannot be negative" }
pwr_array_power_bol,3ff0000000000000;3ff0000000000000;7ff8000000000000;3ff0000000000000,Refused { node: "pwr_array_power_bol", reason: "an input is not a finite number" }
pwr_array_power_bol,3ff0000000000000;3ff0000000000000;7ff0000000000000;3ff0000000000000,Refused { node: "pwr_array_power_bol", reason: "an input is not a finite number" }
pwr_array_power_bol,3ff0000000000000;3ff0000000000000;c26d1a94a2000000;3ff0000000000000,OutOfDomain { node: "pwr_array_power_bol", field: "P_bol", value: -735351438286538.3, bound: 0.0, edge: Lower, unit: Watt, reason: "array output cannot be negative" }
pwr_array_power_bol,3ff0000000000000;3ff0000000000000;426d1a94a2000000;3ff0000000000000,OutOfDomain { node: "pwr_array_power_bol", field: "P_bol", value: 735351438286538.3, bound: 50000.0, edge: Upper, unit: Watt, reason: "above 50 kW the array is not the one described by these inputs" }
pwr_array_power_bol,3ff0000000000000;3ff0000000000000;0000000000000000;3ff0000000000000,0000000000000000
pwr_array_power_bol,3ff0000000000000;3ff0000000000000;bff0000000000000;3ff0000000000000,OutOfDomain { node: "pwr_array_power_bol", field: "P_bol", value: -735.3514382865383, bound: 0.0, edge: Lower, unit: Watt, reason: "array output cannot be negative" }
pwr_array_power_bol,3ff0000000000000;3ff0000000000000;3ff0000000000000;7ff8000000000000,Refused { node: "pwr_array_power_bol", reason: "an input is not a finite number" }
pwr_array_power_bol,3ff0000000000000;3ff0000000000000;3ff0000000000000;7ff0000000000000,Refused { node: "pwr_array_power_bol", reason: "an input is not a finite number" }
pwr_array_power_bol,3ff0000000000000;3ff0000000000000;3ff0000000000000;c26d1a94a2000000,4090d4cca4a5a130
pwr_array_power_bol,3ff0000000000000;3ff0000000000000;3ff0000000000000;426d1a94a2000000,4090d4cca4a5a130
pwr_array_power_bol,3ff0000000000000;3ff0000000000000;3ff0000000000000;0000000000000000,4095440000000000
pwr_array_power_bol,3ff0000000000000;3ff0000000000000;3ff0000000000000;bff0000000000000,4086facfbee059f4
pwr_array_power_eol,7ff8000000000000;3ff0000000000000;3ff0000000000000,Refused { node: "pwr_array_power_eol", reason: "an input is not a finite number" }
pwr_array_power_eol,7ff0000000000000;3ff0000000000000;3ff0000000000000,Refused { node: "pwr_array_power_eol", reason: "an input is not a finite number" }
pwr_array_power_eol,c26d1a94a2000000;3ff0000000000000;3ff0000000000000,OutOfDomain { node: "pwr_array_power_eol", field: "P_eol", value: -1000000000000.0, bound: 0.0, edge: Lower, unit: Watt, reason: "array output cannot be negative" }
pwr_array_power_eol,426d1a94a2000000;3ff0000000000000;3ff0000000000000,OutOfDomain { node: "pwr_array_power_eol", field: "P_eol", value: 1000000000000.0, bound: 50000.0, edge: Upper, unit: Watt, reason: "cannot exceed the beginning-of-life output" }
pwr_array_power_eol,0000000000000000;3ff0000000000000;3ff0000000000000,0000000000000000
pwr_array_power_eol,bff0000000000000;3ff0000000000000;3ff0000000000000,OutOfDomain { node: "pwr_array_power_eol", field: "P_eol", value: -1.0, bound: 0.0, edge: Lower, unit: Watt, reason: "array output cannot be negative" }
pwr_array_power_eol,3ff0000000000000;7ff8000000000000;3ff0000000000000,Refused { node: "pwr_array_power_eol", reason: "an input is not a finite number" }
pwr_array_power_eol,3ff0000000000000;7ff0000000000000;3ff0000000000000,Refused { node: "pwr_array_power_eol", reason: "an input is not a finite number" }
pwr_array_power_eol,3ff0000000000000;c26d1a94a2000000;3ff0000000000000,OutOfDomain { node: "pwr_array_power_eol", field: "P_eol", value: -1000000000000.0, bound: 0.0, edge: Lower, unit: Watt, reason: "array output cannot be negative" }
pwr_array_power_eol,3ff0000000000000;426d1a94a2000000;3ff0000000000000,OutOfDomain { node: "pwr_array_power_eol", field: "P_eol", value: 1000000000000.0, bound: 50000.0, edge: Upper, unit: Watt, reason: "cannot exceed the beginning-of-life output" }
pwr_array_power_eol,3ff0000000000000;0000000000000000;3ff0000000000000,0000000000000000
pwr_array_power_eol,3ff0000000000000;bff0000000000000;3ff0000000000000,OutOfDomain { node: "pwr_array_power_eol", field: "P_eol", value: -1.0, bound: 0.0, edge: Lower, unit: Watt, reason: "array output cannot be negative" }
pwr_array_power_eol,3ff0000000000000;3ff0000000000000;7ff8000000000000,Refused { node: "pwr_array_power_eol", reason: "an input is not a finite number" }
pwr_array_power_eol,3ff0000000000000;3ff0000000000000;7ff0000000000000,Refused { node: "pwr_array_power_eol", reason: "an input is not a finite number" }
pwr_array_power_eol,3ff0000000000000;3ff0000000000000;c26d1a94a2000000,OutOfDomain { node: "pwr_array_power_eol", field: "P_eol", value: -1000000000000.0, bound: 0.0, edge: Lower, unit: Watt, reason: "array output cannot be negative" }
pwr_array_power_eol,3ff0000000000000;3ff0000000000000;426d1a94a2000000,OutOfDomain { node: "pwr_array_power_eol", field: "P_eol", value: 1000000000000.0, bound: 50000.0, edge: Upper, unit: Watt, reason: "cannot exceed the beginning-of-life output" }
pwr_array_power_eol,3ff0000000000000;3ff0000000000000;0000000000000000,0000000000000000
pwr_array_power_eol,3ff0000000000000;3ff0000000000000;bff0000000000000,OutOfDomain { node: "pwr_array_power_eol", field: "P_eol", value: -1.0, bound: 0.0, edge: Lower, unit: Watt, reason: "array output cannot be negative" }
pwr_available,7ff8000000000000;3ff0000000000000;3ff0000000000000,Refused { node: "pwr_available", reason: "an input is not a finite number" }
pwr_available,7ff0000000000000;3ff0000000000000;3ff0000000000000,Refused { node: "pwr_available", reason: "an input is not a finite number" }
pwr_available,c26d1a94a2000000;3ff0000000000000;3ff0000000000000,OutOfDomain { node: "pwr_available", field: "P_avail", value: -950000000000.0, bound: 0.0, edge: Lower, unit: Watt, reason: "available power cannot be negative" }
pwr_available,426d1a94a2000000;3ff0000000000000;3ff0000000000000,OutOfDomain { node: "pwr_available", field: "P_avail", value: 950000000000.0, bound: 50000.0, edge: Upper, unit: Watt, reason: "above 50 kW the array is not the one described by these inputs" }
pwr_available,0000000000000000;3ff0000000000000;3ff0000000000000,0000000000000000
pwr_available,bff0000000000000;3ff0000000000000;3ff0000000000000,OutOfDomain { node: "pwr_available", field: "P_avail", value: -0.95, bound: 0.0, edge: Lower, unit: Watt, reason: "available power cannot be negative" }
pwr_available,3ff0000000000000;7ff8000000000000;3ff0000000000000,Refused { node: "pwr_available", reason: "an input is not a finite number" }
pwr_available,3ff0000000000000;7ff0000000000000;3ff0000000000000,Refused { node: "pwr_available", reason: "an input is not a finite number" }
pwr_available,3ff0000000000000;c26d1a94a2000000;3ff0000000000000,OutOfDomain { node: "pwr_available", field: "P_avail", value: 20000000000.96997, bound: 50000.0, edge: Upper, unit: Watt, reason: "above 50 kW the array is not the one described by these inputs" }
pwr_available,3ff0000000000000;426d1a94a2000000;3ff0000000000000,OutOfDomain { node: "pwr_available", field: "P_avail", value: -19999999999.03003, bound: 0.0, edge: Lower, unit: Watt, reason: "available power cannot be negative" }
pwr_available,3ff0000000000000;0000000000000000;3ff0000000000000,3fef0a3d70a3d70a
pwr_available,3ff0000000000000;bff0000000000000;3ff0000000000000,3fefae147ae147ae
pwr_available,3ff0000000000000;3ff0000000000000;7ff8000000000000,Refused { node: "pwr_available", reason: "an input is not a finite number" }
pwr_available,3ff0000000000000;3ff0000000000000;7ff0000000000000,Refused { node: "pwr_available", reason: "an input is not a finite number" }
pwr_available,3ff0000000000000;3ff0000000000000;c26d1a94a2000000,OutOfDomain { node: "pwr_available", field: "P_avail", value: -950000000000.0, bound: 0.0, edge: Lower, unit: Watt, reason: "available power cannot be negative" }
pwr_available,3ff0000000000000;3ff0000000000000;426d1a94a2000000,OutOfDomain { node: "pwr_available", field: "P_avail", value: 950000000000.0, bound: 50000.0, edge: Upper, unit: Watt, reason: "above 50 kW the array is not the one described by these inputs" }
pwr_available,3ff0000000000000;3ff0000000000000;0000000000000000,0000000000000000
pwr_available,3ff0000000000000;3ff0000000000000;bff0000000000000,OutOfDomain { node: "pwr_available", field: "P_avail", value: -0.95, bound: 0.0, edge: Lower, unit: Watt, reason: "available power cannot be negative" }
pwr_battery_cycles,7ff8000000000000;3ff0000000000000,Refused { node: "pwr_battery_cycles", reason: "an input is not a finite number" }
pwr_battery_cycles,7ff0000000000000;3ff0000000000000,Refused { node: "pwr_battery_cycles", reason: "an input is not a finite number" }
pwr_battery_cycles,c26d1a94a2000000;3ff0000000000000,OutOfDomain { node: "pwr_battery_cycles", field: "N_cyc", value: -1000000000000.0, bound: 0.0, edge: Lower, unit: One, reason: "a cycle count cannot be negative" }
pwr_battery_cycles,426d1a94a2000000;3ff0000000000000,OutOfDomain { node: "pwr_battery_cycles", field: "N_cyc", value: 1000000000000.0, bound: 1000000.0, edge: Upper, unit: One, reason: "above a million cycles no cell chemistry has data" }
pwr_battery_cycles,0000000000000000;3ff0000000000000,0000000000000000
pwr_battery_cycles,bff0000000000000;3ff0000000000000,OutOfDomain { node: "pwr_battery_cycles", field: "N_cyc", value: -1.0, bound: 0.0, edge: Lower, unit: One, reason: "a cycle count cannot be negative" }
pwr_battery_cycles,3ff0000000000000;7ff8000000000000,Refused { node: "pwr_battery_cycles", reason: "an input is not a finite number" }
pwr_battery_cycles,3ff0000000000000;7ff0000000000000,Refused { node: "pwr_battery_cycles", reason: "an input is not a finite number" }
pwr_battery_cycles,3ff0000000000000;c26d1a94a2000000,OutOfDomain { node: "pwr_battery_cycles", field: "N_cyc", value: -1e-12, bound: 0.0, edge: Lower, unit: One, reason: "a cycle count cannot be negative" }
pwr_battery_cycles,3ff0000000000000;426d1a94a2000000,3d719799812dea11
pwr_battery_cycles,3ff0000000000000;0000000000000000,Degenerate { node: "pwr_battery_cycles", field: "N_cyc", reason: "the value here is not a finite number" }
pwr_battery_cycles,3ff0000000000000;bff0000000000000,OutOfDomain { node: "pwr_battery_cycles", field: "N_cyc", value: -1.0, bound: 0.0, edge: Lower, unit: One, reason: "a cycle count cannot be negative" }
pwr_battery_energy,7ff8000000000000;3ff0000000000000;3ff0000000000000;3ff0000000000000;3ff0000000000000,Refused { node: "pwr_battery_energy", reason: "an input is not a finite number" }
pwr_battery_energy,7ff0000000000000;3ff0000000000000;3ff0000000000000;3ff0000000000000;3ff0000000000000,Refused { node: "pwr_battery_energy", reason: "an input is not a finite number" }
pwr_battery_energy,c26d1a94a2000000;3ff0000000000000;3ff0000000000000;3ff0000000000000;3ff0000000000000,OutOfDomain { node: "pwr_battery_energy", field: "E_batt", value: -1000000000000.0, bound: 0.0, edge: Lower, unit: Joule, reason: "battery energy cannot be negative" }
pwr_battery_energy,426d1a94a2000000;3ff0000000000000;3ff0000000000000;3ff0000000000000;3ff0000000000000,OutOfDomain { node: "pwr_battery_energy", field: "E_batt", value: 1000000000000.0, bound: 100000800.0, edge: Upper, unit: Joule, reason: "above 27 kWh the battery is heavier than the whole spacecraft" }
pwr_battery_energy,0000000000000000;3ff0000000000000;3ff0000000000000;3ff0000000000000;3ff0000000000000,0000000000000000
pwr_battery_energy,bff0000000000000;3ff0000000000000;3ff0000000000000;3ff0000000000000;3ff0000000000000,OutOfDomain { node: "pwr_battery_energy", field: "E_batt", value: -1.0, bound: 0.0, edge: Lower, unit: Joule, reason: "battery energy cannot be negative" }
pwr_battery_energy,3ff0000000000000;7ff8000000000000;3ff0000000000000;3ff0000000000000;3ff0000000000000,Refused { node: "pwr_battery_energy", reason: "an input is not a finite number" }
pwr_battery_energy,3ff0000000000000;7ff0000000000000;3ff0000000000000;3ff0000000000000;3ff0000000000000,Refused { node: "pwr_battery_energy", reason: "an input is not a finite number" }
pwr_battery_energy,3ff0000000000000;c26d1a94a2000000;3ff0000000000000;3ff0000000000000;3ff0000000000000,OutOfDomain { node: "pwr_battery_energy", field: "E_batt", value: -1000000000000.0, bound: 0.0, edge: Lower, unit: Joule, reason: "battery energy cannot be negative" }
pwr_battery_energy,3ff0000000000000;426d1a94a2000000;3ff0000000000000;3ff0000000000000;3ff0000000000000,OutOfDomain { node: "pwr_battery_energy", field: "E_batt", value: 1000000000000.0, bound: 100000800.0, edge: Upper, unit: Joule, reason: "above 27 kWh the battery is heavier than the whole spacecraft" }
pwr_battery_energy,3ff0000000000000;0000000000000000;3ff0000000000000;3ff0000000000000;3ff0000000000000,0000000000000000
pwr_battery_energy,3ff0000000000000;bff0000000000000;3ff0000000000000;3ff0000000000000;3ff0000000000000,OutOfDomain { node: "pwr_battery_energy", field: "E_batt", value: -1.0, bound: 0.0, edge: Lower, unit: Joule, reason: "battery energy cannot be negative" }
pwr_battery_energy,3ff0000000000000;3ff0000000000000;7ff8000000000000;3ff0000000000000;3ff0000000000000,Refused { node: "pwr_battery_energy", reason: "an input is not a finite number" }
pwr_battery_energy,3ff0000000000000;3ff0000000000000;7ff0000000000000;3ff0000000000000;3ff0000000000000,Refused { node: "pwr_battery_energy", reason: "an input is not a finite number" }
pwr_battery_energy,3ff0000000000000;3ff0000000000000;c26d1a94a2000000;3ff0000000000000;3ff0000000000000,OutOfDomain { node: "pwr_battery_energy", field: "E_batt", value: -1000000000000.0, bound: 0.0, edge: Lower, unit: Joule, reason: "battery energy cannot be negative" }
pwr_battery_energy,3ff0000000000000;3ff0000000000000;426d1a94a2000000;3ff0000000000000;3ff0000000000000,OutOfDomain { node: "pwr_battery_energy", field: "E_batt", value: 1000000000000.0, bound: 100000800.0, edge: Upper, unit: Joule, reason: "above 27 kWh the battery is heavier than the whole spacecraft" }
pwr_battery_energy,3ff0000000000000;3ff0000000000000;0000000000000000;3ff0000000000000;3ff0000000000000,0000000000000000
pwr_battery_energy,3ff0000000000000;3ff0000000000000;bff0000000000000;3ff0000000000000;3ff0000000000000,OutOfDomain { node: "pwr_battery_energy", field: "E_batt", value: -1.0, bound: 0.0, edge: Lower, unit: Joule, reason: "battery energy cannot be negative" }
pwr_battery_energy,3ff0000000000000;3ff0000000000000;3ff0000000000000;7ff8000000000000;3ff0000000000000,Refused { node: "pwr_battery_energy", reason: "an input is not a finite number" }
pwr_battery_energy,3ff0000000000000;3ff0000000000000;3ff0000000000000;7ff0000000000000;3ff0000000000000,Refused { node: "pwr_battery_energy", reason: "an input is not a finite number" }
pwr_battery_energy,3ff0000000000000;3ff0000000000000;3ff0000000000000;c26d1a94a2000000;3ff0000000000000,OutOfDomain { node: "pwr_battery_energy", field: "E_batt", value: -1e-12, bound: 0.0, edge: Lower, unit: Joule, reason: "battery energy cannot be negative" }
pwr_battery_energy,3ff0000000000000;3ff0000000000000;3ff0000000000000;426d1a94a2000000;3ff0000000000000,3d719799812dea11
pwr_battery_energy,3ff0000000000000;3ff0000000000000;3ff0000000000000;0000000000000000;3ff0000000000000,Degenerate { node: "pwr_battery_energy", field: "E_batt", reason: "the value here is not a finite number" }
pwr_battery_energy,3ff0000000000000;3ff0000000000000;3ff0000000000000;bff0000000000000;3ff0000000000000,OutOfDomain { node: "pwr_battery_energy", field: "E_batt", value: -1.0, bound: 0.0, edge: Lower, unit: Joule, reason: "battery energy cannot be negative" }
pwr_battery_energy,3ff0000000000000;3ff0000000000000;3ff0000000000000;3ff0000000000000;7ff8000000000000,Refused { node: "pwr_battery_energy", reason: "an input is not a finite number" }
pwr_battery_energy,3ff0000000000000;3ff0000000000000;3ff0000000000000;3ff0000000000000;7ff0000000000000,Refused { node: "pwr_battery_energy", reason: "an input is not a finite number" }
pwr_battery_energy,3ff0000000000000;3ff0000000000000;3ff0000000000000;3ff0000000000000;c26d1a94a2000000,OutOfDomain { node: "pwr_battery_energy", field: "E_batt", value: -1e-12, bound: 0.0, edge: Lower, unit: Joule, reason: "battery energy cannot be negative" }
pwr_battery_energy,3ff0000000000000;3ff0000000000000;3ff0000000000000;3ff0000000000000;426d1a94a2000000,3d719799812dea11
pwr_battery_energy,3ff0000000000000;3ff0000000000000;3ff0000000000000;3ff0000000000000;0000000000000000,Degenerate { node: "pwr_battery_energy", field: "E_batt", reason: "the value here is not a finite number" }
pwr_battery_energy,3ff0000000000000;3ff0000000000000;3ff0000000000000;3ff0000000000000;bff0000000000000,OutOfDomain { node: "pwr_battery_energy", field: "E_batt", value: -1.0, bound: 0.0, edge: Lower, unit: Joule, reason: "battery energy cannot be negative" }
pwr_battery_mass,7ff8000000000000;3ff0000000000000,Refused { node: "pwr_battery_mass", reason: "an input is not a finite number" }
pwr_battery_mass,7ff0000000000000;3ff0000000000000,Refused { node: "pwr_battery_mass", reason: "an input is not a finite number" }
pwr_battery_mass,c26d1a94a2000000;3ff0000000000000,OutOfDomain { node: "pwr_battery_mass", field: "m_batt", value: -277777777.7777778, bound: 0.0, edge: Lower, unit: Kilogram, reason: "a mass cannot be negative" }
pwr_battery_mass,426d1a94a2000000;3ff0000000000000,OutOfDomain { node: "pwr_battery_mass", field: "m_batt", value: 277777777.7777778, bound: 1000.0, edge: Upper, unit: Kilogram, reason: "above a tonne the battery is not part of this spacecraft" }
pwr_battery_mass,0000000000000000;3ff0000000000000,0000000000000000
pwr_battery_mass,bff0000000000000;3ff0000000000000,OutOfDomain { node: "pwr_battery_mass", field: "m_batt", value: -0.0002777777777777778, bound: 0.0, edge: Lower, unit: Kilogram, reason: "a mass cannot be negative" }
pwr_battery_mass,3ff0000000000000;7ff8000000000000,Refused { node: "pwr_battery_mass", reason: "an input is not a finite number" }
pwr_battery_mass,3ff0000000000000;7ff0000000000000,Refused { node: "pwr_battery_mass", reason: "an input is not a finite number" }
pwr_battery_mass,3ff0000000000000;c26d1a94a2000000,OutOfDomain { node: "pwr_battery_mass", field: "m_batt", value: -2.777777777777778e-16, bound: 0.0, edge: Lower, unit: Kilogram, reason: "a mass cannot be negative" }
pwr_battery_mass,3ff0000000000000;426d1a94a2000000,3cb4041877abb4fc
pwr_battery_mass,3ff0000000000000;0000000000000000,Degenerate { node: "pwr_battery_mass", field: "m_batt", reason: "the value here is not a finite number" }
pwr_battery_mass,3ff0000000000000;bff0000000000000,OutOfDomain { node: "pwr_battery_mass", field: "m_batt", value: -0.0002777777777777778, bound: 0.0, edge: Lower, unit: Kilogram, reason: "a mass cannot be negative" }
pwr_cell_derating,7ff8000000000000;3ff0000000000000,Refused { node: "pwr_cell_derating", reason: "an input is not a finite number" }
pwr_cell_derating,7ff0000000000000;3ff0000000000000,Refused { node: "pwr_cell_derating", reason: "an input is not a finite number" }
pwr_cell_derating,c26d1a94a2000000;3ff0000000000000,OutOfDomain { node: "pwr_cell_derating", field: "f_T", value: 297150000000001.0, bound: 1.5, edge: Upper, unit: One, reason: "above 1.5 the array would be producing half again its rating, which the coefficient does not permit" }
pwr_cell_derating,426d1a94a2000000;3ff0000000000000,3fd3333333333333
pwr_cell_derating,0000000000000000;3ff0000000000000,3ff0000000000000
pwr_cell_derating,bff0000000000000;3ff0000000000000,OutOfDomain { node: "pwr_cell_derating", field: "f_T", value: 298.15, bound: 1.5, edge: Upper, unit: One, reason: "above 1.5 the array would be producing half again its rating, which the coefficient does not permit" }
pwr_cell_derating,3ff0000000000000;7ff8000000000000,Refused { node: "pwr_cell_derating", reason: "an input is not a finite number" }
pwr_cell_derating,3ff0000000000000;7ff0000000000000,Refused { node: "pwr_cell_derating", reason: "an input is not a finite number" }
pwr_cell_derating,3ff0000000000000;c26d1a94a2000000,3fd3333333333333
pwr_cell_derating,3ff0000000000000;426d1a94a2000000,OutOfDomain { node: "pwr_cell_derating", field: "f_T", value: 999999999702.85, bound: 1.5, edge: Upper, unit: One, reason: "above 1.5 the array would be producing half again its rating, which the coefficient does not permit" }
pwr_cell_derating,3ff0000000000000;0000000000000000,3fd3333333333333
pwr_cell_derating,3ff0000000000000;bff0000000000000,3fd3333333333333
pwr_degradation,7ff8000000000000;3ff0000000000000,Refused { node: "pwr_degradation", reason: "an input is not a finite number" }
pwr_degradation,7ff0000000000000;3ff0000000000000,Refused { node: "pwr_degradation", reason: "an input is not a finite number" }
pwr_degradation,c26d1a94a2000000;3ff0000000000000,OutOfDomain { node: "pwr_degradation", field: "f_deg", value: 1.0000008755746068, bound: 1.0, edge: Upper, unit: One, reason: "an array cannot end life producing more than it began with" }
pwr_degradation,426d1a94a2000000;3ff0000000000000,Degenerate { node: "pwr_degradation", field: "f_deg", reason: "the value here is not a finite number" }
pwr_degradation,0000000000000000;3ff0000000000000,3ff0000000000000
pwr_degradation,bff0000000000000;3ff0000000000000,OutOfDomain { node: "pwr_degradation", field: "f_deg", value: 1.0000000219645089, bound: 1.0, edge: Upper, unit: One, reason: "an array cannot end life producing more than it began with" }
pwr_degradation,3ff0000000000000;7ff8000000000000,Refused { node: "pwr_degradation", reason: "an input is not a finite number" }
pwr_degradation,3ff0000000000000;7ff0000000000000,Refused { node: "pwr_degradation", reason: "an input is not a finite number" }
pwr_degradation,3ff0000000000000;c26d1a94a2000000,Degenerate { node: "pwr_degradation", field: "f_deg", reason: "the value here is not a finite number" }
pwr_degradation,3ff0000000000000;426d1a94a2000000,0000000000000000
pwr_degradation,3ff0000000000000;0000000000000000,3ff0000000000000
pwr_degradation,3ff0000000000000;bff0000000000000,Degenerate { node: "pwr_degradation", field: "f_deg", reason: "the value here is not a finite number" }
pwr_demand,7ff8000000000000;3ff0000000000000;3ff0000000000000;3ff0000000000000;3ff0000000000000;3ff0000000000000,Refused { node: "pwr_demand", reason: "an input is not a finite number" }
pwr_demand,7ff0000000000000;3ff0000000000000;3ff0000000000000;3ff0000000000000;3ff0000000000000;3ff0000000000000,Refused { node: "pwr_demand", reason: "an input is not a finite number" }
pwr_demand,c26d1a94a2000000;3ff0000000000000;3ff0000000000000;3ff0000000000000;3ff0000000000000;3ff0000000000000,OutOfDomain { node: "pwr_demand", field: "P_dem", value: -1999999999992.0, bound: 0.0, edge: Lower, unit: Watt, reason: "demand cannot be negative" }
pwr_demand,426d1a94a2000000;3ff0000000000000;3ff0000000000000;3ff0000000000000;3ff0000000000000;3ff0000000000000,OutOfDomain { node: "pwr_demand", field: "P_dem", value: 2000000000008.0, bound: 50000.0, edge: Upper, unit: Watt, reason: "above 50 kW nothing in this mass class supplies it" }
pwr_demand,0000000000000000;3ff0000000000000;3ff0000000000000;3ff0000000000000;3ff0000000000000;3ff0000000000000,4020000000000000
pwr_demand,bff0000000000000;3ff0000000000000;3ff0000000000000;3ff0000000000000;3ff0000000000000;3ff0000000000000,4018000000000000
pwr_demand,3ff0000000000000;7ff8000000000000;3ff0000000000000;3ff0000000000000;3ff0000000000000;3ff0000000000000,Refused { node: "pwr_demand", reason: "an input is not a finite number" }
pwr_demand,3ff0000000000000;7ff0000000000000;3ff0000000000000;3ff0000000000000;3ff0000000000000;3ff0000000000000,Refused { node: "pwr_demand", reason: "an input is not a finite number" }
pwr_demand,3ff0000000000000;c26d1a94a2000000;3ff0000000000000;3ff0000000000000;3ff0000000000000;3ff0000000000000,OutOfDomain { node: "pwr_demand", field: "P_dem", value: -1999999999992.0, bound: 0.0, edge: Lower, unit: Watt, reason: "demand cannot be negative" }
pwr_demand,3ff0000000000000;426d1a94a2000000;3ff0000000000000;3ff0000000000000;3ff0000000000000;3ff0000000000000,OutOfDomain { node: "pwr_demand", field: "P_dem", value: 2000000000008.0, bound: 50000.0, edge: Upper, unit: Watt, reason: "above 50 kW nothing in this mass class supplies it" }
pwr_demand,3ff0000000000000;0000000000000000;3ff0000000000000;3ff0000000000000;3ff0000000000000;3ff0000000000000,4020000000000000
pwr_demand,3ff0000000000000;bff0000000000000;3ff0000000000000;3ff0000000000000;3ff0000000000000;3ff0000000000000,4018000000000000
pwr_demand,3ff0000000000000;3ff0000000000000;7ff8000000000000;3ff0000000000000;3ff0000000000000;3ff0000000000000,Refused { node: "pwr_demand", reason: "an input is not a finite number" }
pwr_demand,3ff0000000000000;3ff0000000000000;7ff0000000000000;3ff0000000000000;3ff0000000000000;3ff0000000000000,Refused { node: "pwr_demand", reason: "an input is not a finite number" }
pwr_demand,3ff0000000000000;3ff0000000000000;c26d1a94a2000000;3ff0000000000000;3ff0000000000000;3ff0000000000000,OutOfDomain { node: "pwr_demand", field: "P_dem", value: -1999999999992.0, bound: 0.0, edge: Lower, unit: Watt, reason: "demand cannot be negative" }
pwr_demand,3ff0000000000000;3ff0000000000000;426d1a94a2000000;3ff0000000000000;3ff0000000000000;3ff0000000000000,OutOfDomain { node: "pwr_demand", field: "P_dem", value: 2000000000008.0, bound: 50000.0, edge: Upper, unit: Watt, reason: "above 50 kW nothing in this mass class supplies it" }
pwr_demand,3ff0000000000000;3ff0000000000000;0000000000000000;3ff0000000000000;3ff0000000000000;3ff0000000000000,4020000000000000
pwr_demand,3ff0000000000000;3ff0000000000000;bff0000000000000;3ff0000000000000;3ff0000000000000;3ff0000000000000,4018000000000000
pwr_demand,3ff0000000000000;3ff0000000000000;3ff0000000000000;7ff8000000000000;3ff0000000000000;3ff0000000000000,Refused { node: "pwr_demand", reason: "an input is not a finite number" }
pwr_demand,3ff0000000000000;3ff0000000000000;3ff0000000000000;7ff0000000000000;3ff0000000000000;3ff0000000000000,Refused { node: "pwr_demand", reason: "an input is not a finite number" }
pwr_demand,3ff0000000000000;3ff0000000000000;3ff0000000000000;c26d1a94a2000000;3ff0000000000000;3ff0000000000000,OutOfDomain { node: "pwr_demand", field: "P_dem", value: -1999999999992.0, bound: 0.0, edge: Lower, unit: Watt, reason: "demand cannot be negative" }
pwr_demand,3ff0000000000000;3ff0000000000000;3ff0000000000000;426d1a94a2000000;3ff0000000000000;3ff0000000000000,OutOfDomain { node: "pwr_demand", field: "P_dem", value: 2000000000008.0, bound: 50000.0, edge: Upper, unit: Watt, reason: "above 50 kW nothing in this mass class supplies it" }
pwr_demand,3ff0000000000000;3ff0000000000000;3ff0000000000000;0000000000000000;3ff0000000000000;3ff0000000000000,4020000000000000
pwr_demand,3ff0000000000000;3ff0000000000000;3ff0000000000000;bff0000000000000;3ff0000000000000;3ff0000000000000,4018000000000000
pwr_demand,3ff0000000000000;3ff0000000000000;3ff0000000000000;3ff0000000000000;7ff8000000000000;3ff0000000000000,Refused { node: "pwr_demand", reason: "an input is not a finite number" }
pwr_demand,3ff0000000000000;3ff0000000000000;3ff0000000000000;3ff0000000000000;7ff0000000000000;3ff0000000000000,Refused { node: "pwr_demand", reason: "an input is not a finite number" }
pwr_demand,3ff0000000000000;3ff0000000000000;3ff0000000000000;3ff0000000000000;c26d1a94a2000000;3ff0000000000000,OutOfDomain { node: "pwr_demand", field: "P_dem", value: -1999999999992.0, bound: 0.0, edge: Lower, unit: Watt, reason: "demand cannot be negative" }
pwr_demand,3ff0000000000000;3ff0000000000000;3ff0000000000000;3ff0000000000000;426d1a94a2000000;3ff0000000000000,OutOfDomain { node: "pwr_demand", field: "P_dem", value: 2000000000008.0, bound: 50000.0, edge: Upper, unit: Watt, reason: "above 50 kW nothing in this mass class supplies it" }
pwr_demand,3ff0000000000000;3ff0000000000000;3ff0000000000000;3ff0000000000000;0000000000000000;3ff0000000000000,4020000000000000
pwr_demand,3ff0000000000000;3ff0000000000000;3ff0000000000000;3ff0000000000000;bff0000000000000;3ff0000000000000,4018000000000000
pwr_demand,3ff0000000000000;3ff0000000000000;3ff0000000000000;3ff0000000000000;3ff0000000000000;7ff8000000000000,Refused { node: "pwr_demand", reason: "an input is not a finite number" }
pwr_demand,3ff0000000000000;3ff0000000000000;3ff0000000000000;3ff0000000000000;3ff0000000000000;7ff0000000000000,Refused { node: "pwr_demand", reason: "an input is not a finite number" }
pwr_demand,3ff0000000000000;3ff0000000000000;3ff0000000000000;3ff0000000000000;3ff0000000000000;c26d1a94a2000000,OutOfDomain { node: "pwr_demand", field: "P_dem", value: -4999999999995.0, bound: 0.0, edge: Lower, unit: Watt, reason: "demand cannot be negative" }
pwr_demand,3ff0000000000000;3ff0000000000000;3ff0000000000000;3ff0000000000000;3ff0000000000000;426d1a94a2000000,OutOfDomain { node: "pwr_demand", field: "P_dem", value: 5000000000005.0, bound: 50000.0, edge: Upper, unit: Watt, reason: "above 50 kW nothing in this mass class supplies it" }
pwr_demand,3ff0000000000000;3ff0000000000000;3ff0000000000000;3ff0000000000000;3ff0000000000000;0000000000000000,4014000000000000
pwr_demand,3ff0000000000000;3ff0000000000000;3ff0000000000000;3ff0000000000000;3ff0000000000000;bff0000000000000,0000000000000000
pwr_margin,7ff8000000000000;3ff0000000000000,Refused { node: "pwr_margin", reason: "an input is not a finite number" }
pwr_margin,7ff0000000000000;3ff0000000000000,Refused { node: "pwr_margin", reason: "an input is not a finite number" }
pwr_margin,c26d1a94a2000000;3ff0000000000000,OutOfDomain { node: "pwr_margin", field: "M_pwr", value: -1000000000001.0, bound: -1.0, edge: Lower, unit: One, reason: "a margin below -100% would mean the demand is more than twice the supply and the design is not a design" }
pwr_margin,426d1a94a2000000;3ff0000000000000,OutOfDomain { node: "pwr_margin", field: "M_pwr", value: 999999999999.0, bound: 100.0, edge: Upper, unit: One, reason: "above 10000% the array is absurdly oversized" }
pwr_margin,0000000000000000;3ff0000000000000,bff0000000000000
pwr_margin,bff0000000000000;3ff0000000000000,OutOfDomain { node: "pwr_margin", field: "M_pwr", value: -2.0, bound: -1.0, edge: Lower, unit: One, reason: "a margin below -100% would mean the demand is more than twice the supply and the design is not a design" }
pwr_margin,3ff0000000000000;7ff8000000000000,Refused { node: "pwr_margin", reason: "an input is not a finite number" }
pwr_margin,3ff0000000000000;7ff0000000000000,Refused { node: "pwr_margin", reason: "an input is not a finite number" }
pwr_margin,3ff0000000000000;c26d1a94a2000000,OutOfDomain { node: "pwr_margin", field: "M_pwr", value: -1.000000000001, bound: -1.0, edge: Lower, unit: One, reason: "a margin below -100% would mean the demand is more than twice the supply and the design is not a design" }
pwr_margin,3ff0000000000000;426d1a94a2000000,bfefffffffffdcd1
pwr_margin,3ff0000000000000;0000000000000000,Degenerate { node: "pwr_margin", field: "M_pwr", reason: "the value here is not a finite number" }
pwr_margin,3ff0000000000000;bff0000000000000,OutOfDomain { node: "pwr_margin", field: "M_pwr", value: -2.0, bound: -1.0, edge: Lower, unit: One, reason: "a margin below -100% would mean the demand is more than twice the supply and the design is not a design" }
pwr_subsystem_mass,7ff8000000000000;3ff0000000000000,Refused { node: "pwr_subsystem_mass", reason: "an input is not a finite number" }
pwr_subsystem_mass,7ff0000000000000;3ff0000000000000,Refused { node: "pwr_subsystem_mass", reason: "an input is not a finite number" }
pwr_subsystem_mass,c26d1a94a2000000;3ff0000000000000,OutOfDomain { node: "pwr_subsystem_mass", field: "m_pwr", value: -1249999999998.75, bound: 0.0, edge: Lower, unit: Kilogram, reason: "a mass cannot be negative" }
pwr_subsystem_mass,426d1a94a2000000;3ff0000000000000,OutOfDomain { node: "pwr_subsystem_mass", field: "m_pwr", value: 1250000000001.25, bound: 2000.0, edge: Upper, unit: Kilogram, reason: "above two tonnes the power system is not part of this spacecraft" }
pwr_subsystem_mass,0000000000000000;3ff0000000000000,3ff4000000000000
pwr_subsystem_mass,bff0000000000000;3ff0000000000000,0000000000000000
pwr_subsystem_mass,3ff0000000000000;7ff8000000000000,Refused { node: "pwr_subsystem_mass", reason: "an input is not a finite number" }
pwr_subsystem_mass,3ff0000000000000;7ff0000000000000,Refused { node: "pwr_subsystem_mass", reason: "an input is not a finite number" }
pwr_subsystem_mass,3ff0000000000000;c26d1a94a2000000,OutOfDomain { node: "pwr_subsystem_mass", field: "m_pwr", value: -1249999999998.75, bound: 0.0, edge: Lower, unit: Kilogram, reason: "a mass cannot be negative" }
pwr_subsystem_mass,3ff0000000000000;426d1a94a2000000,OutOfDomain { node: "pwr_subsystem_mass", field: "m_pwr", value: 1250000000001.25, bound: 2000.0, edge: Upper, unit: Kilogram, reason: "above two tonnes the power system is not part of this spacecraft" }
pwr_subsystem_mass,3ff0000000000000;0000000000000000,3ff4000000000000
pwr_subsystem_mass,3ff0000000000000;bff0000000000000,0000000000000000
sw_activity_band,4050000000000000,3ff0000000000000
sw_activity_band,405679999999999a,3ff0000000000000
sw_activity_band,4056800000000000,4000000000000000
sw_activity_band,40603ccccccccccd,4000000000000000
sw_activity_band,4060400000000000,4008000000000000
sw_activity_band,40653ccccccccccd,4008000000000000
sw_activity_band,4065400000000000,4010000000000000
sw_activity_band,4075700000000000,4010000000000000
sw_activity_band,406c8465e421892f,4010000000000000
sw_activity_band,7ff8000000000000,Refused { node: "sw_activity_band", reason: "an input is not a finite number" }
sw_activity_band,7ff0000000000000,Refused { node: "sw_activity_band", reason: "an input is not a finite number" }
sw_activity_band,c26d1a94a2000000,3ff0000000000000
sw_activity_band,426d1a94a2000000,4010000000000000
sw_activity_band,0000000000000000,3ff0000000000000
sw_activity_band,bff0000000000000,3ff0000000000000
sw_ap_cold_long,4036186b69db65ed;400cbfdf7e8038a0,40317ed703b2671b
sw_ap_cold_long,4034000000000000;4010000000000000,402dc28f5c28f5c2
sw_ap_cold_long,4030000000000000;400cbfdf7e8038a0,4026ccd733ae025c
sw_ap_cold_long,7ff8000000000000;400cbfdf7e8038a0,Refused { node: "sw_ap_cold_long", reason: "an input is not a finite number" }
sw_ap_cold_long,7ff0000000000000;400cbfdf7e8038a0,Refused { node: "sw_ap_cold_long", reason: "an input is not a finite number" }
sw_ap_cold_long,c26d1a94a2000000;400cbfdf7e8038a0,Refused { node: "sw_ap_cold_long", reason: "Ap floors at zero: a symmetric band subtracted from a small centre has reached below it" }
sw_ap_cold_long,426d1a94a2000000;400cbfdf7e8038a0,Refused { node: "sw_ap_cold_long", reason: "above 300 exceeds the largest daily Ap in the record, 273: the spread has been added rather than subtracted" }
sw_ap_cold_long,0000000000000000;400cbfdf7e8038a0,Refused { node: "sw_ap_cold_long", reason: "Ap floors at zero: a symmetric band subtracted from a small centre has reached below it" }
sw_ap_cold_long,bff0000000000000;400cbfdf7e8038a0,Refused { node: "sw_ap_cold_long", reason: "Ap floors at zero: a symmetric band subtracted from a small centre has reached below it" }
sw_ap_cold_long,4036186b69db65ed;7ff8000000000000,Refused { node: "sw_ap_cold_long", reason: "an input is not a finite number" }
sw_ap_cold_long,4036186b69db65ed;7ff0000000000000,Refused { node: "sw_ap_cold_long", reason: "an input is not a finite number" }
sw_ap_cold_long,4036186b69db65ed;c26d1a94a2000000,Refused { node: "sw_ap_cold_long", reason: "above 300 exceeds the largest daily Ap in the record, 273: the spread has been added rather than subtracted" }
sw_ap_cold_long,4036186b69db65ed;426d1a94a2000000,Refused { node: "sw_ap_cold_long", reason: "Ap floors at zero: a symmetric band subtracted from a small centre has reached below it" }
sw_ap_cold_long,4036186b69db65ed;0000000000000000,4036186b69db65ed
sw_ap_cold_long,4036186b69db65ed;bff0000000000000,403760197e564735
sw_ap_cold_short,40317ed703b2671b;40252d82d82d9b47,401ba0565e6e65de
sw_ap_cold_short,4049000000000000;4024000000000000,4044000000000000
sw_ap_cold_short,4026000000000000;40252d82d82d9b47,3fda4fa4fa4c9720
sw_ap_cold_short,7ff8000000000000;40252d82d82d9b47,Refused { node: "sw_ap_cold_short", reason: "an input is not a finite number" }
sw_ap_cold_short,7ff0000000000000;40252d82d82d9b47,Refused { node: "sw_ap_cold_short", reason: "an input is not a finite number" }
sw_ap_cold_short,c26d1a94a2000000;40252d82d82d9b47,Refused { node: "sw_ap_cold_short", reason: "Ap floors at zero: a perfectly quiet day is Ap 0 and there is nothing below it" }
sw_ap_cold_short,426d1a94a2000000;40252d82d82d9b47,Refused { node: "sw_ap_cold_short", reason: "400 is the top of the Ap index itself: a value above it means a sign is wrong in the chain above" }
sw_ap_cold_short,0000000000000000;40252d82d82d9b47,Refused { node: "sw_ap_cold_short", reason: "Ap floors at zero: a perfectly quiet day is Ap 0 and there is nothing below it" }
sw_ap_cold_short,bff0000000000000;40252d82d82d9b47,Refused { node: "sw_ap_cold_short", reason: "Ap floors at zero: a perfectly quiet day is Ap 0 and there is nothing below it" }
sw_ap_cold_short,40317ed703b2671b;7ff8000000000000,Refused { node: "sw_ap_cold_short", reason: "an input is not a finite number" }
sw_ap_cold_short,40317ed703b2671b;7ff0000000000000,Refused { node: "sw_ap_cold_short", reason: "an input is not a finite number" }
sw_ap_cold_short,40317ed703b2671b;c26d1a94a2000000,Refused { node: "sw_ap_cold_short", reason: "400 is the top of the Ap index itself: a value above it means a sign is wrong in the chain above" }
sw_ap_cold_short,40317ed703b2671b;426d1a94a2000000,Refused { node: "sw_ap_cold_short", reason: "Ap floors at zero: a perfectly quiet day is Ap 0 and there is nothing below it" }
sw_ap_cold_short,40317ed703b2671b;0000000000000000,40317ed703b2671b
sw_ap_cold_short,40317ed703b2671b;bff0000000000000,40327ed703b2671b
sw_ap_daily_band_drop,40317ed703b2671b,4029208501025be6
sw_ap_daily_band_drop,402e000000000000,4025ac8b43958106
sw_ap_daily_band_drop,4026000000000000,401e38ef34d6a162
sw_ap_daily_band_drop,4036000000000000,402ffd288ce703b0
sw_ap_daily_band_drop,3ff0000000000000,4007c36113404ea5
sw_ap_daily_band_drop,7ff8000000000000,Refused { node: "sw_ap_daily_band_drop", reason: "an input is not a finite number" }
sw_ap_daily_band_drop,7ff0000000000000,Refused { node: "sw_ap_daily_band_drop", reason: "an input is not a finite number" }
sw_ap_daily_band_drop,c26d1a94a2000000,4007c36113404ea5
sw_ap_daily_band_drop,426d1a94a2000000,403504bc6a7ef9db
sw_ap_daily_band_drop,0000000000000000,4007c36113404ea5
sw_ap_daily_band_drop,bff0000000000000,4007c36113404ea5
sw_ap_daily_band_spread,403ab1ffd00464bf,404fed0b0f27bb30
sw_ap_daily_band_spread,4026000000000000,402d5559b3d07c85
sw_ap_daily_band_spread,4034000000000000,403cad07c84b5dcc
sw_ap_daily_band_spread,4031800000000000,403a3b05532617c2
sw_ap_daily_band_spread,4000000000000000,40181119ce075f70
sw_ap_daily_band_spread,7ff8000000000000,Refused { node: "sw_ap_daily_band_spread", reason: "an input is not a finite number" }
sw_ap_daily_band_spread,7ff0000000000000,Refused { node: "sw_ap_daily_band_spread", reason: "an input is not a finite number" }
sw_ap_daily_band_spread,c26d1a94a2000000,40181119ce075f70
sw_ap_daily_band_spread,426d1a94a2000000,404fed0b0f27bb30
sw_ap_daily_band_spread,0000000000000000,40181119ce075f70
sw_ap_daily_band_spread,bff0000000000000,40181119ce075f70
sw_ap_design,4000000000000000,4054000000000000
sw_ap_design,3ff0000000000000,4048000000000000
sw_ap_design,4008000000000000,4060800000000000
sw_ap_design,7ff8000000000000,Refused { node: "sw_ap_design", reason: "an input is not a finite number" }
sw_ap_design,7ff0000000000000,Refused { node: "sw_ap_design", reason: "an input is not a finite number" }
sw_ap_design,c26d1a94a2000000,4048000000000000
sw_ap_design,426d1a94a2000000,4060800000000000
sw_ap_design,0000000000000000,4048000000000000
sw_ap_design,bff0000000000000,4048000000000000
sw_ap_design_long,4036186b69db65ed;400cbfdf7e8038a0,403ab1ffd00464bf
sw_ap_design_long,4034000000000000;4010000000000000,40391eb851eb851f
sw_ap_design_long,403e000000000000;4000000000000000,404047ae147ae148
sw_ap_design_long,7ff8000000000000;400cbfdf7e8038a0,Refused { node: "sw_ap_design_long", reason: "an input is not a finite number" }
sw_ap_design_long,7ff0000000000000;400cbfdf7e8038a0,Refused { node: "sw_ap_design_long", reason: "an input is not a finite number" }
sw_ap_design_long,c26d1a94a2000000;400cbfdf7e8038a0,Refused { node: "sw_ap_design_long", reason: "Ap floors at zero, so a design level below it means a spread has been subtracted rather than added" }
sw_ap_design_long,426d1a94a2000000;400cbfdf7e8038a0,Refused { node: "sw_ap_design_long", reason: "above 300 the level exceeds the largest daily Ap in the record, 273, so a sustained level there is not a window this tool can model" }
sw_ap_design_long,0000000000000000;400cbfdf7e8038a0,4012665198a3fb48
sw_ap_design_long,bff0000000000000;400cbfdf7e8038a0,400ccca33147f690
sw_ap_design_long,4036186b69db65ed;7ff8000000000000,Refused { node: "sw_ap_design_long", reason: "an input is not a finite number" }
sw_ap_design_long,4036186b69db65ed;7ff0000000000000,Refused { node: "sw_ap_design_long", reason: "an input is not a finite number" }
sw_ap_design_long,4036186b69db65ed;c26d1a94a2000000,Refused { node: "sw_ap_design_long", reason: "Ap floors at zero, so a design level below it means a spread has been subtracted rather than added" }
sw_ap_design_long,4036186b69db65ed;426d1a94a2000000,Refused { node: "sw_ap_design_long", reason: "above 300 the level exceeds the largest daily Ap in the record, 273, so a sustained level there is not a window this tool can model" }
sw_ap_design_long,4036186b69db65ed;0000000000000000,4036186b69db65ed
sw_ap_design_long,4036186b69db65ed;bff0000000000000,4034d0bd556084a5
sw_ap_design_short,403ab1ffd00464bf;402e00f2b9d6b1f0,4044d93c9677dedc
sw_ap_design_short,4039000000000000;402e000000000000,4044000000000000
sw_ap_design_short,403e000000000000;4028000000000000,4045000000000000
sw_ap_design_short,7ff8000000000000;402e00f2b9d6b1f0,Refused { node: "sw_ap_design_short", reason: "an input is not a finite number" }
sw_ap_design_short,7ff0000000000000;402e00f2b9d6b1f0,Refused { node: "sw_ap_design_short", reason: "an input is not a finite number" }
sw_ap_design_short,c26d1a94a2000000;402e00f2b9d6b1f0,Refused { node: "sw_ap_design_short", reason: "Ap floors at zero, so a single-day design level below it means a spread has been subtracted rather than added" }
sw_ap_design_short,426d1a94a2000000;402e00f2b9d6b1f0,Refused { node: "sw_ap_design_short", reason: "400 is the top of the Ap index itself; a value above it is not a geomagnetic index at all" }
sw_ap_design_short,0000000000000000;402e00f2b9d6b1f0,402e00f2b9d6b1f0
sw_ap_design_short,bff0000000000000;402e00f2b9d6b1f0,402c00f2b9d6b1f0
sw_ap_design_short,403ab1ffd00464bf;7ff8000000000000,Refused { node: "sw_ap_design_short", reason: "an input is not a finite number" }
sw_ap_design_short,403ab1ffd00464bf;7ff0000000000000,Refused { node: "sw_ap_design_short", reason: "an input is not a finite number" }
sw_ap_design_short,403ab1ffd00464bf;c26d1a94a2000000,Refused { node: "sw_ap_design_short", reason: "Ap floors at zero, so a single-day design level below it means a spread has been subtracted rather than added" }
sw_ap_design_short,403ab1ffd00464bf;426d1a94a2000000,Refused { node: "sw_ap_design_short", reason: "400 is the top of the Ap index itself; a value above it is not a geomagnetic index at all" }
sw_ap_design_short,403ab1ffd00464bf;0000000000000000,403ab1ffd00464bf
sw_ap_design_short,403ab1ffd00464bf;bff0000000000000,4039b1ffd00464bf
sw_central_expectation,4062c00000000000;41a2cf4ec0000000;41c964d480000000,4055b661e4824ccb
sw_central_expectation,4062c00000000000;41bc36f620000000;41c964d480000000,405a6e850dcec2f5
sw_central_expectation,4062c00000000000;416e187e00000000;41c964d480000000,405a62fb2a204f78
sw_central_expectation,4051800000000000;41a2cf4ec0000000;41c964d480000000,4055b661e4824ccb
sw_central_expectation,4075400000000000;41a2cf4ec0000000;41c964d480000000,4055b661e4824ccb
sw_central_expectation,4062c00000000000;41a2cf4ec0000000;41c0ee1b40000000,405cc2794f14c62a
sw_central_expectation,4062c00000000000;41a2cf4ec0000000;41cee62800000000,40621df9dabce960
sw_central_expectation,4062c00000000000;41a2cf4ec0000000;41d2cf4ec0000000,40562af920e3fa83
sw_central_expectation,4062c00000000000;41a2cf4ec0000000;41d2137100000000,40538d7368da42c1
sw_central_expectation,7ff8000000000000;41a2cf4ec0000000;41c964d480000000,Refused { node: "sw_central_expectation", reason: "an input is not a finite number" }
sw_central_expectation,7ff0000000000000;41a2cf4ec0000000;41c964d480000000,Refused { node: "sw_central_expectation", reason: "an input is not a finite number" }
sw_central_expectation,c26d1a94a2000000;41a2cf4ec0000000;41c964d480000000,4055b661e4824ccb
sw_central_expectation,426d1a94a2000000;41a2cf4ec0000000;41c964d480000000,4055b661e4824ccb
sw_central_expectation,0000000000000000;41a2cf4ec0000000;41c964d480000000,4055b661e4824ccb
sw_central_expectation,bff0000000000000;41a2cf4ec0000000;41c964d480000000,4055b661e4824ccb
sw_central_expectation,4062c00000000000;7ff8000000000000;41c964d480000000,Refused { node: "sw_central_expectation", reason: "an input is not a finite number" }
sw_central_expectation,4062c00000000000;7ff0000000000000;41c964d480000000,Refused { node: "sw_central_expectation", reason: "an input is not a finite number" }
sw_central_expectation,4062c00000000000;c26d1a94a2000000;41c964d480000000,Degenerate { node: "sw_central_expectation", field: "F107_central", reason: "the value here is not a finite number" }
sw_central_expectation,4062c00000000000;426d1a94a2000000;41c964d480000000,405b96d5620bde19
sw_central_expectation,4062c00000000000;0000000000000000;41c964d480000000,Degenerate { node: "sw_central_expectation", field: "F107_central", reason: "division by zero" }
sw_central_expectation,4062c00000000000;bff0000000000000;41c964d480000000,4062c0002b66bf36
sw_central_expectation,4062c00000000000;41a2cf4ec0000000;7ff8000000000000,Refused { node: "sw_central_expectation", reason: "an input is not a finite number" }
sw_central_expectation,4062c00000000000;41a2cf4ec0000000;7ff0000000000000,Refused { node: "sw_central_expectation", reason: "an input is not a finite number" }
sw_central_expectation,4062c00000000000;41a2cf4ec0000000;c26d1a94a2000000,40613f145328abdc
sw_central_expectation,4062c00000000000;41a2cf4ec0000000;426d1a94a2000000,40557e994ca8e0d2
sw_central_expectation,4062c00000000000;41a2cf4ec0000000;0000000000000000,40605a1fd5f5183a
sw_central_expectation,4062c00000000000;41a2cf4ec0000000;bff0000000000000,40605a1fd6db5f42
sw_cycle_number,41b0c49400000000,4037000000000000
sw_cycle_number,41b0c5e580000000,4038000000000000
sw_cycle_number,41c2ba36c0000000,4038000000000000
sw_cycle_number,41c2badf80000000,4039000000000000
sw_cycle_number,41c964d480000000,4039000000000000
sw_cycle_number,7ff8000000000000,Refused { node: "sw_cycle_number", reason: "an input is not a finite number" }
sw_cycle_number,7ff0000000000000,Refused { node: "sw_cycle_number", reason: "an input is not a finite number" }
sw_cycle_number,c26d1a94a2000000,OutOfDomain { node: "sw_cycle_number", field: "cyc", value: 22.0, bound: 23.0, edge: Lower, unit: One, reason: "the record's first cycle is 23 and it begins mid-cycle, so no epoch this tree allows can sit in an earlier one. A lower number means the counting started in the wrong place" }
sw_cycle_number,426d1a94a2000000,4039000000000000
sw_cycle_number,0000000000000000,4037000000000000
sw_cycle_number,bff0000000000000,4037000000000000
sw_cycle_phase,41c964d480000000,3fe3d1da9ffb557d
sw_cycle_phase,41c2badf80000000,0000000000000000
sw_cycle_phase,41c81c0d10000000,3fe0000000000000
sw_cycle_phase,7ff8000000000000,Refused { node: "sw_cycle_phase", reason: "an input is not a finite number" }
sw_cycle_phase,7ff0000000000000,Refused { node: "sw_cycle_phase", reason: "an input is not a finite number" }
sw_cycle_phase,c26d1a94a2000000,Refused { node: "sw_cycle_phase", reason: "a phase cannot be negative: the epoch precedes the cycle it was assigned to" }
sw_cycle_phase,426d1a94a2000000,Refused { node: "sw_cycle_phase", reason: "past the end of the cycle the epoch belongs to the next one, whose start the record does not contain" }
sw_cycle_phase,0000000000000000,Refused { node: "sw_cycle_phase", reason: "a phase cannot be negative: the epoch precedes the cycle it was assigned to" }
sw_cycle_phase,bff0000000000000,Refused { node: "sw_cycle_phase", reason: "a phase cannot be negative: the epoch precedes the cycle it was assigned to" }
sw_daily_band_drop,40516832a4c2ed7b,40118c49ba5e353f
sw_daily_band_drop,4051800000000000,40118c49ba5e353f
sw_daily_band_drop,405e000000000000,403742617c1bda51
sw_daily_band_drop,4060900000000000,403bd27ef9db22d0
sw_daily_band_drop,406f400000000000,4044638ef34d6a16
sw_daily_band_drop,7ff8000000000000,Refused { node: "sw_daily_band_drop", reason: "an input is not a finite number" }
sw_daily_band_drop,7ff0000000000000,Refused { node: "sw_daily_band_drop", reason: "an input is not a finite number" }
sw_daily_band_drop,c26d1a94a2000000,40118c49ba5e353f
sw_daily_band_drop,426d1a94a2000000,4044638ef34d6a16
sw_daily_band_drop,0000000000000000,40118c49ba5e353f
sw_daily_band_drop,bff0000000000000,40118c49ba5e353f
sw_daily_band_spread,405a048d0c9869c4,403412797e4118db
sw_daily_band_spread,4059000000000000,4032462b6ae7d567
sw_daily_band_spread,4062200000000000,40414eb1c432ca58
sw_daily_band_spread,405c200000000000,4037cb7f62b6ae7d
sw_daily_band_spread,404e000000000000,401280ebedfa43fe
sw_daily_band_spread,4072c00000000000,40477683e425aee6
sw_daily_band_spread,7ff8000000000000,Refused { node: "sw_daily_band_spread", reason: "an input is not a finite number" }
sw_daily_band_spread,7ff0000000000000,Refused { node: "sw_daily_band_spread", reason: "an input is not a finite number" }
sw_daily_band_spread,c26d1a94a2000000,401280ebedfa43fe
sw_daily_band_spread,426d1a94a2000000,40477683e425aee6
sw_daily_band_spread,0000000000000000,401280ebedfa43fe
sw_daily_band_spread,bff0000000000000,401280ebedfa43fe
sw_design_safe_duration,4054000000000000,41762a9779d1ebcc
sw_design_safe_duration,4048000000000000,416448b6f3b0d39e
sw_design_safe_duration,4060800000000000,4193be79d513e051
sw_design_safe_duration,7ff8000000000000,Refused { node: "sw_design_safe_duration", reason: "an input is not a finite number" }
sw_design_safe_duration,7ff0000000000000,Refused { node: "sw_design_safe_duration", reason: "an input is not a finite number" }
sw_design_safe_duration,c26d1a94a2000000,Refused { node: "sw_design_safe_duration", reason: "Below 0.3 years means a design level under Ap 46, beneath anything the G scale calls a storm." }
sw_design_safe_duration,426d1a94a2000000,Degenerate { node: "sw_design_safe_duration", field: "T_safe", reason: "the value here is not a finite number" }
sw_design_safe_duration,0000000000000000,Refused { node: "sw_design_safe_duration", reason: "Below 0.3 years means a design level under Ap 46, beneath anything the G scale calls a storm." }
sw_design_safe_duration,bff0000000000000,Refused { node: "sw_design_safe_duration", reason: "Below 0.3 years means a design level under Ap 46, beneath anything the G scale calls a storm." }
sw_exceedance_duration,4054000000000000,40f9753dcb08d3dd
sw_exceedance_duration,4048000000000000,40fad3f60ee9a18e
sw_exceedance_duration,4060800000000000,40f81b6db6db6db6
sw_exceedance_duration,7ff8000000000000,Refused { node: "sw_exceedance_duration", reason: "an input is not a finite number" }
sw_exceedance_duration,7ff0000000000000,Refused { node: "sw_exceedance_duration", reason: "an input is not a finite number" }
sw_exceedance_duration,c26d1a94a2000000,40fad3f60ee9a18e
sw_exceedance_duration,426d1a94a2000000,40f81b6db6db6db6
sw_exceedance_duration,0000000000000000,40fad3f60ee9a18e
sw_exceedance_duration,bff0000000000000,40fad3f60ee9a18e
sw_exceedance_phase,4054000000000000,3fe27111d26dff15
sw_exceedance_phase,4048000000000000,3fe24b4d124ed979
sw_exceedance_phase,4060800000000000,3fe3494b6b4463e1
sw_exceedance_phase,7ff8000000000000,Refused { node: "sw_exceedance_phase", reason: "an input is not a finite number" }
sw_exceedance_phase,7ff0000000000000,Refused { node: "sw_exceedance_phase", reason: "an input is not a finite number" }
sw_exceedance_phase,c26d1a94a2000000,3fe24b4d124ed979
sw_exceedance_phase,426d1a94a2000000,3fe3494b6b4463e1
sw_exceedance_phase,0000000000000000,3fe24b4d124ed979
sw_exceedance_phase,bff0000000000000,3fe24b4d124ed979
sw_exceedance_rate,4054000000000000,3ff3dc34cbb9a756
sw_exceedance_rate,4048000000000000,4012955d499a1869
sw_exceedance_rate,4060800000000000,3fd2286ac8e053f4
sw_exceedance_rate,7ff8000000000000,Refused { node: "sw_exceedance_rate", reason: "an input is not a finite number" }
sw_exceedance_rate,7ff0000000000000,Refused { node: "sw_exceedance_rate", reason: "an input is not a finite number" }
sw_exceedance_rate,c26d1a94a2000000,4012955d499a1869
sw_exceedance_rate,426d1a94a2000000,3fd2286ac8e053f4
sw_exceedance_rate,0000000000000000,4012955d499a1869
sw_exceedance_rate,bff0000000000000,4012955d499a1869
sw_f107_81day,405a760c49ba5e35,405a760c49ba5e35
sw_f107_81day,4064a8f4f0d844d0,4064a8f4f0d844d0
sw_f107_81day,4050e9d7dbf487fd,4050e9d7dbf487fd
sw_f107_81day,7ff8000000000000,Refused { node: "sw_f107_81day", reason: "an input is not a finite number" }
sw_f107_81day,7ff0000000000000,Refused { node: "sw_f107_81day", reason: "an input is not a finite number" }
sw_f107_81day,c26d1a94a2000000,OutOfDomain { node: "sw_f107_81day", field: "F107A", value: -1000000000000.0, bound: 60.0, edge: Lower, unit: One, reason: "the same floor as env_f107: below 60 sfu has never been observed and no relation reading F10.7 has support there" }
sw_f107_81day,426d1a94a2000000,OutOfDomain { node: "sw_f107_81day", field: "F107A", value: 1000000000000.0, bound: 400.0, edge: Upper, unit: One, reason: "the same ceiling as env_f107: above 400 sfu every consumer of F10.7 is extrapolating. An 81-day mean is smoother than the daily value and the largest binned mean-cycle level is 165.3, so this bound is unreachable by the relation and catches a broken input" }
sw_f107_81day,0000000000000000,OutOfDomain { node: "sw_f107_81day", field: "F107A", value: 0.0, bound: 60.0, edge: Lower, unit: One, reason: "the same floor as env_f107: below 60 sfu has never been observed and no relation reading F10.7 has support there" }
sw_f107_81day,bff0000000000000,OutOfDomain { node: "sw_f107_81day", field: "F107A", value: -1.0, bound: 60.0, edge: Lower, unit: One, reason: "the same floor as env_f107: below 60 sfu has never been observed and no relation reading F10.7 has support there" }
sw_f107_cold_long,4064000000000000;402ae8a4c1ebc83b,4061d8e894538995
sw_f107_cold_long,4059000000000000;4034000000000000,405299999999999a
sw_f107_cold_long,4055b6617c1bda51;402ae8a4c1ebc83b,40516832a4c2ed7b
sw_f107_cold_long,7ff8000000000000;402ae8a4c1ebc83b,Refused { node: "sw_f107_cold_long", reason: "an input is not a finite number" }
sw_f107_cold_long,7ff0000000000000;402ae8a4c1ebc83b,Refused { node: "sw_f107_cold_long", reason: "an input is not a finite number" }
sw_f107_cold_long,c26d1a94a2000000;402ae8a4c1ebc83b,Refused { node: "sw_f107_cold_long", reason: "below 60 sfu has never been observed: the band is wider than the sky" }
sw_f107_cold_long,426d1a94a2000000;402ae8a4c1ebc83b,Refused { node: "sw_f107_cold_long", reason: "a cold level above 400 sfu is arithmetic, not sky: the spread was added rather than subtracted" }
sw_f107_cold_long,0000000000000000;402ae8a4c1ebc83b,Refused { node: "sw_f107_cold_long", reason: "below 60 sfu has never been observed: the band is wider than the sky" }
sw_f107_cold_long,bff0000000000000;402ae8a4c1ebc83b,Refused { node: "sw_f107_cold_long", reason: "below 60 sfu has never been observed: the band is wider than the sky" }
sw_f107_cold_long,4064000000000000;7ff8000000000000,Refused { node: "sw_f107_cold_long", reason: "an input is not a finite number" }
sw_f107_cold_long,4064000000000000;7ff0000000000000,Refused { node: "sw_f107_cold_long", reason: "an input is not a finite number" }
sw_f107_cold_long,4064000000000000;c26d1a94a2000000,Refused { node: "sw_f107_cold_long", reason: "a cold level above 400 sfu is arithmetic, not sky: the spread was added rather than subtracted" }
sw_f107_cold_long,4064000000000000;426d1a94a2000000,Refused { node: "sw_f107_cold_long", reason: "below 60 sfu has never been observed: the band is wider than the sky" }
sw_f107_cold_long,4064000000000000;0000000000000000,4064000000000000
sw_f107_cold_long,4064000000000000;bff0000000000000,406428f5c28f5c29
sw_f107_cold_short,4061a37b4ee69ed9;403f45b05b0597ec,405b758a870bd7b7
sw_f107_cold_short,4069000000000000;403e000000000000,4065400000000000
sw_f107_cold_short,405e000000000000;403f45b05b0597ec,40562e93e93e9a05
sw_f107_cold_short,7ff8000000000000;403f45b05b0597ec,Refused { node: "sw_f107_cold_short", reason: "an input is not a finite number" }
sw_f107_cold_short,7ff0000000000000;403f45b05b0597ec,Refused { node: "sw_f107_cold_short", reason: "an input is not a finite number" }
sw_f107_cold_short,c26d1a94a2000000;403f45b05b0597ec,Refused { node: "sw_f107_cold_short", reason: "Below 60 sfu has never been observed and every relation reading F10.7 has no support there." }
sw_f107_cold_short,426d1a94a2000000;403f45b05b0597ec,Refused { node: "sw_f107_cold_short", reason: "Above 400 sfu on the coldest scenario means a sign is wrong somewhere in the chain above it." }
sw_f107_cold_short,0000000000000000;403f45b05b0597ec,Refused { node: "sw_f107_cold_short", reason: "Below 60 sfu has never been observed and every relation reading F10.7 has no support there." }
sw_f107_cold_short,bff0000000000000;403f45b05b0597ec,Refused { node: "sw_f107_cold_short", reason: "Below 60 sfu has never been observed and every relation reading F10.7 has no support there." }
sw_f107_cold_short,4061a37b4ee69ed9;7ff8000000000000,Refused { node: "sw_f107_cold_short", reason: "an input is not a finite number" }
sw_f107_cold_short,4061a37b4ee69ed9;7ff0000000000000,Refused { node: "sw_f107_cold_short", reason: "an input is not a finite number" }
sw_f107_cold_short,4061a37b4ee69ed9;c26d1a94a2000000,Refused { node: "sw_f107_cold_short", reason: "Above 400 sfu on the coldest scenario means a sign is wrong somewhere in the chain above it." }
sw_f107_cold_short,4061a37b4ee69ed9;426d1a94a2000000,Refused { node: "sw_f107_cold_short", reason: "Below 60 sfu has never been observed and every relation reading F10.7 has no support there." }
sw_f107_cold_short,4061a37b4ee69ed9;0000000000000000,4061a37b4ee69ed9
sw_f107_cold_short,4061a37b4ee69ed9;bff0000000000000,4061c37b4ee69ed9
sw_f107_design,405cb5ffcd2d5cea;405c52cbfb15b574,406c8465e421892f
sw_f107_design,405cb898ed13452a;404c800000000000,40657c4c7689a295
sw_f107_design,405cb5ffcd2d5cea;4050800000000000,40669affe696ae75
sw_f107_design,405cb5ffcd2d5cea;405cc00000000000,406cbaffe696ae75
sw_f107_design,7ff8000000000000;405c52cbfb15b574,Refused { node: "sw_f107_design", reason: "an input is not a finite number" }
sw_f107_design,7ff0000000000000;405c52cbfb15b574,Refused { node: "sw_f107_design", reason: "an input is not a finite number" }
sw_f107_design,c26d1a94a2000000;405c52cbfb15b574,OutOfDomain { node: "sw_f107_design", field: "F107_design", value: -999999999886.7063, bound: 60.0, edge: Lower, unit: One, reason: "below 60 sfu has never been observed and every relation reading F10.7 has no support there — env_f107's own floor, and a design value below it means the spread has been subtracted rather than added" }
sw_f107_design,426d1a94a2000000;405c52cbfb15b574,OutOfDomain { node: "sw_f107_design", field: "F107_design", value: 1000000000113.2937, bound: 400.0, edge: Upper, unit: One, reason: "above 400 sfu the exospheric temperature relation is extrapolated past the largest recorded daily value, which is env_f107's stated reason for the same bound. This guard is reachable: a central expectation near the top of its range plus a fifteen-year spread would exceed it, and it should refuse rather than hand a consumer a flux it cannot model" }
sw_f107_design,0000000000000000;405c52cbfb15b574,405c52cbfb15b574
sw_f107_design,bff0000000000000;405c52cbfb15b574,405c12cbfb15b574
sw_f107_design,405cb5ffcd2d5cea;7ff8000000000000,Refused { node: "sw_f107_design", reason: "an input is not a finite number" }
sw_f107_design,405cb5ffcd2d5cea;7ff0000000000000,Refused { node: "sw_f107_design", reason: "an input is not a finite number" }
sw_f107_design,405cb5ffcd2d5cea;c26d1a94a2000000,OutOfDomain { node: "sw_f107_design", field: "F107_design", value: -999999999885.1563, bound: 60.0, edge: Lower, unit: One, reason: "below 60 sfu has never been observed and every relation reading F10.7 has no support there — env_f107's own floor, and a design value below it means the spread has been subtracted rather than added" }
sw_f107_design,405cb5ffcd2d5cea;426d1a94a2000000,OutOfDomain { node: "sw_f107_design", field: "F107_design", value: 1000000000114.8438, bound: 400.0, edge: Upper, unit: One, reason: "above 400 sfu the exospheric temperature relation is extrapolated past the largest recorded daily value, which is env_f107's stated reason for the same bound. This guard is reachable: a central expectation near the top of its range plus a fifteen-year spread would exceed it, and it should refuse rather than hand a consumer a flux it cannot model" }
sw_f107_design,405cb5ffcd2d5cea;0000000000000000,405cb5ffcd2d5cea
sw_f107_design,405cb5ffcd2d5cea;bff0000000000000,405c75ffcd2d5cea
sw_f107_design_long,4064000000000000;402ae8a4c1ebc83b,406627176bac766b
sw_f107_design_long,4059000000000000;4034000000000000,405f666666666666
sw_f107_design_long,406e000000000000;402ae8a4c1ebc83b,4070138bb5d63b36
sw_f107_design_long,7ff8000000000000;402ae8a4c1ebc83b,Refused { node: "sw_f107_design_long", reason: "an input is not a finite number" }
sw_f107_design_long,7ff0000000000000;402ae8a4c1ebc83b,Refused { node: "sw_f107_design_long", reason: "an input is not a finite number" }
sw_f107_design_long,c26d1a94a2000000;402ae8a4c1ebc83b,Refused { node: "sw_f107_design_long", reason: "below 60 sfu has never been observed: the spread has been subtracted rather than added" }
sw_f107_design_long,426d1a94a2000000;402ae8a4c1ebc83b,Refused { node: "sw_f107_design_long", reason: "above 400 sfu the exospheric temperature relation is extrapolated past the largest recorded daily value" }
sw_f107_design_long,0000000000000000;402ae8a4c1ebc83b,Refused { node: "sw_f107_design_long", reason: "below 60 sfu has never been observed: the spread has been subtracted rather than added" }
sw_f107_design_long,bff0000000000000;402ae8a4c1ebc83b,Refused { node: "sw_f107_design_long", reason: "below 60 sfu has never been observed: the spread has been subtracted rather than added" }
sw_f107_design_long,4064000000000000;7ff8000000000000,Refused { node: "sw_f107_design_long", reason: "an input is not a finite number" }
sw_f107_design_long,4064000000000000;7ff0000000000000,Refused { node: "sw_f107_design_long", reason: "an input is not a finite number" }
sw_f107_design_long,4064000000000000;c26d1a94a2000000,Refused { node: "sw_f107_design_long", reason: "below 60 sfu has never been observed: the spread has been subtracted rather than added" }
sw_f107_design_long,4064000000000000;426d1a94a2000000,Refused { node: "sw_f107_design_long", reason: "above 400 sfu the exospheric temperature relation is extrapolated past the largest recorded daily value" }
sw_f107_design_long,4064000000000000;0000000000000000,4064000000000000
sw_f107_design_long,4064000000000000;bff0000000000000,4063d70a3d70a3d7
sw_f107_design_short,406627176bac766b;40411da12f685608,406a6e7fb7868bed
sw_f107_design_short,4069000000000000;403e000000000000,406cc00000000000
sw_f107_design_short,4062c00000000000;4044000000000000,4067c00000000000
sw_f107_design_short,7ff8000000000000;40411da12f685608,Refused { node: "sw_f107_design_short", reason: "an input is not a finite number" }
sw_f107_design_short,7ff0000000000000;40411da12f685608,Refused { node: "sw_f107_design_short", reason: "an input is not a finite number" }
sw_f107_design_short,c26d1a94a2000000;40411da12f685608,Refused { node: "sw_f107_design_short", reason: "below 60 sfu has never been observed; a single-day design level below it means a spread has been subtracted rather than added" }
sw_f107_design_short,426d1a94a2000000;40411da12f685608,Refused { node: "sw_f107_design_short", reason: "above 400 sfu the exospheric temperature relation is extrapolated past the largest recorded daily value" }
sw_f107_design_short,0000000000000000;40411da12f685608,Refused { node: "sw_f107_design_short", reason: "below 60 sfu has never been observed; a single-day design level below it means a spread has been subtracted rather than added" }
sw_f107_design_short,bff0000000000000;40411da12f685608,Refused { node: "sw_f107_design_short", reason: "below 60 sfu has never been observed; a single-day design level below it means a spread has been subtracted rather than added" }
sw_f107_design_short,406627176bac766b;7ff8000000000000,Refused { node: "sw_f107_design_short", reason: "an input is not a finite number" }
sw_f107_design_short,406627176bac766b;7ff0000000000000,Refused { node: "sw_f107_design_short", reason: "an input is not a finite number" }
sw_f107_design_short,406627176bac766b;c26d1a94a2000000,Refused { node: "sw_f107_design_short", reason: "below 60 sfu has never been observed; a single-day design level below it means a spread has been subtracted rather than added" }
sw_f107_design_short,406627176bac766b;426d1a94a2000000,Refused { node: "sw_f107_design_short", reason: "above 400 sfu the exospheric temperature relation is extrapolated past the largest recorded daily value" }
sw_f107_design_short,406627176bac766b;0000000000000000,406627176bac766b
sw_f107_design_short,406627176bac766b;bff0000000000000,406607176bac766b
sw_forecast_bias,4131238000000000,bffd917ccad1abf7
sw_forecast_bias,40f5180000000000,bfe2fa6e280b3dca
sw_forecast_bias,4127bb0000000000,c005fb7633916695
sw_forecast_bias,4131cc4000000000,bffe32e3dc0b6dc2
sw_forecast_bias,413e528000000000,c0078ee07a8e1784
sw_forecast_bias,4141238000000000,c00fbdef7bdf859d
sw_forecast_bias,7ff8000000000000,Refused { node: "sw_forecast_bias", reason: "an input is not a finite number" }
sw_forecast_bias,7ff0000000000000,Refused { node: "sw_forecast_bias", reason: "an input is not a finite number" }
sw_forecast_bias,c26d1a94a2000000,bfe2fa6e280b3dca
sw_forecast_bias,426d1a94a2000000,c00fbdef7bdf859d
sw_forecast_bias,0000000000000000,bfe2fa6e280b3dca
sw_forecast_bias,bff0000000000000,bfe2fa6e280b3dca
sw_forecast_skill,4131238000000000,3fd9b44838695827
sw_forecast_skill,40f5180000000000,3fb18a423d002a61
sw_forecast_skill,4127bb0000000000,3fdc009bea4fec31
sw_forecast_skill,4131cc4000000000,3fda3ff1abb8dcd4
sw_forecast_skill,413e528000000000,3f921312f2c505b8
sw_forecast_skill,413fa40000000000,bfa22f9ff2fd77b5
sw_forecast_skill,4141238000000000,bf969dcb06c2f585
sw_forecast_skill,7ff8000000000000,Refused { node: "sw_forecast_skill", reason: "an input is not a finite number" }
sw_forecast_skill,7ff0000000000000,Refused { node: "sw_forecast_skill", reason: "an input is not a finite number" }
sw_forecast_skill,c26d1a94a2000000,3fb18a423d002a61
sw_forecast_skill,426d1a94a2000000,bf969dcb06c2f585
sw_forecast_skill,0000000000000000,3fb18a423d002a61
sw_forecast_skill,bff0000000000000,3fb18a423d002a61
sw_horizon_climatology,40f5180000000000,4046324a8c154c98
sw_horizon_climatology,4105180000000000,4046329930be0ded
sw_horizon_climatology,410fa40000000000,404632ca57a786c2
sw_horizon_climatology,411a5e0000000000,4046331c432ca57a
sw_horizon_climatology,4122750000000000,4046335a858793de
sw_horizon_climatology,412a5e0000000000,404633a92a305532
sw_horizon_climatology,4132750000000000,404634154c985f07
sw_horizon_climatology,413a5e0000000000,4046341bda5119ce
sw_horizon_climatology,4141cc4000000000,40463514e3bcd35b
sw_horizon_climatology,414a5e0000000000,4046364c2f837b4a
sw_horizon_climatology,4153c68000000000,4046379a6b50b0f2
sw_horizon_climatology,415da9c000000000,4046390ff9724745
sw_horizon_climatology,41663f5000000000,40463b53f7ced917
sw_horizon_climatology,416da9c000000000,40463c56d5cfaace
sw_horizon_climatology,41763f5000000000,40464467381d7dbf
sw_horizon_climatology,417e133800000000,40465631f8a0902e
sw_horizon_climatology,4186892400000000,404684432ca57a78
sw_horizon_climatology,418e133800000000,4046a8f9096bb98c
sw_horizon_climatology,41a2cf4ec0000000,4046a8f9096bb98c
sw_horizon_climatology,7ff8000000000000,Refused { node: "sw_horizon_climatology", reason: "an input is not a finite number" }
sw_horizon_climatology,7ff0000000000000,Refused { node: "sw_horizon_climatology", reason: "an input is not a finite number" }
sw_horizon_climatology,c26d1a94a2000000,4046324a8c154c98
sw_horizon_climatology,426d1a94a2000000,4046a8f9096bb98c
sw_horizon_climatology,0000000000000000,4046324a8c154c98
sw_horizon_climatology,bff0000000000000,4046324a8c154c98
sw_horizon_persistence,40f5180000000000,401c504816f0068e
sw_horizon_persistence,4105180000000000,4024c25aee631f8a
sw_horizon_persistence,410fa40000000000,402b558e219652bd
sw_horizon_persistence,411a5e0000000000,40334d566cf41f21
sw_horizon_persistence,4122750000000000,4037a1205bc01a37
sw_horizon_persistence,412a5e0000000000,403ba6ae7d566cf4
sw_horizon_persistence,4132750000000000,403d21ff2e48e8a7
sw_horizon_persistence,413a5e0000000000,4039783126e978d5
sw_horizon_persistence,4141cc4000000000,40366e9e1b089a02
sw_horizon_persistence,414a5e0000000000,403d9a1cac083127
sw_horizon_persistence,4153c68000000000,403bf51eb851eb85
sw_horizon_persistence,415da9c000000000,403e27a786c22681
sw_horizon_persistence,41663f5000000000,403f0a161e4f7660
sw_horizon_persistence,416da9c000000000,40407b50b0f27bb3
sw_horizon_persistence,41763f5000000000,4041e07c84b5dcc6
sw_horizon_persistence,417e133800000000,404369f212d77319
sw_horizon_persistence,4186892400000000,4045e2786c22680a
sw_horizon_persistence,418e133800000000,4048d072b020c49c
sw_horizon_persistence,41a2cf4ec0000000,4048d072b020c49c
sw_horizon_persistence,7ff8000000000000,Refused { node: "sw_horizon_persistence", reason: "an input is not a finite number" }
sw_horizon_persistence,7ff0000000000000,Refused { node: "sw_horizon_persistence", reason: "an input is not a finite number" }
sw_horizon_persistence,c26d1a94a2000000,401c504816f0068e
sw_horizon_persistence,426d1a94a2000000,4048d072b020c49c
sw_horizon_persistence,0000000000000000,401c504816f0068e
sw_horizon_persistence,bff0000000000000,401c504816f0068e
sw_kp_from_ap,0000000000000000,0000000000000000
sw_kp_from_ap,4010000000000000,3ff0000000000000
sw_kp_from_ap,401c000000000000,4000000000000000
sw_kp_from_ap,402e000000000000,4008000000000000
sw_kp_from_ap,403b000000000000,4010000000000000
sw_kp_from_ap,4048000000000000,4014000000000000
sw_kp_from_ap,4054000000000000,4018000000000000
sw_kp_from_ap,4060800000000000,401c000000000000
sw_kp_from_ap,4069e00000000000,4020000000000000
sw_kp_from_ap,4079000000000000,4022000000000000
sw_kp_from_ap,408f400000000000,4022000000000000
sw_kp_from_ap,7ff8000000000000,Refused { node: "sw_kp_from_ap", reason: "an input is not a finite number" }
sw_kp_from_ap,7ff0000000000000,Refused { node: "sw_kp_from_ap", reason: "an input is not a finite number" }
sw_kp_from_ap,c26d1a94a2000000,0000000000000000
sw_kp_from_ap,426d1a94a2000000,4022000000000000
sw_kp_from_ap,0000000000000000,0000000000000000
sw_kp_from_ap,bff0000000000000,0000000000000000
sw_kp_mean_bias,4004000000000000,3fa5555555555558
sw_kp_mean_bias,401e000000000000,bfc0000000000000
sw_kp_mean_bias,4029000000000000,bfb8fedcba987660
sw_kp_mean_bias,4031800000000000,bfbc71c71c71c720
sw_kp_mean_bias,4039000000000000,bfc1111111111100
sw_kp_mean_bias,4042c00000000000,bfced8efb11d3400
sw_kp_mean_bias,404cc00000000000,bfd5555555555550
sw_kp_mean_bias,4056800000000000,bfdcb7cb7cb7cb80
sw_kp_mean_bias,406fe00000000000,bfdf2948faf615c8
sw_kp_mean_bias,0000000000000000,3fa5555555555558
sw_kp_mean_bias,408f400000000000,bfdf2948faf615c8
sw_kp_mean_bias,7ff8000000000000,Refused { node: "sw_kp_mean_bias", reason: "an input is not a finite number" }
sw_kp_mean_bias,7ff0000000000000,Refused { node: "sw_kp_mean_bias", reason: "an input is not a finite number" }
sw_kp_mean_bias,c26d1a94a2000000,3fa5555555555558
sw_kp_mean_bias,426d1a94a2000000,bfdf2948faf615c8
sw_kp_mean_bias,0000000000000000,3fa5555555555558
sw_kp_mean_bias,bff0000000000000,3fa5555555555558
sw_kp_scenarios,4029000000000000;4039000000000000;401e000000000000;4056800000000000;4004000000000000,401ff0a626d43460;4004ff258bf258bf;400ddddddddddddf;3fff555555555556;4017285285285285;3fe1555555555556;400eb16a8bcfca01;4014444444444444;4007555555555556;3ff8000000000000
sw_kp_scenarios,4029000000000000;4039000000000000;401e000000000000;4056800000000000;4004000000000000,401ff0a626d43460;4004ff258bf258bf;400ddddddddddddf;3fff555555555556;4017285285285285;3fe1555555555556;400eb16a8bcfca01;4014444444444444;4007555555555556;3ff8000000000000
sw_kp_scenarios,4029000000000000;4039000000000000;401e000000000000;4056800000000000;4004000000000000,401ff0a626d43460;4004ff258bf258bf;400ddddddddddddf;3fff555555555556;4017285285285285;3fe1555555555556;400eb16a8bcfca01;4014444444444444;4007555555555556;3ff8000000000000
sw_kp_scenarios,4029000000000000;4039000000000000;401e000000000000;4056800000000000;4004000000000000,401ff0a626d43460;4004ff258bf258bf;400ddddddddddddf;3fff555555555556;4017285285285285;3fe1555555555556;400eb16a8bcfca01;4014444444444444;4007555555555556;3ff8000000000000
sw_kp_scenarios,4029000000000000;4039000000000000;401e000000000000;4056800000000000;4004000000000000,401ff0a626d43460;4004ff258bf258bf;400ddddddddddddf;3fff555555555556;4017285285285285;3fe1555555555556;400eb16a8bcfca01;4014444444444444;4007555555555556;3ff8000000000000
sw_kp_scenarios,4029000000000000;4039000000000000;401e000000000000;4056800000000000;4004000000000000,401ff0a626d43460;4004ff258bf258bf;400ddddddddddddf;3fff555555555556;4017285285285285;3fe1555555555556;400eb16a8bcfca01;4014444444444444;4007555555555556;3ff8000000000000
sw_kp_scenarios,4029000000000000;4039000000000000;401e000000000000;4056800000000000;4004000000000000,401ff0a626d43460;4004ff258bf258bf;400ddddddddddddf;3fff555555555556;4017285285285285;3fe1555555555556;400eb16a8bcfca01;4014444444444444;4007555555555556;3ff8000000000000
sw_kp_scenarios,4029000000000000;4039000000000000;401e000000000000;4056800000000000;4004000000000000,401ff0a626d43460;4004ff258bf258bf;400ddddddddddddf;3fff555555555556;4017285285285285;3fe1555555555556;400eb16a8bcfca01;4014444444444444;4007555555555556;3ff8000000000000
sw_kp_scenarios,4029000000000000;4039000000000000;401e000000000000;4056800000000000;4004000000000000,401ff0a626d43460;4004ff258bf258bf;400ddddddddddddf;3fff555555555556;4017285285285285;3fe1555555555556;400eb16a8bcfca01;4014444444444444;4007555555555556;3ff8000000000000
sw_kp_scenarios,4029000000000000;4039000000000000;401e000000000000;4056800000000000;4004000000000000,401ff0a626d43460;4004ff258bf258bf;400ddddddddddddf;3fff555555555556;4017285285285285;3fe1555555555556;400eb16a8bcfca01;4014444444444444;4007555555555556;3ff8000000000000
sw_kp_scenarios,7ff8000000000000;4039000000000000;401e000000000000;4056800000000000;4004000000000000,Refused { node: "sw_kp_scenarios", reason: "an input is not a finite number" }
sw_kp_scenarios,7ff0000000000000;4039000000000000;401e000000000000;4056800000000000;4004000000000000,Refused { node: "sw_kp_scenarios", reason: "an input is not a finite number" }
sw_kp_scenarios,c26d1a94a2000000;4039000000000000;401e000000000000;4056800000000000;4004000000000000,401ff0a626d43460;3fa5555555555558;400ddddddddddddf;3fff555555555556;4017285285285285;3fe1555555555556;3ff0000000000000;4014444444444444;4007555555555556;3ff8000000000000
sw_kp_scenarios,426d1a94a2000000;4039000000000000;401e000000000000;4056800000000000;4004000000000000,Refused { node: "sw_kp_scenarios", reason: "Kp_peak_nominal: Kp is defined on 0 to 9" }
sw_kp_scenarios,0000000000000000;4039000000000000;401e000000000000;4056800000000000;4004000000000000,401ff0a626d43460;3fa5555555555558;400ddddddddddddf;3fff555555555556;4017285285285285;3fe1555555555556;3ff0000000000000;4014444444444444;4007555555555556;3ff8000000000000
sw_kp_scenarios,bff0000000000000;4039000000000000;401e000000000000;4056800000000000;4004000000000000,401ff0a626d43460;3fa5555555555558;400ddddddddddddf;3fff555555555556;4017285285285285;3fe1555555555556;3ff0000000000000;4014444444444444;4007555555555556;3ff8000000000000
sw_kp_scenarios,4029000000000000;7ff8000000000000;401e000000000000;4056800000000000;4004000000000000,Refused { node: "sw_kp_scenarios", reason: "an input is not a finite number" }
sw_kp_scenarios,4029000000000000;7ff0000000000000;401e000000000000;4056800000000000;4004000000000000,Refused { node: "sw_kp_scenarios", reason: "an input is not a finite number" }
sw_kp_scenarios,4029000000000000;c26d1a94a2000000;401e000000000000;4056800000000000;4004000000000000,401ff0a626d43460;4004ff258bf258bf;3fa5555555555558;3fff555555555556;4017285285285285;3fe1555555555556;400eb16a8bcfca01;3ff0000000000000;4007555555555556;3ff8000000000000
sw_kp_scenarios,4029000000000000;426d1a94a2000000;401e000000000000;4056800000000000;4004000000000000,Refused { node: "sw_kp_scenarios", reason: "Kp_peak_hotmean: Kp is defined on 0 to 9" }
sw_kp_scenarios,4029000000000000;0000000000000000;401e000000000000;4056800000000000;4004000000000000,401ff0a626d43460;4004ff258bf258bf;3fa5555555555558;3fff555555555556;4017285285285285;3fe1555555555556;400eb16a8bcfca01;3ff0000000000000;4007555555555556;3ff8000000000000
sw_kp_scenarios,4029000000000000;bff0000000000000;401e000000000000;4056800000000000;4004000000000000,401ff0a626d43460;4004ff258bf258bf;3fa5555555555558;3fff555555555556;4017285285285285;3fe1555555555556;400eb16a8bcfca01;3ff0000000000000;4007555555555556;3ff8000000000000
sw_kp_scenarios,4029000000000000;4039000000000000;7ff8000000000000;4056800000000000;4004000000000000,Refused { node: "sw_kp_scenarios", reason: "an input is not a finite number" }
sw_kp_scenarios,4029000000000000;4039000000000000;7ff0000000000000;4056800000000000;4004000000000000,Refused { node: "sw_kp_scenarios", reason: "an input is not a finite number" }
sw_kp_scenarios,4029000000000000;4039000000000000;c26d1a94a2000000;4056800000000000;4004000000000000,401ff0a626d43460;4004ff258bf258bf;400ddddddddddddf;3fa5555555555558;4017285285285285;3fe1555555555556;400eb16a8bcfca01;4014444444444444;3ff0000000000000;3ff8000000000000
sw_kp_scenarios,4029000000000000;4039000000000000;426d1a94a2000000;4056800000000000;4004000000000000,Refused { node: "sw_kp_scenarios", reason: "Kp_peak_coldmean: Kp is defined on 0 to 9" }
sw_kp_scenarios,4029000000000000;4039000000000000;0000000000000000;4056800000000000;4004000000000000,401ff0a626d43460;4004ff258bf258bf;400ddddddddddddf;3fa5555555555558;4017285285285285;3fe1555555555556;400eb16a8bcfca01;4014444444444444;3ff0000000000000;3ff8000000000000
sw_kp_scenarios,4029000000000000;4039000000000000;bff0000000000000;4056800000000000;4004000000000000,401ff0a626d43460;4004ff258bf258bf;400ddddddddddddf;3fa5555555555558;4017285285285285;3fe1555555555556;400eb16a8bcfca01;4014444444444444;3ff0000000000000;3ff8000000000000
sw_kp_scenarios,4029000000000000;4039000000000000;401e000000000000;7ff8000000000000;4004000000000000,Refused { node: "sw_kp_scenarios", reason: "an input is not a finite number" }
sw_kp_scenarios,4029000000000000;4039000000000000;401e000000000000;7ff0000000000000;4004000000000000,Refused { node: "sw_kp_scenarios", reason: "an input is not a finite number" }
sw_kp_scenarios,4029000000000000;4039000000000000;401e000000000000;c26d1a94a2000000;4004000000000000,3ff0000000000000;4004ff258bf258bf;400ddddddddddddf;3fff555555555556;3fa5555555555558;3fe1555555555556;400eb16a8bcfca01;4014444444444444;4007555555555556;3ff8000000000000
sw_kp_scenarios,4029000000000000;4039000000000000;401e000000000000;426d1a94a2000000;4004000000000000,Refused { node: "sw_kp_scenarios", reason: "Kp_peak_hotday: Kp is defined on 0 to 9 and the scale's last point is Kp 9 at ap 400" }
sw_kp_scenarios,4029000000000000;4039000000000000;401e000000000000;0000000000000000;4004000000000000,3ff0000000000000;4004ff258bf258bf;400ddddddddddddf;3fff555555555556;3fa5555555555558;3fe1555555555556;400eb16a8bcfca01;4014444444444444;4007555555555556;3ff8000000000000
sw_kp_scenarios,4029000000000000;4039000000000000;401e000000000000;bff0000000000000;4004000000000000,3ff0000000000000;4004ff258bf258bf;400ddddddddddddf;3fff555555555556;3fa5555555555558;3fe1555555555556;400eb16a8bcfca01;4014444444444444;4007555555555556;3ff8000000000000
sw_kp_scenarios,4029000000000000;4039000000000000;401e000000000000;4056800000000000;7ff8000000000000,Refused { node: "sw_kp_scenarios", reason: "an input is not a finite number" }
sw_kp_scenarios,4029000000000000;4039000000000000;401e000000000000;4056800000000000;7ff0000000000000,Refused { node: "sw_kp_scenarios", reason: "an input is not a finite number" }
sw_kp_scenarios,4029000000000000;4039000000000000;401e000000000000;4056800000000000;c26d1a94a2000000,401ff0a626d43460;4004ff258bf258bf;400ddddddddddddf;3fff555555555556;4017285285285285;3fa5555555555558;400eb16a8bcfca01;4014444444444444;4007555555555556;3ff0000000000000
sw_kp_scenarios,4029000000000000;4039000000000000;401e000000000000;4056800000000000;426d1a94a2000000,Refused { node: "sw_kp_scenarios", reason: "Kp_peak_coldday: Kp is defined on 0 to 9" }
sw_kp_scenarios,4029000000000000;4039000000000000;401e000000000000;4056800000000000;0000000000000000,401ff0a626d43460;4004ff258bf258bf;400ddddddddddddf;3fff555555555556;4017285285285285;3fa5555555555558;400eb16a8bcfca01;4014444444444444;4007555555555556;3ff0000000000000
sw_kp_scenarios,4029000000000000;4039000000000000;401e000000000000;4056800000000000;bff0000000000000,401ff0a626d43460;4004ff258bf258bf;400ddddddddddddf;3fff555555555556;4017285285285285;3fa5555555555558;400eb16a8bcfca01;4014444444444444;4007555555555556;3ff0000000000000
sw_kp_slot_bias,4004000000000000,3ff0000000000000
sw_kp_slot_bias,401e000000000000,3feaaaaaaaaaaaaa
sw_kp_slot_bias,4029000000000000,3ff1d49c34115b1e
sw_kp_slot_bias,4031800000000000,3ff0000000000000
sw_kp_slot_bias,4039000000000000,3ff3333333333333
sw_kp_slot_bias,4042c00000000000,3ff5555555555555
sw_kp_slot_bias,404cc00000000000,3ff8ba2e8ba2e8ba
sw_kp_slot_bias,4056800000000000,3ffbf35ba781948b
sw_kp_slot_bias,406fe00000000000,3ff5145145145145
sw_kp_slot_bias,0000000000000000,3ff0000000000000
sw_kp_slot_bias,408f400000000000,3ff5145145145145
sw_kp_slot_bias,7ff8000000000000,Refused { node: "sw_kp_slot_bias", reason: "an input is not a finite number" }
sw_kp_slot_bias,7ff0000000000000,Refused { node: "sw_kp_slot_bias", reason: "an input is not a finite number" }
sw_kp_slot_bias,c26d1a94a2000000,3ff0000000000000
sw_kp_slot_bias,426d1a94a2000000,3ff5145145145145
sw_kp_slot_bias,0000000000000000,3ff0000000000000
sw_kp_slot_bias,bff0000000000000,3ff0000000000000
sw_mean_cycle_level,3f9999999999999a,4051f0d844d013a9
sw_mean_cycle_level,3fb3333333333333,4054f942c3c9eecc
sw_mean_cycle_level,3fc0000000000000,4058cdeecbfb15b5
sw_mean_cycle_level,3fc6666666666666,405bc3367a0f9097
sw_mean_cycle_level,3fcccccccccccccd,4060f4f9db22d0e5
sw_mean_cycle_level,3fd199999999999a,4063f5212d773190
sw_mean_cycle_level,3fd4cccccccccccd,40622bd8adab9f56
sw_mean_cycle_level,3fd8000000000000,406257460aa64c30
sw_mean_cycle_level,3fdb333333333333,4064a8f4f0d844d0
sw_mean_cycle_level,3fde666666666666,40640a902de00d1b
sw_mean_cycle_level,3fe0cccccccccccd,4060ea2eb1c432ca
sw_mean_cycle_level,3fe2666666666666,405f8edab9f559b4
sw_mean_cycle_level,3fe4000000000000,405a760c49ba5e35
sw_mean_cycle_level,3fe599999999999a,4057e089a0275254
sw_mean_cycle_level,3fe7333333333333,4055bf765fd8adac
sw_mean_cycle_level,3fe8cccccccccccd,40543ab1c432ca58
sw_mean_cycle_level,3fea666666666666,40530d66cf41f213
sw_mean_cycle_level,3fec000000000000,4051c30f27bb2fec
sw_mean_cycle_level,3fed99999999999a,4051e27381d7dbf5
sw_mean_cycle_level,3fef333333333333,4050e9d7dbf487fd
sw_mean_cycle_level,7ff8000000000000,Refused { node: "sw_mean_cycle_level", reason: "an input is not a finite number" }
sw_mean_cycle_level,7ff0000000000000,Refused { node: "sw_mean_cycle_level", reason: "an input is not a finite number" }
sw_mean_cycle_level,c26d1a94a2000000,4051f0d844d013a9
sw_mean_cycle_level,426d1a94a2000000,4050e9d7dbf487fd
sw_mean_cycle_level,0000000000000000,4051f0d844d013a9
sw_mean_cycle_level,bff0000000000000,4051f0d844d013a9
sw_regime,4063cc28f5c28f5c,4008000000000000
sw_regime,4034000000000000,4000000000000000
sw_regime,4039000000000000,4000000000000000
sw_regime,403a000000000000,4008000000000000
sw_regime,4060800000000000,4008000000000000
sw_regime,406cc00000000000,4008000000000000
sw_regime,7ff8000000000000,Refused { node: "sw_regime", reason: "an input is not a finite number" }
sw_regime,7ff0000000000000,Refused { node: "sw_regime", reason: "an input is not a finite number" }
sw_regime,c26d1a94a2000000,3ff0000000000000
sw_regime,426d1a94a2000000,4008000000000000
sw_regime,0000000000000000,3ff0000000000000
sw_regime,bff0000000000000,3ff0000000000000
sw_storm_rate,0000000000000000,4076c268db8bac71
sw_storm_rate,3ff0000000000000,407138645a1cac08
sw_storm_rate,4000000000000000,40668f573eab367a
sw_storm_rate,4008000000000000,404fcb4395810625
sw_storm_rate,4010000000000000,4032b096bb98c7e3
sw_storm_rate,4014000000000000,401172ca57a786c2
sw_storm_rate,4018000000000000,3ff3dc5d63886595
sw_storm_rate,401c000000000000,3fd228240b780347
sw_storm_rate,4020000000000000,3fa22d0e56041894
sw_storm_rate,4022000000000000,0000000000000000
sw_storm_rate,400aaaaa7ded6ba9,4046c9374bc6a7f0
sw_storm_rate,401eaaaac1094a2c,3fc229c779a6b50b
sw_storm_rate,4008000000000000,404fcb4395810625
sw_storm_rate,7ff8000000000000,Refused { node: "sw_storm_rate", reason: "an input is not a finite number" }
sw_storm_rate,7ff0000000000000,Refused { node: "sw_storm_rate", reason: "an input is not a finite number" }
sw_storm_rate,c26d1a94a2000000,4076c268db8bac71
sw_storm_rate,426d1a94a2000000,0000000000000000
sw_storm_rate,0000000000000000,4076c268db8bac71
sw_storm_rate,bff0000000000000,4076c268db8bac71
sw_storm_return_level,416e187e00000000,4050096f85e41c17
sw_storm_return_level,417e187e00000000,405720fe75bc44bf
sw_storm_return_level,418e187e00000000,405e388d65946d67
sw_storm_return_level,4196925e80000000,40612f4afe306e34
sw_storm_return_level,41a2cf4ec0000000,4063cc4b8271cd50
sw_storm_return_level,41b2cf4ec0000000,40675812fa5de1a4
sw_storm_return_level,7ff8000000000000,Refused { node: "sw_storm_return_level", reason: "an input is not a finite number" }
sw_storm_return_level,7ff0000000000000,Refused { node: "sw_storm_return_level", reason: "an input is not a finite number" }
sw_storm_return_level,c26d1a94a2000000,Refused { node: "sw_storm_return_level", reason: "Below Ap 20 the answer is not a storm at all, so the input or the fit reached somewhere neither was meant to go." }
sw_storm_return_level,426d1a94a2000000,Refused { node: "sw_storm_return_level", reason: "A return period beyond the 28.2-year record is past the fit's own reach." }
sw_storm_return_level,0000000000000000,Refused { node: "sw_storm_return_level", reason: "Below Ap 20 the answer is not a storm at all, so the input or the fit reached somewhere neither was meant to go." }
sw_storm_return_level,bff0000000000000,Refused { node: "sw_storm_return_level", reason: "Below Ap 20 the answer is not a storm at all, so the input or the fit reached somewhere neither was meant to go." }
sw_uncertainty_growth,416e285000000000,404c800000000000
sw_uncertainty_growth,417e133800000000,4051133333333333
sw_uncertainty_growth,418693b000000000,4053400000000000
sw_uncertainty_growth,418e133800000000,4056c00000000000
sw_uncertainty_growth,419693b000000000,405ac00000000000
sw_uncertainty_growth,419e187e00000000,405c800000000000
sw_uncertainty_growth,41a2cea600000000,405c533333333333
sw_uncertainty_growth,41a6910d00000000,405a000000000000
sw_uncertainty_growth,41aa561700000000,4057000000000000
sw_uncertainty_growth,41ae187e00000000,4056000000000000
sw_uncertainty_growth,41b0ed7280000000,4053800000000000
sw_uncertainty_growth,41b2cff780000000,4050800000000000
sw_uncertainty_growth,41b4b12b00000000,4050800000000000
sw_uncertainty_growth,41b6925e80000000,4053000000000000
sw_uncertainty_growth,41b8739200000000,4056c00000000000
sw_uncertainty_growth,41ba54c580000000,405a800000000000
sw_uncertainty_growth,41bc35f900000000,405cc00000000000
sw_uncertainty_growth,41607ac000000000,404c800000000000
sw_uncertainty_growth,41c2cf4ec0000000,405cc00000000000
sw_uncertainty_growth,7ff8000000000000,Refused { node: "sw_uncertainty_growth", reason: "an input is not a finite number" }
sw_uncertainty_growth,7ff0000000000000,Refused { node: "sw_uncertainty_growth", reason: "an input is not a finite number" }
sw_uncertainty_growth,c26d1a94a2000000,404c800000000000
sw_uncertainty_growth,426d1a94a2000000,405cc00000000000
sw_uncertainty_growth,0000000000000000,404c800000000000
sw_uncertainty_growth,bff0000000000000,404c800000000000
sw_window_peak_level,41a2cf4ec0000000;41c964d480000000,405baa006109e0f3
sw_window_peak_level,417e133800000000;41c9d8d880000000,405a63de8abee8cf
sw_window_peak_level,416e187e00000000;41c964d480000000,405baa006109e0f3
sw_window_peak_level,41bc36f620000000;41c964d480000000,40683b74f0329162
sw_window_peak_level,41a2cf4ec0000000;41c0ee1b40000000,4065c32812b2af48
sw_window_peak_level,41a2cf4ec0000000;41d2cf4ec0000000,40627f53fe162590
sw_window_peak_level,41a2cf4ec0000000;41cee62800000000,40683b74f0329162
sw_window_peak_level,418e187e00000000;41d2bed400000000,405498750861274b
sw_window_peak_level,7ff8000000000000;41c964d480000000,Refused { node: "sw_window_peak_level", reason: "an input is not a finite number" }
sw_window_peak_level,7ff0000000000000;41c964d480000000,Refused { node: "sw_window_peak_level", reason: "an input is not a finite number" }
sw_window_peak_level,c26d1a94a2000000;41c964d480000000,4062a9ffa9f1a1c7
sw_window_peak_level,426d1a94a2000000;41c964d480000000,Refused { node: "sw_window_peak_level", reason: "a window longer than about 487 years has more knots than this method walks" }
sw_window_peak_level,0000000000000000;41c964d480000000,40596e327abe4601
sw_window_peak_level,bff0000000000000;41c964d480000000,40596e327abe4601
sw_window_peak_level,41a2cf4ec0000000;7ff8000000000000,Refused { node: "sw_window_peak_level", reason: "an input is not a finite number" }
sw_window_peak_level,41a2cf4ec0000000;7ff0000000000000,Refused { node: "sw_window_peak_level", reason: "an input is not a finite number" }
sw_window_peak_level,41a2cf4ec0000000;c26d1a94a2000000,40683b74f0329162
sw_window_peak_level,41a2cf4ec0000000;426d1a94a2000000,40603cf3ba580ef2
sw_window_peak_level,41a2cf4ec0000000;0000000000000000,40683b74f0329162
sw_window_peak_level,41a2cf4ec0000000;bff0000000000000,40683b74f0329162
sys_space_environment_ap,4056a3057b94f6c8,4056a3057b94f6c8
sys_space_environment_ap,4054000000000000,4054000000000000
sys_space_environment_ap,4063cc49ba5e353f,4063cc49ba5e353f
sys_space_environment_ap,7ff8000000000000,Refused { node: "sys_space_environment_ap", reason: "an input is not a finite number" }
sys_space_environment_ap,7ff0000000000000,Refused { node: "sys_space_environment_ap", reason: "an input is not a finite number" }
sys_space_environment_ap,c26d1a94a2000000,OutOfDomain { node: "sys_space_environment_ap", field: "Ap_sys", value: -1000000000000.0, bound: 0.0, edge: Lower, unit: One, reason: "the crossing's own floor, restated. A row that narrowed the range it received would be changing the answer while appearing to relay it" }
sys_space_environment_ap,426d1a94a2000000,OutOfDomain { node: "sys_space_environment_ap", field: "Ap_sys", value: 1000000000000.0, bound: 400.0, edge: Upper, unit: One, reason: "the crossing's own ceiling, restated. This is a single-day value, so it is the one most likely of the pair to approach it" }
sys_space_environment_ap,0000000000000000,0000000000000000
sys_space_environment_ap,bff0000000000000,OutOfDomain { node: "sys_space_environment_ap", field: "Ap_sys", value: -1.0, bound: 0.0, edge: Lower, unit: One, reason: "the crossing's own floor, restated. A row that narrowed the range it received would be changing the answer while appearing to relay it" }
sys_space_environment_f10_7,405f092b6c28aaec,405f092b6c28aaec
sys_space_environment_f10_7,4075e00000000000,4075e00000000000
sys_space_environment_f10_7,406a38256b5da9d1,406a38256b5da9d1
sys_space_environment_f10_7,7ff8000000000000,Refused { node: "sys_space_environment_f10_7", reason: "an input is not a finite number" }
sys_space_environment_f10_7,7ff0000000000000,Refused { node: "sys_space_environment_f10_7", reason: "an input is not a finite number" }
sys_space_environment_f10_7,c26d1a94a2000000,OutOfDomain { node: "sys_space_environment_f10_7", field: "F107_sys_daily", value: -1000000000000.0, bound: 60.0, edge: Lower, unit: One, reason: "the crossing's own floor, restated. A row that narrowed the range it received would be changing the answer while appearing to relay it" }
sys_space_environment_f10_7,426d1a94a2000000,OutOfDomain { node: "sys_space_environment_f10_7", field: "F107_sys_daily", value: 1000000000000.0, bound: 400.0, edge: Upper, unit: One, reason: "the crossing's own ceiling, restated. This is a single-day value, so it is the one most likely of the pair to approach it" }
sys_space_environment_f10_7,0000000000000000,OutOfDomain { node: "sys_space_environment_f10_7", field: "F107_sys_daily", value: 0.0, bound: 60.0, edge: Lower, unit: One, reason: "the crossing's own floor, restated. A row that narrowed the range it received would be changing the answer while appearing to relay it" }
sys_space_environment_f10_7,bff0000000000000,OutOfDomain { node: "sys_space_environment_f10_7", field: "F107_sys_daily", value: -1.0, bound: 60.0, edge: Lower, unit: One, reason: "the crossing's own floor, restated. A row that narrowed the range it received would be changing the answer while appearing to relay it" }
sys_space_environment_f10_7_81day,405a048d0c9869c4,405a048d0c9869c4
sys_space_environment_f10_7_81day,4065f367ca2e4184,4065f367ca2e4184
sys_space_environment_f10_7_81day,405cb5ffcd2d5cea,405cb5ffcd2d5cea
sys_space_environment_f10_7_81day,7ff8000000000000,Refused { node: "sys_space_environment_f10_7_81day", reason: "an input is not a finite number" }
sys_space_environment_f10_7_81day,7ff0000000000000,Refused { node: "sys_space_environment_f10_7_81day", reason: "an input is not a finite number" }
sys_space_environment_f10_7_81day,c26d1a94a2000000,OutOfDomain { node: "sys_space_environment_f10_7_81day", field: "F107bar_sys", value: -1000000000000.0, bound: 60.0, edge: Lower, unit: One, reason: "the crossing's own floor, restated: an 81-day mean cannot sit below a floor every day of it respects" }
sys_space_environment_f10_7_81day,426d1a94a2000000,OutOfDomain { node: "sys_space_environment_f10_7_81day", field: "F107bar_sys", value: 1000000000000.0, bound: 400.0, edge: Upper, unit: One, reason: "the crossing's own ceiling, restated: above 400 sfu every consumer of F10.7 is extrapolating" }
sys_space_environment_f10_7_81day,0000000000000000,OutOfDomain { node: "sys_space_environment_f10_7_81day", field: "F107bar_sys", value: 0.0, bound: 60.0, edge: Lower, unit: One, reason: "the crossing's own floor, restated: an 81-day mean cannot sit below a floor every day of it respects" }
sys_space_environment_f10_7_81day,bff0000000000000,OutOfDomain { node: "sys_space_environment_f10_7_81day", field: "F107bar_sys", value: -1.0, bound: 60.0, edge: Lower, unit: One, reason: "the crossing's own floor, restated: an 81-day mean cannot sit below a floor every day of it respects" }
sys_space_environment_kp,401ffc88372cce25,401ffc88372cce25
sys_space_environment_kp,40188bfb15b573eb,40188bfb15b573eb
sys_space_environment_kp,4014000000000000,4014000000000000
sys_space_environment_kp,7ff8000000000000,Refused { node: "sys_space_environment_kp", reason: "an input is not a finite number" }
sys_space_environment_kp,7ff0000000000000,Refused { node: "sys_space_environment_kp", reason: "an input is not a finite number" }
sys_space_environment_kp,c26d1a94a2000000,OutOfDomain { node: "sys_space_environment_kp", field: "Kp_sys", value: -1000000000000.0, bound: 0.0, edge: Lower, unit: One, reason: "the crossing's own floor, restated: Kp is defined on 0 to 9 and a negative index is a sign error, not a quiet sky" }
sys_space_environment_kp,426d1a94a2000000,OutOfDomain { node: "sys_space_environment_kp", field: "Kp_sys", value: 1000000000000.0, bound: 9.0, edge: Upper, unit: One, reason: "the crossing's own ceiling, restated: Kp is defined on 0 to 9. This member is the worst slot of the worst day, so it is the one of the ten nearest it — 8.00 at the declared window" }
sys_space_environment_kp,0000000000000000,0000000000000000
sys_space_environment_kp,bff0000000000000,OutOfDomain { node: "sys_space_environment_kp", field: "Kp_sys", value: -1.0, bound: 0.0, edge: Lower, unit: One, reason: "the crossing's own floor, restated: Kp is defined on 0 to 9 and a negative index is a sign error, not a quiet sky" }
sys_space_environment_solar_flux,405a048d0c9869c4,405a048d0c9869c4
sys_space_environment_solar_flux,4065f1aa263f8baf,4065f1aa263f8baf
sys_space_environment_solar_flux,4070400000000000,4070400000000000
sys_space_environment_solar_flux,7ff8000000000000,Refused { node: "sys_space_environment_solar_flux", reason: "an input is not a finite number" }
sys_space_environment_solar_flux,7ff0000000000000,Refused { node: "sys_space_environment_solar_flux", reason: "an input is not a finite number" }
sys_space_environment_solar_flux,c26d1a94a2000000,OutOfDomain { node: "sys_space_environment_solar_flux", field: "F107_sys", value: -1000000000000.0, bound: 60.0, edge: Lower, unit: One, reason: "the crossing's own floor, restated: below 60 sfu has never been observed and every relation reading F10.7 has no support there. A row that narrowed the range it received would be changing the answer" }
sys_space_environment_solar_flux,426d1a94a2000000,OutOfDomain { node: "sys_space_environment_solar_flux", field: "F107_sys", value: 1000000000000.0, bound: 400.0, edge: Upper, unit: One, reason: "the crossing's own ceiling, restated: above 400 sfu the exospheric temperature relation is extrapolated past the largest recorded daily value" }
sys_space_environment_solar_flux,0000000000000000,OutOfDomain { node: "sys_space_environment_solar_flux", field: "F107_sys", value: 0.0, bound: 60.0, edge: Lower, unit: One, reason: "the crossing's own floor, restated: below 60 sfu has never been observed and every relation reading F10.7 has no support there. A row that narrowed the range it received would be changing the answer" }
sys_space_environment_solar_flux,bff0000000000000,OutOfDomain { node: "sys_space_environment_solar_flux", field: "F107_sys", value: -1.0, bound: 60.0, edge: Lower, unit: One, reason: "the crossing's own floor, restated: below 60 sfu has never been observed and every relation reading F10.7 has no support there. A row that narrowed the range it received would be changing the answer" }
thm_absorbed_albedo,7ff8000000000000;3ff0000000000000;3ff0000000000000,Refused { node: "thm_absorbed_albedo", reason: "an input is not a finite number" }
thm_absorbed_albedo,7ff0000000000000;3ff0000000000000;3ff0000000000000,Refused { node: "thm_absorbed_albedo", reason: "an input is not a finite number" }
thm_absorbed_albedo,c26d1a94a2000000;3ff0000000000000;3ff0000000000000,OutOfDomain { node: "thm_absorbed_albedo", field: "Q_alb", value: -416466000000000.0, bound: 0.0, edge: Lower, unit: Watt, reason: "absorbed power cannot be negative" }
thm_absorbed_albedo,426d1a94a2000000;3ff0000000000000;3ff0000000000000,OutOfDomain { node: "thm_absorbed_albedo", field: "Q_alb", value: 416466000000000.0, bound: 100000.0, edge: Upper, unit: Watt, reason: "above 100 kW the illuminated area is not this spacecraft" }
thm_absorbed_albedo,0000000000000000;3ff0000000000000;3ff0000000000000,0000000000000000
thm_absorbed_albedo,bff0000000000000;3ff0000000000000;3ff0000000000000,OutOfDomain { node: "thm_absorbed_albedo", field: "Q_alb", value: -416.466, bound: 0.0, edge: Lower, unit: Watt, reason: "absorbed power cannot be negative" }
thm_absorbed_albedo,3ff0000000000000;7ff8000000000000;3ff0000000000000,Refused { node: "thm_absorbed_albedo", reason: "an input is not a finite number" }
thm_absorbed_albedo,3ff0000000000000;7ff0000000000000;3ff0000000000000,Refused { node: "thm_absorbed_albedo", reason: "an input is not a finite number" }
thm_absorbed_albedo,3ff0000000000000;c26d1a94a2000000;3ff0000000000000,OutOfDomain { node: "thm_absorbed_albedo", field: "Q_alb", value: -416466000000000.0, bound: 0.0, edge: Lower, unit: Watt, reason: "absorbed power cannot be negative" }
thm_absorbed_albedo,3ff0000000000000;426d1a94a2000000;3ff0000000000000,OutOfDomain { node: "thm_absorbed_albedo", field: "Q_alb", value: 416466000000000.0, bound: 100000.0, edge: Upper, unit: Watt, reason: "above 100 kW the illuminated area is not this spacecraft" }
thm_absorbed_albedo,3ff0000000000000;0000000000000000;3ff0000000000000,0000000000000000
thm_absorbed_albedo,3ff0000000000000;bff0000000000000;3ff0000000000000,OutOfDomain { node: "thm_absorbed_albedo", field: "Q_alb", value: -416.466, bound: 0.0, edge: Lower, unit: Watt, reason: "absorbed power cannot be negative" }
thm_absorbed_albedo,3ff0000000000000;3ff0000000000000;7ff8000000000000,Refused { node: "thm_absorbed_albedo", reason: "an input is not a finite number" }
thm_absorbed_albedo,3ff0000000000000;3ff0000000000000;7ff0000000000000,Refused { node: "thm_absorbed_albedo", reason: "an input is not a finite number" }
thm_absorbed_albedo,3ff0000000000000;3ff0000000000000;c26d1a94a2000000,OutOfDomain { node: "thm_absorbed_albedo", field: "Q_alb", value: -416466000000000.0, bound: 0.0, edge: Lower, unit: Watt, reason: "absorbed power cannot be negative" }
thm_absorbed_albedo,3ff0000000000000;3ff0000000000000;426d1a94a2000000,OutOfDomain { node: "thm_absorbed_albedo", field: "Q_alb", value: 416466000000000.0, bound: 100000.0, edge: Upper, unit: Watt, reason: "above 100 kW the illuminated area is not this spacecraft" }
thm_absorbed_albedo,3ff0000000000000;3ff0000000000000;0000000000000000,0000000000000000
thm_absorbed_albedo,3ff0000000000000;3ff0000000000000;bff0000000000000,OutOfDomain { node: "thm_absorbed_albedo", field: "Q_alb", value: -416.466, bound: 0.0, edge: Lower, unit: Watt, reason: "absorbed power cannot be negative" }
thm_absorbed_ir,7ff8000000000000;3ff0000000000000;3ff0000000000000,Refused { node: "thm_absorbed_ir", reason: "an input is not a finite number" }
thm_absorbed_ir,7ff0000000000000;3ff0000000000000;3ff0000000000000,Refused { node: "thm_absorbed_ir", reason: "an input is not a finite number" }
thm_absorbed_ir,c26d1a94a2000000;3ff0000000000000;3ff0000000000000,OutOfDomain { node: "thm_absorbed_ir", field: "Q_ir", value: -237000000000000.0, bound: 0.0, edge: Lower, unit: Watt, reason: "absorbed power cannot be negative" }
thm_absorbed_ir,426d1a94a2000000;3ff0000000000000;3ff0000000000000,OutOfDomain { node: "thm_absorbed_ir", field: "Q_ir", value: 237000000000000.0, bound: 100000.0, edge: Upper, unit: Watt, reason: "above 100 kW the surface is not this spacecraft" }
thm_absorbed_ir,0000000000000000;3ff0000000000000;3ff0000000000000,0000000000000000
thm_absorbed_ir,bff0000000000000;3ff0000000000000;3ff0000000000000,OutOfDomain { node: "thm_absorbed_ir", field: "Q_ir", value: -237.0, bound: 0.0, edge: Lower, unit: Watt, reason: "absorbed power cannot be negative" }
thm_absorbed_ir,3ff0000000000000;7ff8000000000000;3ff0000000000000,Refused { node: "thm_absorbed_ir", reason: "an input is not a finite number" }
thm_absorbed_ir,3ff0000000000000;7ff0000000000000;3ff0000000000000,Refused { node: "thm_absorbed_ir", reason: "an input is not a finite number" }
thm_absorbed_ir,3ff0000000000000;c26d1a94a2000000;3ff0000000000000,OutOfDomain { node: "thm_absorbed_ir", field: "Q_ir", value: -237000000000000.0, bound: 0.0, edge: Lower, unit: Watt, reason: "absorbed power cannot be negative" }
thm_absorbed_ir,3ff0000000000000;426d1a94a2000000;3ff0000000000000,OutOfDomain { node: "thm_absorbed_ir", field: "Q_ir", value: 237000000000000.0, bound: 100000.0, edge: Upper, unit: Watt, reason: "above 100 kW the surface is not this spacecraft" }
thm_absorbed_ir,3ff0000000000000;0000000000000000;3ff0000000000000,0000000000000000
thm_absorbed_ir,3ff0000000000000;bff0000000000000;3ff0000000000000,OutOfDomain { node: "thm_absorbed_ir", field: "Q_ir", value: -237.0, bound: 0.0, edge: Lower, unit: Watt, reason: "absorbed power cannot be negative" }
thm_absorbed_ir,3ff0000000000000;3ff0000000000000;7ff8000000000000,Refused { node: "thm_absorbed_ir", reason: "an input is not a finite number" }
thm_absorbed_ir,3ff0000000000000;3ff0000000000000;7ff0000000000000,Refused { node: "thm_absorbed_ir", reason: "an input is not a finite number" }
thm_absorbed_ir,3ff0000000000000;3ff0000000000000;c26d1a94a2000000,OutOfDomain { node: "thm_absorbed_ir", field: "Q_ir", value: -237000000000000.0, bound: 0.0, edge: Lower, unit: Watt, reason: "absorbed power cannot be negative" }
thm_absorbed_ir,3ff0000000000000;3ff0000000000000;426d1a94a2000000,OutOfDomain { node: "thm_absorbed_ir", field: "Q_ir", value: 237000000000000.0, bound: 100000.0, edge: Upper, unit: Watt, reason: "above 100 kW the surface is not this spacecraft" }
thm_absorbed_ir,3ff0000000000000;3ff0000000000000;0000000000000000,0000000000000000
thm_absorbed_ir,3ff0000000000000;3ff0000000000000;bff0000000000000,OutOfDomain { node: "thm_absorbed_ir", field: "Q_ir", value: -237.0, bound: 0.0, edge: Lower, unit: Watt, reason: "absorbed power cannot be negative" }
thm_absorbed_solar,7ff8000000000000;3ff0000000000000;3ff0000000000000,Refused { node: "thm_absorbed_solar", reason: "an input is not a finite number" }
thm_absorbed_solar,7ff0000000000000;3ff0000000000000;3ff0000000000000,Refused { node: "thm_absorbed_solar", reason: "an input is not a finite number" }
thm_absorbed_solar,c26d1a94a2000000;3ff0000000000000;3ff0000000000000,OutOfDomain { node: "thm_absorbed_solar", field: "Q_sol", value: -735351438286538.3, bound: 0.0, edge: Lower, unit: Watt, reason: "absorbed power cannot be negative" }
thm_absorbed_solar,426d1a94a2000000;3ff0000000000000;3ff0000000000000,OutOfDomain { node: "thm_absorbed_solar", field: "Q_sol", value: 735351438286538.3, bound: 100000.0, edge: Upper, unit: Watt, reason: "above 100 kW the illuminated area is not this spacecraft" }
thm_absorbed_solar,0000000000000000;3ff0000000000000;3ff0000000000000,0000000000000000
thm_absorbed_solar,bff0000000000000;3ff0000000000000;3ff0000000000000,OutOfDomain { node: "thm_absorbed_solar", field: "Q_sol", value: -735.3514382865383, bound: 0.0, edge: Lower, unit: Watt, reason: "absorbed power cannot be negative" }
thm_absorbed_solar,3ff0000000000000;7ff8000000000000;3ff0000000000000,Refused { node: "thm_absorbed_solar", reason: "an input is not a finite number" }
thm_absorbed_solar,3ff0000000000000;7ff0000000000000;3ff0000000000000,Refused { node: "thm_absorbed_solar", reason: "an input is not a finite number" }
thm_absorbed_solar,3ff0000000000000;c26d1a94a2000000;3ff0000000000000,OutOfDomain { node: "thm_absorbed_solar", field: "Q_sol", value: -735351438286538.3, bound: 0.0, edge: Lower, unit: Watt, reason: "absorbed power cannot be negative" }
thm_absorbed_solar,3ff0000000000000;426d1a94a2000000;3ff0000000000000,OutOfDomain { node: "thm_absorbed_solar", field: "Q_sol", value: 735351438286538.3, bound: 100000.0, edge: Upper, unit: Watt, reason: "above 100 kW the illuminated area is not this spacecraft" }
thm_absorbed_solar,3ff0000000000000;0000000000000000;3ff0000000000000,0000000000000000
thm_absorbed_solar,3ff0000000000000;bff0000000000000;3ff0000000000000,OutOfDomain { node: "thm_absorbed_solar", field: "Q_sol", value: -735.3514382865383, bound: 0.0, edge: Lower, unit: Watt, reason: "absorbed power cannot be negative" }
thm_absorbed_solar,3ff0000000000000;3ff0000000000000;7ff8000000000000,Refused { node: "thm_absorbed_solar", reason: "an input is not a finite number" }
thm_absorbed_solar,3ff0000000000000;3ff0000000000000;7ff0000000000000,Refused { node: "thm_absorbed_solar", reason: "an input is not a finite number" }
thm_absorbed_solar,3ff0000000000000;3ff0000000000000;c26d1a94a2000000,4090d4cca4a5a130
thm_absorbed_solar,3ff0000000000000;3ff0000000000000;426d1a94a2000000,4090d4cca4a5a130
thm_absorbed_solar,3ff0000000000000;3ff0000000000000;0000000000000000,4095440000000000
thm_absorbed_solar,3ff0000000000000;3ff0000000000000;bff0000000000000,4086facfbee059f4
thm_aero_heating,7ff8000000000000;3ff0000000000000;3ff0000000000000,Refused { node: "thm_aero_heating", reason: "an input is not a finite number" }
thm_aero_heating,7ff0000000000000;3ff0000000000000;3ff0000000000000,Refused { node: "thm_aero_heating", reason: "an input is not a finite number" }
thm_aero_heating,c26d1a94a2000000;3ff0000000000000;3ff0000000000000,OutOfDomain { node: "thm_aero_heating", field: "Q_aero", value: -450000000000.0, bound: 0.0, edge: Lower, unit: Watt, reason: "heating cannot be negative" }
thm_aero_heating,426d1a94a2000000;3ff0000000000000;3ff0000000000000,OutOfDomain { node: "thm_aero_heating", field: "Q_aero", value: 450000000000.0, bound: 100000.0, edge: Upper, unit: Watt, reason: "above 100 kW the vehicle is re-entering" }
thm_aero_heating,0000000000000000;3ff0000000000000;3ff0000000000000,0000000000000000
thm_aero_heating,bff0000000000000;3ff0000000000000;3ff0000000000000,OutOfDomain { node: "thm_aero_heating", field: "Q_aero", value: -0.45, bound: 0.0, edge: Lower, unit: Watt, reason: "heating cannot be negative" }
thm_aero_heating,3ff0000000000000;7ff8000000000000;3ff0000000000000,Refused { node: "thm_aero_heating", reason: "an input is not a finite number" }
thm_aero_heating,3ff0000000000000;7ff0000000000000;3ff0000000000000,Refused { node: "thm_aero_heating", reason: "an input is not a finite number" }
thm_aero_heating,3ff0000000000000;c26d1a94a2000000;3ff0000000000000,OutOfDomain { node: "thm_aero_heating", field: "Q_aero", value: -4.5000000000000004e35, bound: 0.0, edge: Lower, unit: Watt, reason: "heating cannot be negative" }
thm_aero_heating,3ff0000000000000;426d1a94a2000000;3ff0000000000000,OutOfDomain { node: "thm_aero_heating", field: "Q_aero", value: 4.5000000000000004e35, bound: 100000.0, edge: Upper, unit: Watt, reason: "above 100 kW the vehicle is re-entering" }
thm_aero_heating,3ff0000000000000;0000000000000000;3ff0000000000000,0000000000000000
thm_aero_heating,3ff0000000000000;bff0000000000000;3ff0000000000000,OutOfDomain { node: "thm_aero_heating", field: "Q_aero", value: -0.45, bound: 0.0, edge: Lower, unit: Watt, reason: "heating cannot be negative" }
thm_aero_heating,3ff0000000000000;3ff0000000000000;7ff8000000000000,Refused { node: "thm_aero_heating", reason: "an input is not a finite number" }
thm_aero_heating,3ff0000000000000;3ff0000000000000;7ff0000000000000,Refused { node: "thm_aero_heating", reason: "an input is not a finite number" }
thm_aero_heating,3ff0000000000000;3ff0000000000000;c26d1a94a2000000,OutOfDomain { node: "thm_aero_heating", field: "Q_aero", value: -450000000000.0, bound: 0.0, edge: Lower, unit: Watt, reason: "heating cannot be negative" }
thm_aero_heating,3ff0000000000000;3ff0000000000000;426d1a94a2000000,OutOfDomain { node: "thm_aero_heating", field: "Q_aero", value: 450000000000.0, bound: 100000.0, edge: Upper, unit: Watt, reason: "above 100 kW the vehicle is re-entering" }
thm_aero_heating,3ff0000000000000;3ff0000000000000;0000000000000000,0000000000000000
thm_aero_heating,3ff0000000000000;3ff0000000000000;bff0000000000000,OutOfDomain { node: "thm_aero_heating", field: "Q_aero", value: -0.45, bound: 0.0, edge: Lower, unit: Watt, reason: "heating cannot be negative" }
thm_dissipation,7ff8000000000000;3ff0000000000000;3ff0000000000000,Refused { node: "thm_dissipation", reason: "an input is not a finite number" }
thm_dissipation,7ff0000000000000;3ff0000000000000;3ff0000000000000,Refused { node: "thm_dissipation", reason: "an input is not a finite number" }
thm_dissipation,c26d1a94a2000000;3ff0000000000000;3ff0000000000000,0000000000000000
thm_dissipation,426d1a94a2000000;3ff0000000000000;3ff0000000000000,OutOfDomain { node: "thm_dissipation", field: "Q", value: 999999999998.0, bound: 50000.0, edge: Upper, unit: Watt, reason: "above 50 kW nothing in this mass class dissipates that much" }
thm_dissipation,0000000000000000;3ff0000000000000;3ff0000000000000,0000000000000000
thm_dissipation,bff0000000000000;3ff0000000000000;3ff0000000000000,0000000000000000
thm_dissipation,3ff0000000000000;7ff8000000000000;3ff0000000000000,Refused { node: "thm_dissipation", reason: "an input is not a finite number" }
thm_dissipation,3ff0000000000000;7ff0000000000000;3ff0000000000000,Refused { node: "thm_dissipation", reason: "an input is not a finite number" }
thm_dissipation,3ff0000000000000;c26d1a94a2000000;3ff0000000000000,OutOfDomain { node: "thm_dissipation", field: "Q", value: 1000000000000.0, bound: 50000.0, edge: Upper, unit: Watt, reason: "above 50 kW nothing in this mass class dissipates that much" }
thm_dissipation,3ff0000000000000;426d1a94a2000000;3ff0000000000000,0000000000000000
thm_dissipation,3ff0000000000000;0000000000000000;3ff0000000000000,0000000000000000
thm_dissipation,3ff0000000000000;bff0000000000000;3ff0000000000000,3ff0000000000000
thm_dissipation,3ff0000000000000;3ff0000000000000;7ff8000000000000,Refused { node: "thm_dissipation", reason: "an input is not a finite number" }
thm_dissipation,3ff0000000000000;3ff0000000000000;7ff0000000000000,Refused { node: "thm_dissipation", reason: "an input is not a finite number" }
thm_dissipation,3ff0000000000000;3ff0000000000000;c26d1a94a2000000,OutOfDomain { node: "thm_dissipation", field: "Q", value: 1000000000000.0, bound: 50000.0, edge: Upper, unit: Watt, reason: "above 50 kW nothing in this mass class dissipates that much" }
thm_dissipation,3ff0000000000000;3ff0000000000000;426d1a94a2000000,0000000000000000
thm_dissipation,3ff0000000000000;3ff0000000000000;0000000000000000,0000000000000000
thm_dissipation,3ff0000000000000;3ff0000000000000;bff0000000000000,3ff0000000000000
thm_equilibrium_temperature,7ff8000000000000;3ff0000000000000;3ff0000000000000;3ff0000000000000;3ff0000000000000;3ff0000000000000;3ff0000000000000,Refused { node: "thm_equilibrium_temperature", reason: "an input is not a finite number" }
thm_equilibrium_temperature,7ff0000000000000;3ff0000000000000;3ff0000000000000;3ff0000000000000;3ff0000000000000;3ff0000000000000;3ff0000000000000,Refused { node: "thm_equilibrium_temperature", reason: "an input is not a finite number" }
thm_equilibrium_temperature,c26d1a94a2000000;3ff0000000000000;3ff0000000000000;3ff0000000000000;3ff0000000000000;3ff0000000000000;3ff0000000000000,Degenerate { node: "thm_equilibrium_temperature", field: "T_eq", reason: "the value here is not a finite number" }
thm_equilibrium_temperature,426d1a94a2000000;3ff0000000000000;3ff0000000000000;3ff0000000000000;3ff0000000000000;3ff0000000000000;3ff0000000000000,OutOfDomain { node: "thm_equilibrium_temperature", field: "T_eq", value: 64803.291597443116, bound: 1000.0, edge: Upper, unit: Kelvin, reason: "above 1000 K nothing survives and the balance is being fed a nonsense load" }
thm_equilibrium_temperature,0000000000000000;3ff0000000000000;3ff0000000000000;3ff0000000000000;3ff0000000000000;3ff0000000000000;3ff0000000000000,OutOfDomain { node: "thm_equilibrium_temperature", field: "T_eq", value: 91.64569386343078, bound: 100.0, edge: Lower, unit: Kelvin, reason: "below 100 K the spacecraft would be colder than deep space plus the Earth's infrared, which is not possible in this orbit" }
thm_equilibrium_temperature,bff0000000000000;3ff0000000000000;3ff0000000000000;3ff0000000000000;3ff0000000000000;3ff0000000000000;3ff0000000000000,OutOfDomain { node: "thm_equilibrium_temperature", field: "T_eq", value: 85.28592802509218, bound: 100.0, edge: Lower, unit: Kelvin, reason: "below 100 K the spacecraft would be colder than deep space plus the Earth's infrared, which is not possible in this orbit" }
thm_equilibrium_temperature,3ff0000000000000;7ff8000000000000;3ff0000000000000;3ff0000000000000;3ff0000000000000;3ff0000000000000;3ff0000000000000,Refused { node: "thm_equilibrium_temperature", reason: "an input is not a finite number" }
thm_equilibrium_temperature,3ff0000000000000;7ff0000000000000;3ff0000000000000;3ff0000000000000;3ff0000000000000;3ff0000000000000;3ff0000000000000,Refused { node: "thm_equilibrium_temperature", reason: "an input is not a finite number" }
thm_equilibrium_temperature,3ff0000000000000;c26d1a94a2000000;3ff0000000000000;3ff0000000000000;3ff0000000000000;3ff0000000000000;3ff0000000000000,Degenerate { node: "thm_equilibrium_temperature", field: "T_eq", reason: "the value here is not a finite number" }
thm_equilibrium_temperature,3ff0000000000000;426d1a94a2000000;3ff0000000000000;3ff0000000000000;3ff0000000000000;3ff0000000000000;3ff0000000000000,OutOfDomain { node: "thm_equilibrium_temperature", field: "T_eq", value: 64803.291597443116, bound: 1000.0, edge: Upper, unit: Kelvin, reason: "above 1000 K nothing survives and the balance is being fed a nonsense load" }
thm_equilibrium_temperature,3ff0000000000000;0000000000000000;3ff0000000000000;3ff0000000000000;3ff0000000000000;3ff0000000000000;3ff0000000000000,OutOfDomain { node: "thm_equilibrium_temperature", field: "T_eq", value: 91.64569386343078, bound: 100.0, edge: Lower, unit: Kelvin, reason: "below 100 K the spacecraft would be colder than deep space plus the Earth's infrared, which is not possible in this orbit" }
thm_equilibrium_temperature,3ff0000000000000;bff0000000000000;3ff0000000000000;3ff0000000000000;3ff0000000000000;3ff0000000000000;3ff0000000000000,OutOfDomain { node: "thm_equilibrium_temperature", field: "T_eq", value: 85.28592802509218, bound: 100.0, edge: Lower, unit: Kelvin, reason: "below 100 K the spacecraft would be colder than deep space plus the Earth's infrared, which is not possible in this orbit" }
thm_equilibrium_temperature,3ff0000000000000;3ff0000000000000;7ff8000000000000;3ff0000000000000;3ff0000000000000;3ff0000000000000;3ff0000000000000,Refused { node: "thm_equilibrium_temperature", reason: "an input is not a finite number" }
thm_equilibrium_temperature,3ff0000000000000;3ff0000000000000;7ff0000000000000;3ff0000000000000;3ff0000000000000;3ff0000000000000;3ff0000000000000,Refused { node: "thm_equilibrium_temperature", reason: "an input is not a finite number" }
thm_equilibrium_temperature,3ff0000000000000;3ff0000000000000;c26d1a94a2000000;3ff0000000000000;3ff0000000000000;3ff0000000000000;3ff0000000000000,Degenerate { node: "thm_equilibrium_temperature", field: "T_eq", reason: "the value here is not a finite number" }
thm_equilibrium_temperature,3ff0000000000000;3ff0000000000000;426d1a94a2000000;3ff0000000000000;3ff0000000000000;3ff0000000000000;3ff0000000000000,OutOfDomain { node: "thm_equilibrium_temperature", field: "T_eq", value: 64803.291597443116, bound: 1000.0, edge: Upper, unit: Kelvin, reason: "above 1000 K nothing survives and the balance is being fed a nonsense load" }
thm_equilibrium_temperature,3ff0000000000000;3ff0000000000000;0000000000000000;3ff0000000000000;3ff0000000000000;3ff0000000000000;3ff0000000000000,OutOfDomain { node: "thm_equilibrium_temperature", field: "T_eq", value: 91.64569386343078, bound: 100.0, edge: Lower, unit: Kelvin, reason: "below 100 K the spacecraft would be colder than deep space plus the Earth's infrared, which is not possible in this orbit" }
thm_equilibrium_temperature,3ff0000000000000;3ff0000000000000;bff0000000000000;3ff0000000000000;3ff0000000000000;3ff0000000000000;3ff0000000000000,OutOfDomain { node: "thm_equilibrium_temperature", field: "T_eq", value: 85.28592802509218, bound: 100.0, edge: Lower, unit: Kelvin, reason: "below 100 K the spacecraft would be colder than deep space plus the Earth's infrared, which is not possible in this orbit" }
thm_equilibrium_temperature,3ff0000000000000;3ff0000000000000;3ff0000000000000;7ff8000000000000;3ff0000000000000;3ff0000000000000;3ff0000000000000,Refused { node: "thm_equilibrium_temperature", reason: "an input is not a finite number" }
thm_equilibrium_temperature,3ff0000000000000;3ff0000000000000;3ff0000000000000;7ff0000000000000;3ff0000000000000;3ff0000000000000;3ff0000000000000,Refused { node: "thm_equilibrium_temperature", reason: "an input is not a finite number" }
thm_equilibrium_temperature,3ff0000000000000;3ff0000000000000;3ff0000000000000;c26d1a94a2000000;3ff0000000000000;3ff0000000000000;3ff0000000000000,Degenerate { node: "thm_equilibrium_temperature", field: "T_eq", reason: "the value here is not a finite number" }
thm_equilibrium_temperature,3ff0000000000000;3ff0000000000000;3ff0000000000000;426d1a94a2000000;3ff0000000000000;3ff0000000000000;3ff0000000000000,OutOfDomain { node: "thm_equilibrium_temperature", field: "T_eq", value: 64803.291597443116, bound: 1000.0, edge: Upper, unit: Kelvin, reason: "above 1000 K nothing survives and the balance is being fed a nonsense load" }
thm_equilibrium_temperature,3ff0000000000000;3ff0000000000000;3ff0000000000000;0000000000000000;3ff0000000000000;3ff0000000000000;3ff0000000000000,OutOfDomain { node: "thm_equilibrium_temperature", field: "T_eq", value: 91.64569386343078, bound: 100.0, edge: Lower, unit: Kelvin, reason: "below 100 K the spacecraft would be colder than deep space plus the Earth's infrared, which is not possible in this orbit" }
thm_equilibrium_temperature,3ff0000000000000;3ff0000000000000;3ff0000000000000;bff0000000000000;3ff0000000000000;3ff0000000000000;3ff0000000000000,OutOfDomain { node: "thm_equilibrium_temperature", field: "T_eq", value: 85.28592802509218, bound: 100.0, edge: Lower, unit: Kelvin, reason: "below 100 K the spacecraft would be colder than deep space plus the Earth's infrared, which is not possible in this orbit" }
thm_equilibrium_temperature,3ff0000000000000;3ff0000000000000;3ff0000000000000;3ff0000000000000;7ff8000000000000;3ff0000000000000;3ff0000000000000,Refused { node: "thm_equilibrium_temperature", reason: "an input is not a finite number" }
thm_equilibrium_temperature,3ff0000000000000;3ff0000000000000;3ff0000000000000;3ff0000000000000;7ff0000000000000;3ff0000000000000;3ff0000000000000,Refused { node: "thm_equilibrium_temperature", reason: "an input is not a finite number" }
thm_equilibrium_temperature,3ff0000000000000;3ff0000000000000;3ff0000000000000;3ff0000000000000;c26d1a94a2000000;3ff0000000000000;3ff0000000000000,Degenerate { node: "thm_equilibrium_temperature", field: "T_eq", reason: "the value here is not a finite number" }
thm_equilibrium_temperature,3ff0000000000000;3ff0000000000000;3ff0000000000000;3ff0000000000000;426d1a94a2000000;3ff0000000000000;3ff0000000000000,OutOfDomain { node: "thm_equilibrium_temperature", field: "T_eq", value: 64803.291597443116, bound: 1000.0, edge: Upper, unit: Kelvin, reason: "above 1000 K nothing survives and the balance is being fed a nonsense load" }
thm_equilibrium_temperature,3ff0000000000000;3ff0000000000000;3ff0000000000000;3ff0000000000000;0000000000000000;3ff0000000000000;3ff0000000000000,OutOfDomain { node: "thm_equilibrium_temperature", field: "T_eq", value: 91.64569386343078, bound: 100.0, edge: Lower, unit: Kelvin, reason: "below 100 K the spacecraft would be colder than deep space plus the Earth's infrared, which is not possible in this orbit" }
thm_equilibrium_temperature,3ff0000000000000;3ff0000000000000;3ff0000000000000;3ff0000000000000;bff0000000000000;3ff0000000000000;3ff0000000000000,OutOfDomain { node: "thm_equilibrium_temperature", field: "T_eq", value: 85.28592802509218, bound: 100.0, edge: Lower, unit: Kelvin, reason: "below 100 K the spacecraft would be colder than deep space plus the Earth's infrared, which is not possible in this orbit" }
thm_equilibrium_temperature,3ff0000000000000;3ff0000000000000;3ff0000000000000;3ff0000000000000;3ff0000000000000;7ff8000000000000;3ff0000000000000,Refused { node: "thm_equilibrium_temperature", reason: "an input is not a finite number" }
thm_equilibrium_temperature,3ff0000000000000;3ff0000000000000;3ff0000000000000;3ff0000000000000;3ff0000000000000;7ff0000000000000;3ff0000000000000,Refused { node: "thm_equilibrium_temperature", reason: "an input is not a finite number" }
thm_equilibrium_temperature,3ff0000000000000;3ff0000000000000;3ff0000000000000;3ff0000000000000;3ff0000000000000;c26d1a94a2000000;3ff0000000000000,Degenerate { node: "thm_equilibrium_temperature", field: "T_eq", reason: "the value here is not a finite number" }
thm_equilibrium_temperature,3ff0000000000000;3ff0000000000000;3ff0000000000000;3ff0000000000000;3ff0000000000000;426d1a94a2000000;3ff0000000000000,OutOfDomain { node: "thm_equilibrium_temperature", field: "T_eq", value: 0.09690352310926303, bound: 100.0, edge: Lower, unit: Kelvin, reason: "below 100 K the spacecraft would be colder than deep space plus the Earth's infrared, which is not possible in this orbit" }
thm_equilibrium_temperature,3ff0000000000000;3ff0000000000000;3ff0000000000000;3ff0000000000000;3ff0000000000000;0000000000000000;3ff0000000000000,Degenerate { node: "thm_equilibrium_temperature", field: "T_eq", reason: "the value here is not a finite number" }
thm_equilibrium_temperature,3ff0000000000000;3ff0000000000000;3ff0000000000000;3ff0000000000000;3ff0000000000000;bff0000000000000;3ff0000000000000,Degenerate { node: "thm_equilibrium_temperature", field: "T_eq", reason: "the value here is not a finite number" }
thm_equilibrium_temperature,3ff0000000000000;3ff0000000000000;3ff0000000000000;3ff0000000000000;3ff0000000000000;3ff0000000000000;7ff8000000000000,Refused { node: "thm_equilibrium_temperature", reason: "an input is not a finite number" }
thm_equilibrium_temperature,3ff0000000000000;3ff0000000000000;3ff0000000000000;3ff0000000000000;3ff0000000000000;3ff0000000000000;7ff0000000000000,Refused { node: "thm_equilibrium_temperature", reason: "an input is not a finite number" }
thm_equilibrium_temperature,3ff0000000000000;3ff0000000000000;3ff0000000000000;3ff0000000000000;3ff0000000000000;3ff0000000000000;c26d1a94a2000000,Degenerate { node: "thm_equilibrium_temperature", field: "T_eq", reason: "the value here is not a finite number" }
thm_equilibrium_temperature,3ff0000000000000;3ff0000000000000;3ff0000000000000;3ff0000000000000;3ff0000000000000;3ff0000000000000;426d1a94a2000000,OutOfDomain { node: "thm_equilibrium_temperature", field: "T_eq", value: 0.09690352310926303, bound: 100.0, edge: Lower, unit: Kelvin, reason: "below 100 K the spacecraft would be colder than deep space plus the Earth's infrared, which is not possible in this orbit" }
thm_equilibrium_temperature,3ff0000000000000;3ff0000000000000;3ff0000000000000;3ff0000000000000;3ff0000000000000;3ff0000000000000;0000000000000000,Degenerate { node: "thm_equilibrium_temperature", field: "T_eq", reason: "the value here is not a finite number" }
thm_equilibrium_temperature,3ff0000000000000;3ff0000000000000;3ff0000000000000;3ff0000000000000;3ff0000000000000;3ff0000000000000;bff0000000000000,Degenerate { node: "thm_equilibrium_temperature", field: "T_eq", reason: "the value here is not a finite number" }
thm_margin,7ff8000000000000;3ff0000000000000,Refused { node: "thm_margin", reason: "an input is not a finite number" }
thm_margin,7ff0000000000000;3ff0000000000000,Refused { node: "thm_margin", reason: "an input is not a finite number" }
thm_margin,c26d1a94a2000000;3ff0000000000000,OutOfDomain { node: "thm_margin", field: "M_thm", value: 1000000000001.0, bound: 500.0, edge: Upper, unit: Kelvin, reason: "a margin above 500 K means the limit is not the one that binds" }
thm_margin,426d1a94a2000000;3ff0000000000000,OutOfDomain { node: "thm_margin", field: "M_thm", value: -999999999999.0, bound: -500.0, edge: Lower, unit: Kelvin, reason: "a margin below -500 K means the balance is being fed a nonsense load" }
thm_margin,0000000000000000;3ff0000000000000,3ff0000000000000
thm_margin,bff0000000000000;3ff0000000000000,4000000000000000
thm_margin,3ff0000000000000;7ff8000000000000,Refused { node: "thm_margin", reason: "an input is not a finite number" }
thm_margin,3ff0000000000000;7ff0000000000000,Refused { node: "thm_margin", reason: "an input is not a finite number" }
thm_margin,3ff0000000000000;c26d1a94a2000000,OutOfDomain { node: "thm_margin", field: "M_thm", value: -1000000000001.0, bound: -500.0, edge: Lower, unit: Kelvin, reason: "a margin below -500 K means the balance is being fed a nonsense load" }
thm_margin,3ff0000000000000;426d1a94a2000000,OutOfDomain { node: "thm_margin", field: "M_thm", value: 999999999999.0, bound: 500.0, edge: Upper, unit: Kelvin, reason: "a margin above 500 K means the limit is not the one that binds" }
thm_margin,3ff0000000000000;0000000000000000,bff0000000000000
thm_margin,3ff0000000000000;bff0000000000000,c000000000000000
thm_required_radiator_area,7ff8000000000000;3ff0000000000000;3ff0000000000000,Refused { node: "thm_required_radiator_area", reason: "an input is not a finite number" }
thm_required_radiator_area,7ff0000000000000;3ff0000000000000;3ff0000000000000,Refused { node: "thm_required_radiator_area", reason: "an input is not a finite number" }
thm_required_radiator_area,c26d1a94a2000000;3ff0000000000000;3ff0000000000000,Degenerate { node: "thm_required_radiator_area", field: "A_req", reason: "the value here is not a finite number" }
thm_required_radiator_area,426d1a94a2000000;3ff0000000000000;3ff0000000000000,Degenerate { node: "thm_required_radiator_area", field: "A_req", reason: "the value here is not a finite number" }
thm_required_radiator_area,0000000000000000;3ff0000000000000;3ff0000000000000,Degenerate { node: "thm_required_radiator_area", field: "A_req", reason: "the value here is not a finite number" }
thm_required_radiator_area,bff0000000000000;3ff0000000000000;3ff0000000000000,Degenerate { node: "thm_required_radiator_area", field: "A_req", reason: "the value here is not a finite number" }
thm_required_radiator_area,3ff0000000000000;7ff8000000000000;3ff0000000000000,Refused { node: "thm_required_radiator_area", reason: "an input is not a finite number" }
thm_required_radiator_area,3ff0000000000000;7ff0000000000000;3ff0000000000000,Refused { node: "thm_required_radiator_area", reason: "an input is not a finite number" }
thm_required_radiator_area,3ff0000000000000;c26d1a94a2000000;3ff0000000000000,3cf455163295d654
thm_required_radiator_area,3ff0000000000000;426d1a94a2000000;3ff0000000000000,Degenerate { node: "thm_required_radiator_area", field: "A_req", reason: "the value here is not a finite number" }
thm_required_radiator_area,3ff0000000000000;0000000000000000;3ff0000000000000,Degenerate { node: "thm_required_radiator_area", field: "A_req", reason: "the value here is not a finite number" }
thm_required_radiator_area,3ff0000000000000;bff0000000000000;3ff0000000000000,3f727dffb0564e4f
thm_required_radiator_area,3ff0000000000000;3ff0000000000000;7ff8000000000000,Refused { node: "thm_required_radiator_area", reason: "an input is not a finite number" }
thm_required_radiator_area,3ff0000000000000;3ff0000000000000;7ff0000000000000,Refused { node: "thm_required_radiator_area", reason: "an input is not a finite number" }
thm_required_radiator_area,3ff0000000000000;3ff0000000000000;c26d1a94a2000000,377894904f9af2cf
thm_required_radiator_area,3ff0000000000000;3ff0000000000000;426d1a94a2000000,377894904f9af2cf
thm_required_radiator_area,3ff0000000000000;3ff0000000000000;0000000000000000,Degenerate { node: "thm_required_radiator_area", field: "A_req", reason: "the value here is not a finite number" }
thm_required_radiator_area,3ff0000000000000;3ff0000000000000;bff0000000000000,Degenerate { node: "thm_required_radiator_area", field: "A_req", reason: "the value here is not a finite number" }
thm_view_factor,7ff8000000000000,Refused { node: "thm_view_factor", reason: "an input is not a finite number" }
thm_view_factor,7ff0000000000000,Refused { node: "thm_view_factor", reason: "an input is not a finite number" }
thm_view_factor,c26d1a94a2000000,3dc65d4a37db1b99
thm_view_factor,426d1a94a2000000,3dc65d4a37db1b99
thm_view_factor,0000000000000000,Degenerate { node: "thm_view_factor", field: "F_E", reason: "the value here is not a finite number" }
thm_view_factor,bff0000000000000,OutOfDomain { node: "thm_view_factor", field: "F_E", value: 40680631590769.0, bound: 1.0, edge: Upper, unit: One, reason: "a view factor cannot exceed one" }
