node,probe,inputs,answer
aero_accommodation,"today",0.0;867.1547557941099,0.0
aero_accommodation,"the middle of every range",31622776601683.793;1450.0,0.7747228674444808
aero_accommodation,"env_atomic_oxygen_density at lower end, from today",100000000.0;867.1547557941099,6.503618371128821e-6
aero_accommodation,"env_atomic_oxygen_density at upper end, from today",1e19;867.1547557941099,0.9999984624067685
aero_accommodation,"env_atomic_oxygen_density at zero, from today",0.0;867.1547557941099,0.0
aero_accommodation,"env_atomic_oxygen_density at not a number, from today",NaN;867.1547557941099,refused
aero_accommodation,"env_exospheric_temperature at lower end, from today",0.0;400.0,0.0
aero_accommodation,"env_exospheric_temperature at upper end, from today",0.0;2500.0,0.0
aero_accommodation,"env_exospheric_temperature at zero, from today",0.0;0.0,0.0
aero_accommodation,"env_exospheric_temperature at not a number, from today",0.0;NaN,refused
aero_accommodation,"env_atomic_oxygen_density at lower end, from the middle",100000000.0;1450.0,1.0874881735661123e-5
aero_accommodation,"env_atomic_oxygen_density at upper end, from the middle",1e19;1450.0,0.9999990804606157
aero_accommodation,"env_atomic_oxygen_density at zero, from the middle",0.0;1450.0,0.0
aero_accommodation,"env_atomic_oxygen_density at not a number, from the middle",NaN;1450.0,refused
aero_accommodation,"env_exospheric_temperature at lower end, from the middle",31622776601683.793;400.0,0.486832980505138
aero_accommodation,"env_exospheric_temperature at upper end, from the middle",31622776601683.793;2500.0,0.8556846664134466
aero_accommodation,"env_exospheric_temperature at zero, from the middle",31622776601683.793;0.0,0.0
aero_accommodation,"env_exospheric_temperature at not a number, from the middle",31622776601683.793;NaN,refused
aero_ao_fluence,"today",0.0;0.0;157788000.0,0.0
aero_ao_fluence,"the middle of every range",31622776601683.793;7600.0;244571400.0,5.8778603264743965e25
aero_ao_fluence,"env_atomic_oxygen_density at lower end, from today",100000000.0;0.0;157788000.0,0.0
aero_ao_fluence,"env_atomic_oxygen_density at upper end, from today",1e19;0.0;157788000.0,0.0
aero_ao_fluence,"env_atomic_oxygen_density at zero, from today",0.0;0.0;157788000.0,0.0
aero_ao_fluence,"env_atomic_oxygen_density at not a number, from today",NaN;0.0;157788000.0,refused
aero_ao_fluence,"orbit_velocity at lower end, from today",0.0;7000.0;157788000.0,0.0
aero_ao_fluence,"orbit_velocity at upper end, from today",0.0;8200.0;157788000.0,0.0
aero_ao_fluence,"orbit_velocity at zero, from today",0.0;0.0;157788000.0,0.0
aero_ao_fluence,"orbit_velocity at not a number, from today",0.0;NaN;157788000.0,refused
aero_ao_fluence,"orbit_mission_duration at lower end, from today",0.0;0.0;15778800.0,0.0
aero_ao_fluence,"orbit_mission_duration at upper end, from today",0.0;0.0;473364000.0,0.0
aero_ao_fluence,"orbit_mission_duration at zero, from today",0.0;0.0;0.0,0.0
aero_ao_fluence,"orbit_mission_duration at not a number, from today",0.0;0.0;NaN,refused
aero_ao_fluence,"env_atomic_oxygen_density at lower end, from the middle",100000000.0;7600.0;244571400.0,1.85874264e20
aero_ao_fluence,"env_atomic_oxygen_density at upper end, from the middle",1e19;7600.0;244571400.0,refused
aero_ao_fluence,"env_atomic_oxygen_density at zero, from the middle",0.0;7600.0;244571400.0,0.0
aero_ao_fluence,"env_atomic_oxygen_density at not a number, from the middle",NaN;7600.0;244571400.0,refused
aero_ao_fluence,"orbit_velocity at lower end, from the middle",31622776601683.793;7000.0;244571400.0,5.413818721752733e25
aero_ao_fluence,"orbit_velocity at upper end, from the middle",31622776601683.793;8200.0;244571400.0,6.341901931196059e25
aero_ao_fluence,"orbit_velocity at zero, from the middle",31622776601683.793;0.0;244571400.0,0.0
aero_ao_fluence,"orbit_velocity at not a number, from the middle",31622776601683.793;NaN;244571400.0,refused
aero_ao_fluence,"orbit_mission_duration at lower end, from the middle",31622776601683.793;7600.0;15778800.0,3.7921679525641264e24
aero_ao_fluence,"orbit_mission_duration at upper end, from the middle",31622776601683.793;7600.0;473364000.0,refused
aero_ao_fluence,"orbit_mission_duration at zero, from the middle",31622776601683.793;7600.0;0.0,0.0
aero_ao_fluence,"orbit_mission_duration at not a number, from the middle",31622776601683.793;7600.0;NaN,refused
aero_ballistic_coefficient,"today",0.0;0.0;0.0,refused
aero_ballistic_coefficient,"the middle of every range",77.45966692414834;3.25;0.31622776601683794,75.36891516255933
aero_ballistic_coefficient,"mass_wet at lower end, from today",1.0;0.0;0.0,refused
aero_ballistic_coefficient,"mass_wet at upper end, from today",6000.0;0.0;0.0,refused
aero_ballistic_coefficient,"mass_wet at zero, from today",0.0;0.0;0.0,refused
aero_ballistic_coefficient,"mass_wet at not a number, from today",NaN;0.0;0.0,refused
aero_ballistic_coefficient,"aero_drag_coefficient at lower end, from today",0.0;1.5;0.0,refused
aero_ballistic_coefficient,"aero_drag_coefficient at upper end, from today",0.0;5.0;0.0,refused
aero_ballistic_coefficient,"aero_drag_coefficient at zero, from today",0.0;0.0;0.0,refused
aero_ballistic_coefficient,"aero_drag_coefficient at not a number, from today",0.0;NaN;0.0,refused
aero_ballistic_coefficient,"aero_frontal_area at lower end, from today",0.0;0.0;0.005,refused
aero_ballistic_coefficient,"aero_frontal_area at upper end, from today",0.0;0.0;20.0,refused
aero_ballistic_coefficient,"aero_frontal_area at zero, from today",0.0;0.0;0.0,refused
aero_ballistic_coefficient,"aero_frontal_area at not a number, from today",0.0;0.0;NaN,refused
aero_ballistic_coefficient,"mass_wet at lower end, from the middle",1.0;3.25;0.31622776601683794,refused
aero_ballistic_coefficient,"mass_wet at upper end, from the middle",6000.0;3.25;0.31622776601683794,refused
aero_ballistic_coefficient,"mass_wet at zero, from the middle",0.0;3.25;0.31622776601683794,refused
aero_ballistic_coefficient,"mass_wet at not a number, from the middle",NaN;3.25;0.31622776601683794,refused
aero_ballistic_coefficient,"aero_drag_coefficient at lower end, from the middle",77.45966692414834;1.5;0.31622776601683794,163.29931618554522
aero_ballistic_coefficient,"aero_drag_coefficient at upper end, from the middle",77.45966692414834;5.0;0.31622776601683794,48.98979485566356
aero_ballistic_coefficient,"aero_drag_coefficient at zero, from the middle",77.45966692414834;0.0;0.31622776601683794,refused
aero_ballistic_coefficient,"aero_drag_coefficient at not a number, from the middle",77.45966692414834;NaN;0.31622776601683794,refused
aero_ballistic_coefficient,"aero_frontal_area at lower end, from the middle",77.45966692414834;3.25;0.005,refused
aero_ballistic_coefficient,"aero_frontal_area at upper end, from the middle",77.45966692414834;3.25;20.0,refused
aero_ballistic_coefficient,"aero_frontal_area at zero, from the middle",77.45966692414834;3.25;0.0,refused
aero_ballistic_coefficient,"aero_frontal_area at not a number, from the middle",77.45966692414834;3.25;NaN,refused
aero_drag_acceleration,"today",0.0;0.0,refused
aero_drag_acceleration,"the middle of every range",5.0;77.45966692414834,0.06454972243679029
aero_drag_acceleration,"aero_drag_force at lower end, from today",0.0;0.0,refused
aero_drag_acceleration,"aero_drag_force at upper end, from today",10.0;0.0,refused
aero_drag_acceleration,"aero_drag_force at zero, from today",0.0;0.0,refused
aero_drag_acceleration,"aero_drag_force at not a number, from today",NaN;0.0,refused
aero_drag_acceleration,"mass_wet at lower end, from today",0.0;1.0,0.0
aero_drag_acceleration,"mass_wet at upper end, from today",0.0;6000.0,0.0
aero_drag_acceleration,"mass_wet at zero, from today",0.0;0.0,refused
aero_drag_acceleration,"mass_wet at not a number, from today",0.0;NaN,refused
aero_drag_acceleration,"aero_drag_force at lower end, from the middle",0.0;77.45966692414834,0.0
aero_drag_acceleration,"aero_drag_force at upper end, from the middle",10.0;77.45966692414834,refused
aero_drag_acceleration,"aero_drag_force at zero, from the middle",0.0;77.45966692414834,0.0
aero_drag_acceleration,"aero_drag_force at not a number, from the middle",NaN;77.45966692414834,refused
aero_drag_acceleration,"mass_wet at lower end, from the middle",5.0;1.0,refused
aero_drag_acceleration,"mass_wet at upper end, from the middle",5.0;6000.0,0.0008333333333333334
aero_drag_acceleration,"mass_wet at zero, from the middle",5.0;0.0,refused
aero_drag_acceleration,"mass_wet at not a number, from the middle",5.0;NaN,refused
aero_drag_coefficient,"today",0.0;2.0;0.6;0.0;300.0;0.0;0.0;0.0,refused
aero_drag_coefficient,"the middle of every range",15.5;5.15;1.55;0.5;325.0;7600.0;0.016;3162277.6601683795,3.4090747836911865
aero_drag_coefficient,"case «250 km cylinder, moderate activity»",8.6435;2.0;0.6;0.9918;300.0;7754.6;0.01872;10000.0,2.8565551786185934
aero_drag_coefficient,"aero_speed_ratio at lower end, from today",1.0;2.0;0.6;0.0;300.0;0.0;0.0;0.0,refused
aero_drag_coefficient,"aero_speed_ratio at upper end, from today",30.0;2.0;0.6;0.0;300.0;0.0;0.0;0.0,refused
aero_drag_coefficient,"aero_speed_ratio at zero, from today",0.0;2.0;0.6;0.0;300.0;0.0;0.0;0.0,refused
aero_drag_coefficient,"aero_speed_ratio at not a number, from today",NaN;2.0;0.6;0.0;300.0;0.0;0.0;0.0,refused
aero_drag_coefficient,"aero_body_length at lower end, from today",0.0;0.3;0.6;0.0;300.0;0.0;0.0;0.0,refused
aero_drag_coefficient,"aero_body_length at upper end, from today",0.0;10.0;0.6;0.0;300.0;0.0;0.0;0.0,refused
aero_drag_coefficient,"aero_body_length at zero, from today",0.0;0.0;0.6;0.0;300.0;0.0;0.0;0.0,refused
aero_drag_coefficient,"aero_body_length at not a number, from today",0.0;NaN;0.6;0.0;300.0;0.0;0.0;0.0,refused
aero_drag_coefficient,"aero_body_diameter at lower end, from today",0.0;2.0;0.1;0.0;300.0;0.0;0.0;0.0,refused
aero_drag_coefficient,"aero_body_diameter at upper end, from today",0.0;2.0;3.0;0.0;300.0;0.0;0.0;0.0,refused
aero_drag_coefficient,"aero_body_diameter at zero, from today",0.0;2.0;0.0;0.0;300.0;0.0;0.0;0.0,refused
aero_drag_coefficient,"aero_body_diameter at not a number, from today",0.0;2.0;NaN;0.0;300.0;0.0;0.0;0.0,refused
aero_drag_coefficient,"aero_accommodation at lower end, from today",0.0;2.0;0.6;0.0;300.0;0.0;0.0;0.0,refused
aero_drag_coefficient,"aero_accommodation at upper end, from today",0.0;2.0;0.6;1.0;300.0;0.0;0.0;0.0,refused
aero_drag_coefficient,"aero_accommodation at zero, from today",0.0;2.0;0.6;0.0;300.0;0.0;0.0;0.0,refused
aero_drag_coefficient,"aero_accommodation at not a number, from today",0.0;2.0;0.6;NaN;300.0;0.0;0.0;0.0,refused
aero_drag_coefficient,"env_wall_temperature at lower end, from today",0.0;2.0;0.6;0.0;150.0;0.0;0.0;0.0,refused
aero_drag_coefficient,"env_wall_temperature at upper end, from today",0.0;2.0;0.6;0.0;500.0;0.0;0.0;0.0,refused
aero_drag_coefficient,"env_wall_temperature at zero, from today",0.0;2.0;0.6;0.0;0.0;0.0;0.0;0.0,refused
aero_drag_coefficient,"env_wall_temperature at not a number, from today",0.0;2.0;0.6;0.0;NaN;0.0;0.0;0.0,refused
aero_drag_coefficient,"orbit_velocity at lower end, from today",0.0;2.0;0.6;0.0;300.0;7000.0;0.0;0.0,refused
aero_drag_coefficient,"orbit_velocity at upper end, from today",0.0;2.0;0.6;0.0;300.0;8200.0;0.0;0.0,refused
aero_drag_coefficient,"orbit_velocity at zero, from today",0.0;2.0;0.6;0.0;300.0;0.0;0.0;0.0,refused
aero_drag_coefficient,"orbit_velocity at not a number, from today",0.0;2.0;0.6;0.0;300.0;NaN;0.0;0.0,refused
aero_drag_coefficient,"env_mean_molar_mass at lower end, from today",0.0;2.0;0.6;0.0;300.0;0.0;0.002;0.0,refused
aero_drag_coefficient,"env_mean_molar_mass at upper end, from today",0.0;2.0;0.6;0.0;300.0;0.0;0.03;0.0,refused
aero_drag_coefficient,"env_mean_molar_mass at zero, from today",0.0;2.0;0.6;0.0;300.0;0.0;0.0;0.0,refused
aero_drag_coefficient,"env_mean_molar_mass at not a number, from today",0.0;2.0;0.6;0.0;300.0;0.0;NaN;0.0,refused
aero_drag_coefficient,"env_knudsen at lower end, from today",0.0;2.0;0.6;0.0;300.0;0.0;0.0;10.0,refused
aero_drag_coefficient,"env_knudsen at upper end, from today",0.0;2.0;0.6;0.0;300.0;0.0;0.0;1000000000000.0,refused
aero_drag_coefficient,"env_knudsen at zero, from today",0.0;2.0;0.6;0.0;300.0;0.0;0.0;0.0,refused
aero_drag_coefficient,"env_knudsen at not a number, from today",0.0;2.0;0.6;0.0;300.0;0.0;0.0;NaN,refused
aero_drag_coefficient,"aero_speed_ratio at lower end, from the middle",1.0;5.15;1.55;0.5;325.0;7600.0;0.016;3162277.6601683795,refused
aero_drag_coefficient,"aero_speed_ratio at upper end, from the middle",30.0;5.15;1.55;0.5;325.0;7600.0;0.016;3162277.6601683795,3.3295060820496354
aero_drag_coefficient,"aero_speed_ratio at zero, from the middle",0.0;5.15;1.55;0.5;325.0;7600.0;0.016;3162277.6601683795,refused
aero_drag_coefficient,"aero_speed_ratio at not a number, from the middle",NaN;5.15;1.55;0.5;325.0;7600.0;0.016;3162277.6601683795,refused
aero_drag_coefficient,"aero_body_length at lower end, from the middle",15.5;0.3;1.55;0.5;325.0;7600.0;0.016;3162277.6601683795,2.925470433532507
aero_drag_coefficient,"aero_body_length at upper end, from the middle",15.5;10.0;1.55;0.5;325.0;7600.0;0.016;3162277.6601683795,3.8926791338498665
aero_drag_coefficient,"aero_body_length at zero, from the middle",15.5;0.0;1.55;0.5;325.0;7600.0;0.016;3162277.6601683795,2.895556762388671
aero_drag_coefficient,"aero_body_length at not a number, from the middle",15.5;NaN;1.55;0.5;325.0;7600.0;0.016;3162277.6601683795,refused
aero_drag_coefficient,"aero_body_diameter at lower end, from the middle",15.5;5.15;0.1;0.5;325.0;7600.0;0.016;3162277.6601683795,refused
aero_drag_coefficient,"aero_body_diameter at upper end, from the middle",15.5;5.15;3.0;0.5;325.0;7600.0;0.016;3162277.6601683795,3.160874406728304
aero_drag_coefficient,"aero_body_diameter at zero, from the middle",15.5;5.15;0.0;0.5;325.0;7600.0;0.016;3162277.6601683795,refused
aero_drag_coefficient,"aero_body_diameter at not a number, from the middle",15.5;5.15;NaN;0.5;325.0;7600.0;0.016;3162277.6601683795,refused
aero_drag_coefficient,"aero_accommodation at lower end, from the middle",15.5;5.15;1.55;0.0;325.0;7600.0;0.016;3162277.6601683795,3.773869396799339
aero_drag_coefficient,"aero_accommodation at upper end, from the middle",15.5;5.15;1.55;1.0;325.0;7600.0;0.016;3162277.6601683795,2.647218630581445
aero_drag_coefficient,"aero_accommodation at zero, from the middle",15.5;5.15;1.55;0.0;325.0;7600.0;0.016;3162277.6601683795,3.773869396799339
aero_drag_coefficient,"aero_accommodation at not a number, from the middle",15.5;5.15;1.55;NaN;325.0;7600.0;0.016;3162277.6601683795,refused
aero_drag_coefficient,"env_wall_temperature at lower end, from the middle",15.5;5.15;1.55;0.5;150.0;7600.0;0.016;3162277.6601683795,3.406273941367546
aero_drag_coefficient,"env_wall_temperature at upper end, from the middle",15.5;5.15;1.55;0.5;500.0;7600.0;0.016;3162277.6601683795,3.4118669219607165
aero_drag_coefficient,"env_wall_temperature at zero, from the middle",15.5;5.15;1.55;0.5;0.0;7600.0;0.016;3162277.6601683795,3.403866229603659
aero_drag_coefficient,"env_wall_temperature at not a number, from the middle",15.5;5.15;1.55;0.5;NaN;7600.0;0.016;3162277.6601683795,refused
aero_drag_coefficient,"orbit_velocity at lower end, from the middle",15.5;5.15;1.55;0.5;325.0;7000.0;0.016;3162277.6601683795,3.4100027673538587
aero_drag_coefficient,"orbit_velocity at upper end, from the middle",15.5;5.15;1.55;0.5;325.0;8200.0;0.016;3162277.6601683795,3.408342272556944
aero_drag_coefficient,"orbit_velocity at zero, from the middle",15.5;5.15;1.55;0.5;325.0;0.0;0.016;3162277.6601683795,refused
aero_drag_coefficient,"orbit_velocity at not a number, from the middle",15.5;5.15;1.55;0.5;325.0;NaN;0.016;3162277.6601683795,refused
aero_drag_coefficient,"env_mean_molar_mass at lower end, from the middle",15.5;5.15;1.55;0.5;325.0;7600.0;0.002;3162277.6601683795,3.4447218322498503
aero_drag_coefficient,"env_mean_molar_mass at upper end, from the middle",15.5;5.15;1.55;0.5;325.0;7600.0;0.03;3162277.6601683795,3.4066478928433317
aero_drag_coefficient,"env_mean_molar_mass at zero, from the middle",15.5;5.15;1.55;0.5;325.0;7600.0;0.0;3162277.6601683795,refused
aero_drag_coefficient,"env_mean_molar_mass at not a number, from the middle",15.5;5.15;1.55;0.5;325.0;7600.0;NaN;3162277.6601683795,refused
aero_drag_coefficient,"env_knudsen at lower end, from the middle",15.5;5.15;1.55;0.5;325.0;7600.0;0.016;10.0,3.4090747836911865
aero_drag_coefficient,"env_knudsen at upper end, from the middle",15.5;5.15;1.55;0.5;325.0;7600.0;0.016;1000000000000.0,3.4090747836911865
aero_drag_coefficient,"env_knudsen at zero, from the middle",15.5;5.15;1.55;0.5;325.0;7600.0;0.016;0.0,3.4090747836911865
aero_drag_coefficient,"env_knudsen at not a number, from the middle",15.5;5.15;1.55;0.5;325.0;7600.0;0.016;NaN,3.4090747836911865
aero_drag_force,"today",0.0;0.0;0.0,0.0
aero_drag_force,"the middle of every range",0.5;3.25;0.31622776601683794,0.5138701197773616
aero_drag_force,"case «250 km, baseline vehicle»",0.0019938;2.85807;0.3327,0.0018958643226882
aero_drag_force,"aero_dynamic_pressure at lower end, from today",0.0;0.0;0.0,0.0
aero_drag_force,"aero_dynamic_pressure at upper end, from today",1.0;0.0;0.0,0.0
aero_drag_force,"aero_dynamic_pressure at zero, from today",0.0;0.0;0.0,0.0
aero_drag_force,"aero_dynamic_pressure at not a number, from today",NaN;0.0;0.0,refused
aero_drag_force,"aero_drag_coefficient at lower end, from today",0.0;1.5;0.0,0.0
aero_drag_force,"aero_drag_coefficient at upper end, from today",0.0;5.0;0.0,0.0
aero_drag_force,"aero_drag_coefficient at zero, from today",0.0;0.0;0.0,0.0
aero_drag_force,"aero_drag_coefficient at not a number, from today",0.0;NaN;0.0,refused
aero_drag_force,"aero_frontal_area at lower end, from today",0.0;0.0;0.005,0.0
aero_drag_force,"aero_frontal_area at upper end, from today",0.0;0.0;20.0,0.0
aero_drag_force,"aero_frontal_area at zero, from today",0.0;0.0;0.0,0.0
aero_drag_force,"aero_frontal_area at not a number, from today",0.0;0.0;NaN,refused
aero_drag_force,"aero_dynamic_pressure at lower end, from the middle",0.0;3.25;0.31622776601683794,0.0
aero_drag_force,"aero_dynamic_pressure at upper end, from the middle",1.0;3.25;0.31622776601683794,1.0277402395547233
aero_drag_force,"aero_dynamic_pressure at zero, from the middle",0.0;3.25;0.31622776601683794,0.0
aero_drag_force,"aero_dynamic_pressure at not a number, from the middle",NaN;3.25;0.31622776601683794,refused
aero_drag_force,"aero_drag_coefficient at lower end, from the middle",0.5;1.5;0.31622776601683794,0.23717082451262844
aero_drag_force,"aero_drag_coefficient at upper end, from the middle",0.5;5.0;0.31622776601683794,0.7905694150420949
aero_drag_force,"aero_drag_coefficient at zero, from the middle",0.5;0.0;0.31622776601683794,0.0
aero_drag_force,"aero_drag_coefficient at not a number, from the middle",0.5;NaN;0.31622776601683794,refused
aero_drag_force,"aero_frontal_area at lower end, from the middle",0.5;3.25;0.005,0.008125
aero_drag_force,"aero_frontal_area at upper end, from the middle",0.5;3.25;20.0,refused
aero_drag_force,"aero_frontal_area at zero, from the middle",0.5;3.25;0.0,0.0
aero_drag_force,"aero_frontal_area at not a number, from the middle",0.5;3.25;NaN,refused
aero_dynamic_pressure,"today",0.0;0.0,0.0
aero_dynamic_pressure,"the middle of every range",3.1622776601683794e-11;7600.0,0.0009132657882566281
aero_dynamic_pressure,"env_mass_density at lower end, from today",1e-15;0.0,0.0
aero_dynamic_pressure,"env_mass_density at upper end, from today",1e-6;0.0,0.0
aero_dynamic_pressure,"env_mass_density at zero, from today",0.0;0.0,0.0
aero_dynamic_pressure,"env_mass_density at not a number, from today",NaN;0.0,refused
aero_dynamic_pressure,"orbit_velocity at lower end, from today",0.0;7000.0,0.0
aero_dynamic_pressure,"orbit_velocity at upper end, from today",0.0;8200.0,0.0
aero_dynamic_pressure,"orbit_velocity at zero, from today",0.0;0.0,0.0
aero_dynamic_pressure,"orbit_velocity at not a number, from today",0.0;NaN,refused
aero_dynamic_pressure,"env_mass_density at lower end, from the middle",1e-15;7600.0,2.888e-8
aero_dynamic_pressure,"env_mass_density at upper end, from the middle",1e-6;7600.0,refused
aero_dynamic_pressure,"env_mass_density at zero, from the middle",0.0;7600.0,0.0
aero_dynamic_pressure,"env_mass_density at not a number, from the middle",NaN;7600.0,refused
aero_dynamic_pressure,"orbit_velocity at lower end, from the middle",3.1622776601683794e-11;7000.0,0.0007747580267412529
aero_dynamic_pressure,"orbit_velocity at upper end, from the middle",3.1622776601683794e-11;8200.0,0.0010631577493486091
aero_dynamic_pressure,"orbit_velocity at zero, from the middle",3.1622776601683794e-11;0.0,0.0
aero_dynamic_pressure,"orbit_velocity at not a number, from the middle",3.1622776601683794e-11;NaN,refused
aero_frontal_area,"today",0.6;0.05,0.3327433388230814
aero_frontal_area,"the middle of every range",1.55;2.5,4.38691908756237
aero_frontal_area,"aero_body_diameter at lower end, from today",0.1;0.05,0.05785398163397448
aero_frontal_area,"aero_body_diameter at upper end, from today",3.0;0.05,7.118583470577034
aero_frontal_area,"aero_body_diameter at zero, from today",0.0;0.05,0.05
aero_frontal_area,"aero_body_diameter at not a number, from today",NaN;0.05,refused
aero_frontal_area,"aero_appendage_area at lower end, from today",0.6;0.0,0.2827433388230814
aero_frontal_area,"aero_appendage_area at upper end, from today",0.6;5.0,5.282743338823082
aero_frontal_area,"aero_appendage_area at zero, from today",0.6;0.0,0.2827433388230814
aero_frontal_area,"aero_appendage_area at not a number, from today",0.6;NaN,refused
aero_frontal_area,"aero_body_diameter at lower end, from the middle",0.1;2.5,2.5078539816339744
aero_frontal_area,"aero_body_diameter at upper end, from the middle",3.0;2.5,9.568583470577035
aero_frontal_area,"aero_body_diameter at zero, from the middle",0.0;2.5,2.5
aero_frontal_area,"aero_body_diameter at not a number, from the middle",NaN;2.5,refused
aero_frontal_area,"aero_appendage_area at lower end, from the middle",1.55;0.0,1.8869190875623696
aero_frontal_area,"aero_appendage_area at upper end, from the middle",1.55;5.0,6.88691908756237
aero_frontal_area,"aero_appendage_area at zero, from the middle",1.55;0.0,1.8869190875623696
aero_frontal_area,"aero_appendage_area at not a number, from the middle",1.55;NaN,refused
aero_speed_ratio,"today",0.0;0.0;0.0,refused
aero_speed_ratio,"the middle of every range",7600.0;1350.0;0.016,6.416151483973161
aero_speed_ratio,"case «250 km, moderate activity»",7754.6;905.8;0.01872,8.644981624510894
aero_speed_ratio,"orbit_velocity at lower end, from today",7000.0;0.0;0.0,refused
aero_speed_ratio,"orbit_velocity at upper end, from today",8200.0;0.0;0.0,refused
aero_speed_ratio,"orbit_velocity at zero, from today",0.0;0.0;0.0,refused
aero_speed_ratio,"orbit_velocity at not a number, from today",NaN;0.0;0.0,refused
aero_speed_ratio,"env_local_temperature at lower end, from today",0.0;200.0;0.0,refused
aero_speed_ratio,"env_local_temperature at upper end, from today",0.0;2500.0;0.0,refused
aero_speed_ratio,"env_local_temperature at zero, from today",0.0;0.0;0.0,refused
aero_speed_ratio,"env_local_temperature at not a number, from today",0.0;NaN;0.0,refused
aero_speed_ratio,"env_mean_molar_mass at lower end, from today",0.0;0.0;0.002,refused
aero_speed_ratio,"env_mean_molar_mass at upper end, from today",0.0;0.0;0.03,refused
aero_speed_ratio,"env_mean_molar_mass at zero, from today",0.0;0.0;0.0,refused
aero_speed_ratio,"env_mean_molar_mass at not a number, from today",0.0;0.0;NaN,refused
aero_speed_ratio,"orbit_velocity at lower end, from the middle",7000.0;1350.0;0.016,5.909613208922648
aero_speed_ratio,"orbit_velocity at upper end, from the middle",8200.0;1350.0;0.016,6.922689759023673
aero_speed_ratio,"orbit_velocity at zero, from the middle",0.0;1350.0;0.016,refused
aero_speed_ratio,"orbit_velocity at not a number, from the middle",NaN;1350.0;0.016,refused
aero_speed_ratio,"env_local_temperature at lower end, from the middle",7600.0;200.0;0.016,16.66965053894995
aero_speed_ratio,"env_local_temperature at upper end, from the middle",7600.0;2500.0;0.016,4.714889174440597
aero_speed_ratio,"env_local_temperature at zero, from the middle",7600.0;0.0;0.016,refused
aero_speed_ratio,"env_local_temperature at not a number, from the middle",7600.0;NaN;0.016,refused
aero_speed_ratio,"env_mean_molar_mass at lower end, from the middle",7600.0;1350.0;0.002,2.2684521117187764
aero_speed_ratio,"env_mean_molar_mass at upper end, from the middle",7600.0;1350.0;0.03,8.785677250355866
aero_speed_ratio,"env_mean_molar_mass at zero, from the middle",7600.0;1350.0;0.0,refused
aero_speed_ratio,"env_mean_molar_mass at not a number, from the middle",7600.0;1350.0;NaN,refused
aero_torque,"today",0.0;0.15,0.0
aero_torque,"the middle of every range",5.0;1.0,refused
aero_torque,"aero_drag_force at lower end, from today",0.0;0.15,0.0
aero_torque,"aero_drag_force at upper end, from today",10.0;0.15,refused
aero_torque,"aero_drag_force at zero, from today",0.0;0.15,0.0
aero_torque,"aero_drag_force at not a number, from today",NaN;0.15,refused
aero_torque,"aero_cp_cm_offset at lower end, from today",0.0;0.0,0.0
aero_torque,"aero_cp_cm_offset at upper end, from today",0.0;2.0,0.0
aero_torque,"aero_cp_cm_offset at zero, from today",0.0;0.0,0.0
aero_torque,"aero_cp_cm_offset at not a number, from today",0.0;NaN,refused
aero_torque,"aero_drag_force at lower end, from the middle",0.0;1.0,0.0
aero_torque,"aero_drag_force at upper end, from the middle",10.0;1.0,refused
aero_torque,"aero_drag_force at zero, from the middle",0.0;1.0,0.0
aero_torque,"aero_drag_force at not a number, from the middle",NaN;1.0,refused
aero_torque,"aero_cp_cm_offset at lower end, from the middle",5.0;0.0,0.0
aero_torque,"aero_cp_cm_offset at upper end, from the middle",5.0;2.0,refused
aero_torque,"aero_cp_cm_offset at zero, from the middle",5.0;0.0,0.0
aero_torque,"aero_cp_cm_offset at not a number, from the middle",5.0;NaN,refused
com_antenna_gain,"today",0.3;8199999999.999999;0.6,26.00679804122814
com_antenna_gain,"the middle of every range",1.01;2000000000.0;0.55,23.91723767919904
com_antenna_gain,"case «0.3 m at 8.2 GHz, 60% efficient»",0.3;8200000000.0;0.6,26.006798041228144
com_antenna_gain,"com_antenna_diameter at lower end, from today",0.02;8199999999.999999;0.6,2.484972860114519
com_antenna_gain,"com_antenna_diameter at upper end, from today",2.0;8199999999.999999;0.6,42.48497286011451
com_antenna_gain,"com_antenna_diameter at zero, from today",0.0;8199999999.999999;0.6,refused
com_antenna_gain,"com_antenna_diameter at not a number, from today",NaN;8199999999.999999;0.6,refused
com_antenna_gain,"com_frequency at lower end, from today",0.3;100000000.0;0.6,refused
com_antenna_gain,"com_frequency at upper end, from today",0.3;40000000000.0;0.6,39.77172082011306
com_antenna_gain,"com_frequency at zero, from today",0.3;0.0;0.6,refused
com_antenna_gain,"com_frequency at not a number, from today",0.3;NaN;0.6,refused
com_antenna_gain,"com_antenna_efficiency at lower end, from today",0.3;8199999999.999999;0.2,21.235585494031515
com_antenna_gain,"com_antenna_efficiency at upper end, from today",0.3;8199999999.999999;0.9,27.767710631784954
com_antenna_gain,"com_antenna_efficiency at zero, from today",0.3;8199999999.999999;0.0,refused
com_antenna_gain,"com_antenna_efficiency at not a number, from today",0.3;8199999999.999999;NaN,refused
com_antenna_gain,"com_antenna_diameter at lower end, from the middle",0.02;2000000000.0;0.55,refused
com_antenna_gain,"com_antenna_diameter at upper end, from the middle",2.0;2000000000.0;0.55,29.85141011682581
com_antenna_gain,"com_antenna_diameter at zero, from the middle",0.0;2000000000.0;0.55,refused
com_antenna_gain,"com_antenna_diameter at not a number, from the middle",NaN;2000000000.0;0.55,refused
com_antenna_gain,"com_frequency at lower end, from the middle",1.01;100000000.0;0.55,-2.103362234080584
com_antenna_gain,"com_frequency at upper end, from the middle",1.01;40000000000.0;0.55,49.93783759247866
com_antenna_gain,"com_frequency at zero, from the middle",1.01;0.0;0.55,refused
com_antenna_gain,"com_frequency at not a number, from the middle",1.01;NaN;0.55,refused
com_antenna_gain,"com_antenna_efficiency at lower end, from the middle",1.01;2000000000.0;0.2,19.52391074089641
com_antenna_gain,"com_antenna_efficiency at upper end, from the middle",1.01;2000000000.0;0.9,26.05603587864985
com_antenna_gain,"com_antenna_efficiency at zero, from the middle",1.01;2000000000.0;0.0,refused
com_antenna_gain,"com_antenna_efficiency at not a number, from the middle",1.01;2000000000.0;NaN,refused
com_cn0,"today",0.0;0.0;1.8;0.0,refused
com_cn0,"the middle of every range",35.0;175.0;7.5;15.0,96.09916717321764
com_cn0,"com_eirp at lower end, from today",-20.0;0.0;1.8;0.0,refused
com_cn0,"com_eirp at upper end, from today",90.0;0.0;1.8;0.0,refused
com_cn0,"com_eirp at zero, from today",0.0;0.0;1.8;0.0,refused
com_cn0,"com_eirp at not a number, from today",NaN;0.0;1.8;0.0,refused
com_cn0,"com_path_loss at lower end, from today",0.0;100.0;1.8;0.0,refused
com_cn0,"com_path_loss at upper end, from today",0.0;250.0;1.8;0.0,refused
com_cn0,"com_path_loss at zero, from today",0.0;0.0;1.8;0.0,refused
com_cn0,"com_path_loss at not a number, from today",0.0;NaN;1.8;0.0,refused
com_cn0,"com_atmospheric_loss at lower end, from today",0.0;0.0;0.0;0.0,refused
com_cn0,"com_atmospheric_loss at upper end, from today",0.0;0.0;15.0;0.0,refused
com_cn0,"com_atmospheric_loss at zero, from today",0.0;0.0;0.0;0.0,refused
com_cn0,"com_atmospheric_loss at not a number, from today",0.0;0.0;NaN;0.0,refused
com_cn0,"com_g_over_t at lower end, from today",0.0;0.0;1.8;-30.0,refused
com_cn0,"com_g_over_t at upper end, from today",0.0;0.0;1.8;60.0,refused
com_cn0,"com_g_over_t at zero, from today",0.0;0.0;1.8;0.0,refused
com_cn0,"com_g_over_t at not a number, from today",0.0;0.0;1.8;NaN,refused
com_cn0,"com_eirp at lower end, from the middle",-20.0;175.0;7.5;15.0,41.09916717321764
com_cn0,"com_eirp at upper end, from the middle",90.0;175.0;7.5;15.0,refused
com_cn0,"com_eirp at zero, from the middle",0.0;175.0;7.5;15.0,61.09916717321764
com_cn0,"com_eirp at not a number, from the middle",NaN;175.0;7.5;15.0,refused
com_cn0,"com_path_loss at lower end, from the middle",35.0;100.0;7.5;15.0,refused
com_cn0,"com_path_loss at upper end, from the middle",35.0;250.0;7.5;15.0,21.099167173217637
com_cn0,"com_path_loss at zero, from the middle",35.0;0.0;7.5;15.0,refused
com_cn0,"com_path_loss at not a number, from the middle",35.0;NaN;7.5;15.0,refused
com_cn0,"com_atmospheric_loss at lower end, from the middle",35.0;175.0;0.0;15.0,103.59916717321764
com_cn0,"com_atmospheric_loss at upper end, from the middle",35.0;175.0;15.0;15.0,88.59916717321764
com_cn0,"com_atmospheric_loss at zero, from the middle",35.0;175.0;0.0;15.0,103.59916717321764
com_cn0,"com_atmospheric_loss at not a number, from the middle",35.0;175.0;NaN;15.0,refused
com_cn0,"com_g_over_t at lower end, from the middle",35.0;175.0;7.5;-30.0,51.09916717321764
com_cn0,"com_g_over_t at upper end, from the middle",35.0;175.0;7.5;60.0,refused
com_cn0,"com_g_over_t at zero, from the middle",35.0;175.0;7.5;0.0,81.09916717321764
com_cn0,"com_g_over_t at not a number, from the middle",35.0;175.0;7.5;NaN,refused
com_contact_time,"today",0.0;0.0,0.0
com_contact_time,"the middle of every range",0.7504915783575618;5610.0,1340.1666666666667
com_contact_time,"orbit_earth_central_angle at lower end, from today",0.0;0.0,0.0
com_contact_time,"orbit_earth_central_angle at upper end, from today",1.5009831567151235;0.0,0.0
com_contact_time,"orbit_earth_central_angle at zero, from today",0.0;0.0,0.0
com_contact_time,"orbit_earth_central_angle at not a number, from today",NaN;0.0,refused
com_contact_time,"orbit_period at lower end, from today",0.0;4980.0,0.0
com_contact_time,"orbit_period at upper end, from today",0.0;6240.0,0.0
com_contact_time,"orbit_period at zero, from today",0.0;0.0,0.0
com_contact_time,"orbit_period at not a number, from today",0.0;NaN,refused
com_contact_time,"orbit_earth_central_angle at lower end, from the middle",0.0;5610.0,0.0
com_contact_time,"orbit_earth_central_angle at upper end, from the middle",1.5009831567151235;5610.0,2680.3333333333335
com_contact_time,"orbit_earth_central_angle at zero, from the middle",0.0;5610.0,0.0
com_contact_time,"orbit_earth_central_angle at not a number, from the middle",NaN;5610.0,refused
com_contact_time,"orbit_period at lower end, from the middle",0.7504915783575618;4980.0,1189.6666666666667
com_contact_time,"orbit_period at upper end, from the middle",0.7504915783575618;6240.0,1490.666666666667
com_contact_time,"orbit_period at zero, from the middle",0.7504915783575618;0.0,0.0
com_contact_time,"orbit_period at not a number, from the middle",0.7504915783575618;NaN,refused
com_daily_volume,"today",0.0;9.0,0.0
com_daily_volume,"the middle of every range",500000000000000.0;5.477225575051661,2601682148149539.0
com_daily_volume,"com_pass_volume at lower end, from today",0.0;9.0,0.0
com_daily_volume,"com_pass_volume at upper end, from today",1000000000000000.0;9.0,8550000000000000.0
com_daily_volume,"com_pass_volume at zero, from today",0.0;9.0,0.0
com_daily_volume,"com_pass_volume at not a number, from today",NaN;9.0,refused
com_daily_volume,"com_passes_per_day at lower end, from today",0.0;0.5,0.0
com_daily_volume,"com_passes_per_day at upper end, from today",0.0;60.0,0.0
com_daily_volume,"com_passes_per_day at zero, from today",0.0;0.0,0.0
com_daily_volume,"com_passes_per_day at not a number, from today",0.0;NaN,refused
com_daily_volume,"com_pass_volume at lower end, from the middle",0.0;5.477225575051661,0.0
com_daily_volume,"com_pass_volume at upper end, from the middle",1000000000000000.0;5.477225575051661,5203364296299078.0
com_daily_volume,"com_pass_volume at zero, from the middle",0.0;5.477225575051661,0.0
com_daily_volume,"com_pass_volume at not a number, from the middle",NaN;5.477225575051661,refused
com_daily_volume,"com_passes_per_day at lower end, from the middle",500000000000000.0;0.5,237500000000000.0
com_daily_volume,"com_passes_per_day at upper end, from the middle",500000000000000.0;60.0,refused
com_daily_volume,"com_passes_per_day at zero, from the middle",500000000000000.0;0.0,0.0
com_daily_volume,"com_passes_per_day at not a number, from the middle",500000000000000.0;NaN,refused
com_data_rate,"today",0.0;4.5;1.5;3.0,refused
com_data_rate,"the middle of every range",70.0;10.0;3.0;6.0,125892.5411794164
com_data_rate,"com_cn0 at lower end, from today",20.0;4.5;1.5;3.0,refused
com_data_rate,"com_cn0 at upper end, from today",120.0;4.5;1.5;3.0,refused
com_data_rate,"com_cn0 at zero, from today",0.0;4.5;1.5;3.0,refused
com_data_rate,"com_cn0 at not a number, from today",NaN;4.5;1.5;3.0,refused
com_data_rate,"com_required_ebn0 at lower end, from today",0.0;0.0;1.5;3.0,refused
com_data_rate,"com_required_ebn0 at upper end, from today",0.0;20.0;1.5;3.0,refused
com_data_rate,"com_required_ebn0 at zero, from today",0.0;0.0;1.5;3.0,refused
com_data_rate,"com_required_ebn0 at not a number, from today",0.0;NaN;1.5;3.0,refused
com_data_rate,"com_implementation_loss at lower end, from today",0.0;4.5;0.0;3.0,refused
com_data_rate,"com_implementation_loss at upper end, from today",0.0;4.5;6.0;3.0,refused
com_data_rate,"com_implementation_loss at zero, from today",0.0;4.5;0.0;3.0,refused
com_data_rate,"com_implementation_loss at not a number, from today",0.0;4.5;NaN;3.0,refused
com_data_rate,"com_link_margin_required at lower end, from today",0.0;4.5;1.5;0.0,refused
com_data_rate,"com_link_margin_required at upper end, from today",0.0;4.5;1.5;12.0,refused
com_data_rate,"com_link_margin_required at zero, from today",0.0;4.5;1.5;0.0,refused
com_data_rate,"com_link_margin_required at not a number, from today",0.0;4.5;1.5;NaN,refused
com_data_rate,"com_cn0 at lower end, from the middle",20.0;10.0;3.0;6.0,refused
com_data_rate,"com_cn0 at upper end, from the middle",120.0;10.0;3.0;6.0,12589254117.94162
com_data_rate,"com_cn0 at zero, from the middle",0.0;10.0;3.0;6.0,refused
com_data_rate,"com_cn0 at not a number, from the middle",NaN;10.0;3.0;6.0,refused
com_data_rate,"com_required_ebn0 at lower end, from the middle",70.0;0.0;3.0;6.0,1258925.4117941654
com_data_rate,"com_required_ebn0 at upper end, from the middle",70.0;20.0;3.0;6.0,12589.25411794165
com_data_rate,"com_required_ebn0 at zero, from the middle",70.0;0.0;3.0;6.0,1258925.4117941654
com_data_rate,"com_required_ebn0 at not a number, from the middle",70.0;NaN;3.0;6.0,refused
com_data_rate,"com_implementation_loss at lower end, from the middle",70.0;10.0;0.0;6.0,251188.643150958
com_data_rate,"com_implementation_loss at upper end, from the middle",70.0;10.0;6.0;6.0,63095.73444801923
com_data_rate,"com_implementation_loss at zero, from the middle",70.0;10.0;0.0;6.0,251188.643150958
com_data_rate,"com_implementation_loss at not a number, from the middle",70.0;10.0;NaN;6.0,refused
com_data_rate,"com_link_margin_required at lower end, from the middle",70.0;10.0;3.0;0.0,501187.2336272717
com_data_rate,"com_link_margin_required at upper end, from the middle",70.0;10.0;3.0;12.0,31622.77660168378
com_data_rate,"com_link_margin_required at zero, from the middle",70.0;10.0;3.0;0.0,501187.2336272717
com_data_rate,"com_link_margin_required at not a number, from the middle",70.0;10.0;3.0;NaN,refused
com_doppler,"today",8199999999.999999;0.0,0.0
com_doppler,"the middle of every range",2000000000.0;7000.0,46698.97332774129
com_doppler,"com_frequency at lower end, from today",100000000.0;0.0,0.0
com_doppler,"com_frequency at upper end, from today",40000000000.0;0.0,0.0
com_doppler,"com_frequency at zero, from today",0.0;0.0,0.0
com_doppler,"com_frequency at not a number, from today",NaN;0.0,refused
com_doppler,"orbit_ground_track_speed at lower end, from today",8199999999.999999;6000.0,164113.5348374908
com_doppler,"orbit_ground_track_speed at upper end, from today",8199999999.999999;8000.0,218818.0464499877
com_doppler,"orbit_ground_track_speed at zero, from today",8199999999.999999;0.0,0.0
com_doppler,"orbit_ground_track_speed at not a number, from today",8199999999.999999;NaN,refused
com_doppler,"com_frequency at lower end, from the middle",100000000.0;7000.0,2334.9486663870643
com_doppler,"com_frequency at upper end, from the middle",40000000000.0;7000.0,933979.4665548258
com_doppler,"com_frequency at zero, from the middle",0.0;7000.0,0.0
com_doppler,"com_frequency at not a number, from the middle",NaN;7000.0,refused
com_doppler,"orbit_ground_track_speed at lower end, from the middle",2000000000.0;6000.0,40027.69142377825
com_doppler,"orbit_ground_track_speed at upper end, from the middle",2000000000.0;8000.0,53370.25523170433
com_doppler,"orbit_ground_track_speed at zero, from the middle",2000000000.0;0.0,0.0
com_doppler,"orbit_ground_track_speed at not a number, from the middle",2000000000.0;NaN,refused
com_ebn0,"today",0.0;0.0,refused
com_ebn0,"the middle of every range",70.0;10000000.0,0.0
com_ebn0,"com_cn0 at lower end, from today",20.0;0.0,refused
com_ebn0,"com_cn0 at upper end, from today",120.0;0.0,refused
com_ebn0,"com_cn0 at zero, from today",0.0;0.0,refused
com_ebn0,"com_cn0 at not a number, from today",NaN;0.0,refused
com_ebn0,"com_data_rate at lower end, from today",0.0;1000.0,refused
com_ebn0,"com_data_rate at upper end, from today",0.0;100000000000.0,refused
com_ebn0,"com_data_rate at zero, from today",0.0;0.0,refused
com_ebn0,"com_data_rate at not a number, from today",0.0;NaN,refused
com_ebn0,"com_cn0 at lower end, from the middle",20.0;10000000.0,refused
com_ebn0,"com_cn0 at upper end, from the middle",120.0;10000000.0,refused
com_ebn0,"com_cn0 at zero, from the middle",0.0;10000000.0,refused
com_ebn0,"com_cn0 at not a number, from the middle",NaN;10000000.0,refused
com_ebn0,"com_data_rate at lower end, from the middle",70.0;1000.0,40.0
com_ebn0,"com_data_rate at upper end, from the middle",70.0;100000000000.0,refused
com_ebn0,"com_data_rate at zero, from the middle",70.0;0.0,refused
com_ebn0,"com_data_rate at not a number, from the middle",70.0;NaN,refused
com_eirp,"today",8.0;0.0;1.2,7.830899869919434
com_eirp,"the middle of every range",4.47213595499958;35.0;3.0,38.505149978319906
com_eirp,"com_tx_power at lower end, from today",0.1;0.0;1.2,-11.199999999999998
com_eirp,"com_tx_power at upper end, from today",200.0;0.0;1.2,21.81029995663981
com_eirp,"com_tx_power at zero, from today",0.0;0.0;1.2,refused
com_eirp,"com_tx_power at not a number, from today",NaN;0.0;1.2,refused
com_eirp,"com_antenna_gain at lower end, from today",8.0;-10.0;1.2,-2.169100130080566
com_eirp,"com_antenna_gain at upper end, from today",8.0;80.0;1.2,87.83089986991943
com_eirp,"com_antenna_gain at zero, from today",8.0;0.0;1.2,7.830899869919434
com_eirp,"com_antenna_gain at not a number, from today",8.0;NaN;1.2,refused
com_eirp,"com_line_loss at lower end, from today",8.0;0.0;0.0,9.030899869919434
com_eirp,"com_line_loss at upper end, from today",8.0;0.0;6.0,3.030899869919434
com_eirp,"com_line_loss at zero, from today",8.0;0.0;0.0,9.030899869919434
com_eirp,"com_line_loss at not a number, from today",8.0;0.0;NaN,refused
com_eirp,"com_tx_power at lower end, from the middle",0.1;35.0;3.0,22.0
com_eirp,"com_tx_power at upper end, from the middle",200.0;35.0;3.0,55.01029995663981
com_eirp,"com_tx_power at zero, from the middle",0.0;35.0;3.0,refused
com_eirp,"com_tx_power at not a number, from the middle",NaN;35.0;3.0,refused
com_eirp,"com_antenna_gain at lower end, from the middle",4.47213595499958;-10.0;3.0,-6.494850021680095
com_eirp,"com_antenna_gain at upper end, from the middle",4.47213595499958;80.0;3.0,83.5051499783199
com_eirp,"com_antenna_gain at zero, from the middle",4.47213595499958;0.0;3.0,3.5051499783199054
com_eirp,"com_antenna_gain at not a number, from the middle",4.47213595499958;NaN;3.0,refused
com_eirp,"com_line_loss at lower end, from the middle",4.47213595499958;35.0;0.0,41.505149978319906
com_eirp,"com_line_loss at upper end, from the middle",4.47213595499958;35.0;6.0,35.505149978319906
com_eirp,"com_line_loss at zero, from the middle",4.47213595499958;35.0;0.0,41.505149978319906
com_eirp,"com_line_loss at not a number, from the middle",4.47213595499958;35.0;NaN,refused
com_g_over_t,"today",0.0;0.0,refused
com_g_over_t,"the middle of every range",40.0;173.20508075688772,17.61439372640169
com_g_over_t,"com_gs_gain at lower end, from today",0.0;0.0,refused
com_g_over_t,"com_gs_gain at upper end, from today",80.0;0.0,refused
com_g_over_t,"com_gs_gain at zero, from today",0.0;0.0,refused
com_g_over_t,"com_gs_gain at not a number, from today",NaN;0.0,refused
com_g_over_t,"com_system_noise_temperature at lower end, from today",0.0;10.0,-9.999999999999998
com_g_over_t,"com_system_noise_temperature at upper end, from today",0.0;3000.0,refused
com_g_over_t,"com_system_noise_temperature at zero, from today",0.0;0.0,refused
com_g_over_t,"com_system_noise_temperature at not a number, from today",0.0;NaN,refused
com_g_over_t,"com_gs_gain at lower end, from the middle",0.0;173.20508075688772,-22.38560627359831
com_g_over_t,"com_gs_gain at upper end, from the middle",80.0;173.20508075688772,57.61439372640169
com_g_over_t,"com_gs_gain at zero, from the middle",0.0;173.20508075688772,-22.38560627359831
com_g_over_t,"com_gs_gain at not a number, from the middle",NaN;173.20508075688772,refused
com_g_over_t,"com_system_noise_temperature at lower end, from the middle",40.0;10.0,30.0
com_g_over_t,"com_system_noise_temperature at upper end, from the middle",40.0;3000.0,5.228787452803381
com_g_over_t,"com_system_noise_temperature at zero, from the middle",40.0;0.0,refused
com_g_over_t,"com_system_noise_temperature at not a number, from the middle",40.0;NaN,refused
com_gs_gain,"today",5.4;8199999999.999999;0.6,51.11224814329426
com_gs_gain,"the middle of every range",17.75;2000000000.0;0.55,48.81477735136844
com_gs_gain,"com_gs_antenna_diameter at lower end, from today",0.5;8199999999.999999;0.6,30.443773033555267
com_gs_gain,"com_gs_antenna_diameter at upper end, from today",35.0;8199999999.999999;0.6,67.3457338338404
com_gs_gain,"com_gs_antenna_diameter at zero, from today",0.0;8199999999.999999;0.6,refused
com_gs_gain,"com_gs_antenna_diameter at not a number, from today",NaN;8199999999.999999;0.6,refused
com_gs_gain,"com_frequency at lower end, from today",5.4;100000000.0;0.6,12.835971095619932
com_gs_gain,"com_frequency at upper end, from today",5.4;40000000000.0;0.6,64.87717092217918
com_gs_gain,"com_frequency at zero, from today",5.4;0.0;0.6,refused
com_gs_gain,"com_frequency at not a number, from today",5.4;NaN;0.6,refused
com_gs_gain,"com_antenna_efficiency at lower end, from today",5.4;8199999999.999999;0.2,46.34103559609763
com_gs_gain,"com_antenna_efficiency at upper end, from today",5.4;8199999999.999999;0.9,52.87316073385107
com_gs_gain,"com_antenna_efficiency at zero, from today",5.4;8199999999.999999;0.0,refused
com_gs_gain,"com_antenna_efficiency at not a number, from today",5.4;8199999999.999999;NaN,refused
com_gs_gain,"com_gs_antenna_diameter at lower end, from the middle",0.5;2000000000.0;0.55,17.81021029026656
com_gs_gain,"com_gs_antenna_diameter at upper end, from the middle",35.0;2000000000.0;0.55,54.71217109055169
com_gs_gain,"com_gs_antenna_diameter at zero, from the middle",0.0;2000000000.0;0.55,refused
com_gs_gain,"com_gs_antenna_diameter at not a number, from the middle",NaN;2000000000.0;0.55,refused
com_gs_gain,"com_frequency at lower end, from the middle",17.75;100000000.0;0.55,22.79417743808882
com_gs_gain,"com_frequency at upper end, from the middle",17.75;40000000000.0;0.55,74.83537726464807
com_gs_gain,"com_frequency at zero, from the middle",17.75;0.0;0.55,refused
com_gs_gain,"com_frequency at not a number, from the middle",17.75;NaN;0.55,refused
com_gs_gain,"com_antenna_efficiency at lower end, from the middle",17.75;2000000000.0;0.2,44.42145041306581
com_gs_gain,"com_antenna_efficiency at upper end, from the middle",17.75;2000000000.0;0.9,50.95357555081925
com_gs_gain,"com_antenna_efficiency at zero, from the middle",17.75;2000000000.0;0.0,refused
com_gs_gain,"com_antenna_efficiency at not a number, from the middle",17.75;2000000000.0;NaN,refused
com_link_margin,"today",0.0;4.5;1.5,-6.0
com_link_margin,"the middle of every range",15.0;10.0;3.0,2.0
com_link_margin,"com_ebn0 at lower end, from today",-10.0;4.5;1.5,-16.0
com_link_margin,"com_ebn0 at upper end, from today",40.0;4.5;1.5,34.0
com_link_margin,"com_ebn0 at zero, from today",0.0;4.5;1.5,-6.0
com_link_margin,"com_ebn0 at not a number, from today",NaN;4.5;1.5,refused
com_link_margin,"com_required_ebn0 at lower end, from today",0.0;0.0;1.5,-1.5
com_link_margin,"com_required_ebn0 at upper end, from today",0.0;20.0;1.5,-21.5
com_link_margin,"com_required_ebn0 at zero, from today",0.0;0.0;1.5,-1.5
com_link_margin,"com_required_ebn0 at not a number, from today",0.0;NaN;1.5,refused
com_link_margin,"com_implementation_loss at lower end, from today",0.0;4.5;0.0,-4.5
com_link_margin,"com_implementation_loss at upper end, from today",0.0;4.5;6.0,-10.5
com_link_margin,"com_implementation_loss at zero, from today",0.0;4.5;0.0,-4.5
com_link_margin,"com_implementation_loss at not a number, from today",0.0;4.5;NaN,refused
com_link_margin,"com_ebn0 at lower end, from the middle",-10.0;10.0;3.0,-23.0
com_link_margin,"com_ebn0 at upper end, from the middle",40.0;10.0;3.0,27.0
com_link_margin,"com_ebn0 at zero, from the middle",0.0;10.0;3.0,-13.0
com_link_margin,"com_ebn0 at not a number, from the middle",NaN;10.0;3.0,refused
com_link_margin,"com_required_ebn0 at lower end, from the middle",15.0;0.0;3.0,12.0
com_link_margin,"com_required_ebn0 at upper end, from the middle",15.0;20.0;3.0,-8.0
com_link_margin,"com_required_ebn0 at zero, from the middle",15.0;0.0;3.0,12.0
com_link_margin,"com_required_ebn0 at not a number, from the middle",15.0;NaN;3.0,refused
com_link_margin,"com_implementation_loss at lower end, from the middle",15.0;10.0;0.0,5.0
com_link_margin,"com_implementation_loss at upper end, from the middle",15.0;10.0;6.0,-1.0
com_link_margin,"com_implementation_loss at zero, from the middle",15.0;10.0;0.0,5.0
com_link_margin,"com_implementation_loss at not a number, from the middle",15.0;10.0;NaN,refused
com_pass_volume,"today",0.0;0.0,0.0
com_pass_volume,"the middle of every range",10000000.0;1800.0,10800000000.0
com_pass_volume,"com_data_rate at lower end, from today",1000.0;0.0,0.0
com_pass_volume,"com_data_rate at upper end, from today",100000000000.0;0.0,0.0
com_pass_volume,"com_data_rate at zero, from today",0.0;0.0,0.0
com_pass_volume,"com_data_rate at not a number, from today",NaN;0.0,refused
com_pass_volume,"com_contact_time at lower end, from today",0.0;0.0,0.0
com_pass_volume,"com_contact_time at upper end, from today",0.0;3600.0,0.0
com_pass_volume,"com_contact_time at zero, from today",0.0;0.0,0.0
com_pass_volume,"com_contact_time at not a number, from today",0.0;NaN,refused
com_pass_volume,"com_data_rate at lower end, from the middle",1000.0;1800.0,1080000.0
com_pass_volume,"com_data_rate at upper end, from the middle",100000000000.0;1800.0,108000000000000.0
com_pass_volume,"com_data_rate at zero, from the middle",0.0;1800.0,0.0
com_pass_volume,"com_data_rate at not a number, from the middle",NaN;1800.0,refused
com_pass_volume,"com_contact_time at lower end, from the middle",10000000.0;0.0,0.0
com_pass_volume,"com_contact_time at upper end, from the middle",10000000.0;3600.0,21600000000.0
com_pass_volume,"com_contact_time at zero, from the middle",10000000.0;0.0,0.0
com_pass_volume,"com_contact_time at not a number, from the middle",10000000.0;NaN,refused
com_path_loss,"today",0.0;8199999999.999999,refused
com_path_loss,"the middle of every range",2050000.0;2000000000.0,164.70346035627807
com_path_loss,"orbit_slant_range at lower end, from today",100000.0;8199999999.999999,150.7240602695577
com_path_loss,"orbit_slant_range at upper end, from today",4000000.0;8199999999.999999,182.76526009611695
com_path_loss,"orbit_slant_range at zero, from today",0.0;8199999999.999999,refused
com_path_loss,"orbit_slant_range at not a number, from today",NaN;8199999999.999999,refused
com_path_loss,"com_frequency at lower end, from today",0.0;100000000.0,refused
com_path_loss,"com_frequency at upper end, from today",0.0;40000000000.0,refused
com_path_loss,"com_frequency at zero, from today",0.0;0.0,refused
com_path_loss,"com_frequency at not a number, from today",0.0;NaN,refused
com_path_loss,"orbit_slant_range at lower end, from the middle",100000.0;2000000000.0,138.46838313516298
com_path_loss,"orbit_slant_range at upper end, from the middle",4000000.0;2000000000.0,170.50958296172223
com_path_loss,"orbit_slant_range at zero, from the middle",0.0;2000000000.0,refused
com_path_loss,"orbit_slant_range at not a number, from the middle",NaN;2000000000.0,refused
com_path_loss,"com_frequency at lower end, from the middle",2050000.0;100000000.0,138.68286044299845
com_path_loss,"com_frequency at upper end, from the middle",2050000.0;40000000000.0,190.72406026955764
com_path_loss,"com_frequency at zero, from the middle",2050000.0;0.0,refused
com_path_loss,"com_frequency at not a number, from the middle",2050000.0;NaN,refused
com_system_noise_temperature,"today",60.0;1.2,207.82161192464577
com_system_noise_temperature,"the middle of every range",155.0;3.0,314.6341776416763
com_system_noise_temperature,"com_gs_noise_temperature at lower end, from today",10.0;1.2,169.89273317318657
com_system_noise_temperature,"com_gs_noise_temperature at upper end, from today",300.0;1.2,389.88022993164986
com_system_noise_temperature,"com_gs_noise_temperature at zero, from today",0.0;1.2,162.30695742289473
com_system_noise_temperature,"com_gs_noise_temperature at not a number, from today",NaN;1.2,refused
com_system_noise_temperature,"com_line_loss at lower end, from today",60.0;0.0,152.29445418135805
com_system_noise_temperature,"com_line_loss at upper end, from today",60.0;6.0,324.52106625663765
com_system_noise_temperature,"com_line_loss at zero, from today",60.0;0.0,152.29445418135805
com_system_noise_temperature,"com_line_loss at not a number, from today",60.0;NaN,refused
com_system_noise_temperature,"com_gs_noise_temperature at lower end, from the middle",10.0;3.0,241.96202876572175
com_system_noise_temperature,"com_gs_noise_temperature at upper end, from the middle",300.0;3.0,387.3063265176308
com_system_noise_temperature,"com_gs_noise_temperature at zero, from the middle",0.0;3.0,236.95015642944907
com_system_noise_temperature,"com_gs_noise_temperature at not a number, from the middle",NaN;3.0,refused
com_system_noise_temperature,"com_line_loss at lower end, from the middle",155.0;0.0,247.29445418135805
com_system_noise_temperature,"com_line_loss at upper end, from the middle",155.0;6.0,348.3839873559787
com_system_noise_temperature,"com_line_loss at zero, from the middle",155.0;0.0,247.29445418135805
com_system_noise_temperature,"com_line_loss at not a number, from the middle",155.0;NaN,refused
cost_bus_recurring,"today",0.0;0.03,0.0
cost_bus_recurring,"the middle of every range",70.71067811865476;0.075,32456827.157085698
cost_bus_recurring,"mass_dry at lower end, from today",1.0;0.03,1170171.25059842
cost_bus_recurring,"mass_dry at upper end, from today",5000.0;0.03,538899557.569741
cost_bus_recurring,"mass_dry at zero, from today",0.0;0.03,0.0
cost_bus_recurring,"mass_dry at not a number, from today",NaN;0.03,refused
cost_bus_recurring,"cost_inflation at lower end, from today",0.0;0.0,0.0
cost_bus_recurring,"cost_inflation at upper end, from today",0.0;0.15,0.0
cost_bus_recurring,"cost_inflation at zero, from today",0.0;0.0,0.0
cost_bus_recurring,"cost_inflation at not a number, from today",0.0;NaN,refused
cost_bus_recurring,"mass_dry at lower end, from the middle",1.0;0.075,1512435.49512207
cost_bus_recurring,"mass_dry at upper end, from the middle",5000.0;0.075,696522683.1177425
cost_bus_recurring,"mass_dry at zero, from the middle",0.0;0.075,0.0
cost_bus_recurring,"mass_dry at not a number, from the middle",NaN;0.075,refused
cost_bus_recurring,"cost_inflation at lower end, from the middle",70.71067811865476;0.0,21030775.009268582
cost_bus_recurring,"cost_inflation at upper end, from the middle",70.71067811865476;0.15,48645460.544625886
cost_bus_recurring,"cost_inflation at zero, from the middle",70.71067811865476;0.0,21030775.009268582
cost_bus_recurring,"cost_inflation at not a number, from the middle",70.71067811865476;NaN,refused
cost_non_recurring,"today",0.0;0.03,0.0
cost_non_recurring,"the middle of every range",70.71067811865476;0.075,228011042.938977
cost_non_recurring,"mass_dry at lower end, from today",1.0;0.03,16955542.610711798
cost_non_recurring,"mass_dry at upper end, from today",5000.0;0.03,1835461143.607777
cost_non_recurring,"mass_dry at zero, from today",0.0;0.03,0.0
cost_non_recurring,"mass_dry at not a number, from today",NaN;0.03,refused
cost_non_recurring,"cost_inflation at lower end, from today",0.0;0.0,0.0
cost_non_recurring,"cost_inflation at upper end, from today",0.0;0.15,0.0
cost_non_recurring,"cost_inflation at zero, from today",0.0;0.0,0.0
cost_non_recurring,"cost_inflation at not a number, from today",0.0;NaN,refused
cost_non_recurring,"mass_dry at lower end, from the middle",1.0;0.075,21914881.66401367
cost_non_recurring,"mass_dry at upper end, from the middle",5000.0;0.075,2372316515.2879186
cost_non_recurring,"mass_dry at zero, from the middle",0.0;0.075,0.0
cost_non_recurring,"mass_dry at not a number, from the middle",NaN;0.075,refused
cost_non_recurring,"cost_inflation at lower end, from the middle",70.71067811865476;0.0,147742381.60957903
cost_non_recurring,"cost_inflation at upper end, from the middle",70.71067811865476;0.15,341737106.32111365
cost_non_recurring,"cost_inflation at zero, from the middle",70.71067811865476;0.0,147742381.60957903
cost_non_recurring,"cost_inflation at not a number, from the middle",70.71067811865476;NaN,refused
cost_payload_recurring,"today",55.0;0.03,29883456.200631402
cost_payload_recurring,"the middle of every range",22.360679774997898;0.075,21517299.52268142
cost_payload_recurring,"mass_payload at lower end, from today",0.5;0.03,1407750.1408073073
cost_payload_recurring,"mass_payload at upper end, from today",1000.0;0.03,196877042.45051154
cost_payload_recurring,"mass_payload at zero, from today",0.0;0.03,0.0
cost_payload_recurring,"mass_payload at not a number, from today",NaN;0.03,refused
cost_payload_recurring,"cost_inflation at lower end, from today",55.0;0.0,25026924.103324335
cost_payload_recurring,"cost_inflation at upper end, from today",55.0;0.15,57888796.22767413
cost_payload_recurring,"cost_inflation at zero, from today",55.0;0.0,25026924.103324335
cost_payload_recurring,"cost_inflation at not a number, from today",55.0;NaN,refused
cost_payload_recurring,"mass_payload at lower end, from the middle",0.5;0.075,1819504.0086066343
cost_payload_recurring,"mass_payload at upper end, from the middle",1000.0;0.075,254461752.5208667
cost_payload_recurring,"mass_payload at zero, from the middle",0.0;0.075,0.0
cost_payload_recurring,"mass_payload at not a number, from the middle",NaN;0.075,refused
cost_payload_recurring,"cost_inflation at lower end, from the middle",22.360679774997898;0.0,13942382.071987702
cost_payload_recurring,"cost_inflation at upper end, from the middle",22.360679774997898;0.15,32249576.950068135
cost_payload_recurring,"cost_inflation at zero, from the middle",22.360679774997898;0.0,13942382.071987702
cost_payload_recurring,"cost_inflation at not a number, from the middle",22.360679774997898;NaN,refused
cost_per_year,"today",0.0;157788000.0,0.0
cost_per_year,"the middle of every range",500000000000.0;244571400.0,64516129032.258064
cost_per_year,"cost_programme at lower end, from today",0.0;157788000.0,0.0
cost_per_year,"cost_programme at upper end, from today",1000000000000.0;157788000.0,200000000000.0
cost_per_year,"cost_programme at zero, from today",0.0;157788000.0,0.0
cost_per_year,"cost_programme at not a number, from today",NaN;157788000.0,refused
cost_per_year,"orbit_mission_duration at lower end, from today",0.0;15778800.0,0.0
cost_per_year,"orbit_mission_duration at upper end, from today",0.0;473364000.0,0.0
cost_per_year,"orbit_mission_duration at zero, from today",0.0;0.0,refused
cost_per_year,"orbit_mission_duration at not a number, from today",0.0;NaN,refused
cost_per_year,"cost_programme at lower end, from the middle",0.0;244571400.0,0.0
cost_per_year,"cost_programme at upper end, from the middle",1000000000000.0;244571400.0,129032258064.51613
cost_per_year,"cost_programme at zero, from the middle",0.0;244571400.0,0.0
cost_per_year,"cost_programme at not a number, from the middle",NaN;244571400.0,refused
cost_per_year,"orbit_mission_duration at lower end, from the middle",500000000000.0;15778800.0,1000000000000.0
cost_per_year,"orbit_mission_duration at upper end, from the middle",500000000000.0;473364000.0,33333333333.333332
cost_per_year,"orbit_mission_duration at zero, from the middle",500000000000.0;0.0,refused
cost_per_year,"orbit_mission_duration at not a number, from the middle",500000000000.0;NaN,refused
cost_production,"today",0.0;0.0;24.0;0.92,0.0
cost_production,"the middle of every range",5000000000.0;5000000000.0;22.360679774997898;0.85,133764894245.24818
cost_production,"cost_bus_recurring at lower end, from today",0.0;0.0;24.0;0.92,0.0
cost_production,"cost_bus_recurring at upper end, from today",10000000000.0;0.0;24.0;0.92,183279329955.82635
cost_production,"cost_bus_recurring at zero, from today",0.0;0.0;24.0;0.92,0.0
cost_production,"cost_bus_recurring at not a number, from today",NaN;0.0;24.0;0.92,refused
cost_production,"cost_payload_recurring at lower end, from today",0.0;0.0;24.0;0.92,0.0
cost_production,"cost_payload_recurring at upper end, from today",0.0;10000000000.0;24.0;0.92,183279329955.82635
cost_production,"cost_payload_recurring at zero, from today",0.0;0.0;24.0;0.92,0.0
cost_production,"cost_payload_recurring at not a number, from today",0.0;NaN;24.0;0.92,refused
cost_production,"mis_satellites at lower end, from today",0.0;0.0;1.0;0.92,0.0
cost_production,"mis_satellites at upper end, from today",0.0;0.0;500.0;0.92,0.0
cost_production,"mis_satellites at zero, from today",0.0;0.0;0.0;0.92,0.0
cost_production,"mis_satellites at not a number, from today",0.0;0.0;NaN;0.92,0.0
cost_production,"cost_learning_slope at lower end, from today",0.0;0.0;24.0;0.7,0.0
cost_production,"cost_learning_slope at upper end, from today",0.0;0.0;24.0;1.0,0.0
cost_production,"cost_learning_slope at zero, from today",0.0;0.0;24.0;0.0,refused
cost_production,"cost_learning_slope at not a number, from today",0.0;0.0;24.0;NaN,refused
cost_production,"cost_bus_recurring at lower end, from the middle",0.0;5000000000.0;22.360679774997898;0.85,66882447122.62409
cost_production,"cost_bus_recurring at upper end, from the middle",10000000000.0;5000000000.0;22.360679774997898;0.85,200647341367.8723
cost_production,"cost_bus_recurring at zero, from the middle",0.0;5000000000.0;22.360679774997898;0.85,66882447122.62409
cost_production,"cost_bus_recurring at not a number, from the middle",NaN;5000000000.0;22.360679774997898;0.85,refused
cost_production,"cost_payload_recurring at lower end, from the middle",5000000000.0;0.0;22.360679774997898;0.85,66882447122.62409
cost_production,"cost_payload_recurring at upper end, from the middle",5000000000.0;10000000000.0;22.360679774997898;0.85,200647341367.8723
cost_production,"cost_payload_recurring at zero, from the middle",5000000000.0;0.0;22.360679774997898;0.85,66882447122.62409
cost_production,"cost_payload_recurring at not a number, from the middle",5000000000.0;NaN;22.360679774997898;0.85,refused
cost_production,"mis_satellites at lower end, from the middle",5000000000.0;5000000000.0;1.0;0.85,10000000000.0
cost_production,"mis_satellites at upper end, from the middle",5000000000.0;5000000000.0;500.0;0.85,refused
cost_production,"mis_satellites at zero, from the middle",5000000000.0;5000000000.0;0.0;0.85,0.0
cost_production,"mis_satellites at not a number, from the middle",5000000000.0;5000000000.0;NaN;0.85,0.0
cost_production,"cost_learning_slope at lower end, from the middle",5000000000.0;5000000000.0;22.360679774997898;0.7,78190936858.00098
cost_production,"cost_learning_slope at upper end, from the middle",5000000000.0;5000000000.0;22.360679774997898;1.0,220000000000.0
cost_production,"cost_learning_slope at zero, from the middle",5000000000.0;5000000000.0;22.360679774997898;0.0,refused
cost_production,"cost_learning_slope at not a number, from the middle",5000000000.0;5000000000.0;22.360679774997898;NaN,refused
cost_programme,"today",0.0;0.0;1800000.0;24.0;4500000.0;157788000.0,65700000.0
cost_programme,"the middle of every range",50000000000.0;500000000000.0;2236067.9774997896;22.360679774997898;4472135.954999579;244571400.0,550084659053.6512
cost_programme,"cost_non_recurring at lower end, from today",0.0;0.0;1800000.0;24.0;4500000.0;157788000.0,65700000.0
cost_programme,"cost_non_recurring at upper end, from today",100000000000.0;0.0;1800000.0;24.0;4500000.0;157788000.0,100065700000.0
cost_programme,"cost_non_recurring at zero, from today",0.0;0.0;1800000.0;24.0;4500000.0;157788000.0,65700000.0
cost_programme,"cost_non_recurring at not a number, from today",NaN;0.0;1800000.0;24.0;4500000.0;157788000.0,refused
cost_programme,"cost_production at lower end, from today",0.0;0.0;1800000.0;24.0;4500000.0;157788000.0,65700000.0
cost_programme,"cost_production at upper end, from today",0.0;1000000000000.0;1800000.0;24.0;4500000.0;157788000.0,refused
cost_programme,"cost_production at zero, from today",0.0;0.0;1800000.0;24.0;4500000.0;157788000.0,65700000.0
cost_programme,"cost_production at not a number, from today",0.0;NaN;1800000.0;24.0;4500000.0;157788000.0,refused
cost_programme,"cost_launch_per_satellite at lower end, from today",0.0;0.0;50000.0;24.0;4500000.0;157788000.0,23700000.0
cost_programme,"cost_launch_per_satellite at upper end, from today",0.0;0.0;100000000.0;24.0;4500000.0;157788000.0,2422500000.0
cost_programme,"cost_launch_per_satellite at zero, from today",0.0;0.0;0.0;24.0;4500000.0;157788000.0,22500000.0
cost_programme,"cost_launch_per_satellite at not a number, from today",0.0;0.0;NaN;24.0;4500000.0;157788000.0,refused
cost_programme,"mis_satellites at lower end, from today",0.0;0.0;1800000.0;1.0;4500000.0;157788000.0,24300000.0
cost_programme,"mis_satellites at upper end, from today",0.0;0.0;1800000.0;500.0;4500000.0;157788000.0,922500000.0
cost_programme,"mis_satellites at zero, from today",0.0;0.0;1800000.0;0.0;4500000.0;157788000.0,22500000.0
cost_programme,"mis_satellites at not a number, from today",0.0;0.0;1800000.0;NaN;4500000.0;157788000.0,refused
cost_programme,"cost_annual_operations at lower end, from today",0.0;0.0;1800000.0;24.0;100000.0;157788000.0,43700000.0
cost_programme,"cost_annual_operations at upper end, from today",0.0;0.0;1800000.0;24.0;200000000.0;157788000.0,1043200000.0
cost_programme,"cost_annual_operations at zero, from today",0.0;0.0;1800000.0;24.0;0.0;157788000.0,43200000.0
cost_programme,"cost_annual_operations at not a number, from today",0.0;0.0;1800000.0;24.0;NaN;157788000.0,refused
cost_programme,"orbit_mission_duration at lower end, from today",0.0;0.0;1800000.0;24.0;4500000.0;15778800.0,45450000.0
cost_programme,"orbit_mission_duration at upper end, from today",0.0;0.0;1800000.0;24.0;4500000.0;473364000.0,110700000.0
cost_programme,"orbit_mission_duration at zero, from today",0.0;0.0;1800000.0;24.0;4500000.0;0.0,43200000.0
cost_programme,"orbit_mission_duration at not a number, from today",0.0;0.0;1800000.0;24.0;4500000.0;NaN,refused
cost_programme,"cost_non_recurring at lower end, from the middle",0.0;500000000000.0;2236067.9774997896;22.360679774997898;4472135.954999579;244571400.0,500084659053.65125
cost_programme,"cost_non_recurring at upper end, from the middle",100000000000.0;500000000000.0;2236067.9774997896;22.360679774997898;4472135.954999579;244571400.0,600084659053.6512
cost_programme,"cost_non_recurring at zero, from the middle",0.0;500000000000.0;2236067.9774997896;22.360679774997898;4472135.954999579;244571400.0,500084659053.65125
cost_programme,"cost_non_recurring at not a number, from the middle",NaN;500000000000.0;2236067.9774997896;22.360679774997898;4472135.954999579;244571400.0,refused
cost_programme,"cost_production at lower end, from the middle",50000000000.0;0.0;2236067.9774997896;22.360679774997898;4472135.954999579;244571400.0,50084659053.651245
cost_programme,"cost_production at upper end, from the middle",50000000000.0;1000000000000.0;2236067.9774997896;22.360679774997898;4472135.954999579;244571400.0,refused
cost_programme,"cost_production at zero, from the middle",50000000000.0;0.0;2236067.9774997896;22.360679774997898;4472135.954999579;244571400.0,50084659053.651245
cost_programme,"cost_production at not a number, from the middle",50000000000.0;NaN;2236067.9774997896;22.360679774997898;4472135.954999579;244571400.0,refused
cost_programme,"cost_launch_per_satellite at lower end, from the middle",50000000000.0;500000000000.0;50000.0;22.360679774997898;4472135.954999579;244571400.0,550035777087.64
cost_programme,"cost_launch_per_satellite at upper end, from the middle",50000000000.0;500000000000.0;100000000.0;22.360679774997898;4472135.954999579;244571400.0,552270727031.151
cost_programme,"cost_launch_per_satellite at zero, from the middle",50000000000.0;500000000000.0;0.0;22.360679774997898;4472135.954999579;244571400.0,550034659053.6512
cost_programme,"cost_launch_per_satellite at not a number, from the middle",50000000000.0;500000000000.0;NaN;22.360679774997898;4472135.954999579;244571400.0,refused
cost_programme,"mis_satellites at lower end, from the middle",50000000000.0;500000000000.0;2236067.9774997896;1.0;4472135.954999579;244571400.0,550036895121.6288
cost_programme,"mis_satellites at upper end, from the middle",50000000000.0;500000000000.0;2236067.9774997896;500.0;4472135.954999579;244571400.0,551152693042.4011
cost_programme,"mis_satellites at zero, from the middle",50000000000.0;500000000000.0;2236067.9774997896;0.0;4472135.954999579;244571400.0,550034659053.6512
cost_programme,"mis_satellites at not a number, from the middle",50000000000.0;500000000000.0;2236067.9774997896;NaN;4472135.954999579;244571400.0,refused
cost_programme,"cost_annual_operations at lower end, from the middle",50000000000.0;500000000000.0;2236067.9774997896;22.360679774997898;100000.0;244571400.0,550050775000.0
cost_programme,"cost_annual_operations at upper end, from the middle",50000000000.0;500000000000.0;2236067.9774997896;22.360679774997898;200000000.0;244571400.0,551600000000.0
cost_programme,"cost_annual_operations at zero, from the middle",50000000000.0;500000000000.0;2236067.9774997896;22.360679774997898;0.0;244571400.0,550050000000.0
cost_programme,"cost_annual_operations at not a number, from the middle",50000000000.0;500000000000.0;2236067.9774997896;22.360679774997898;NaN;244571400.0,refused
cost_programme,"orbit_mission_duration at lower end, from the middle",50000000000.0;500000000000.0;2236067.9774997896;22.360679774997898;4472135.954999579;15778800.0,550052236067.9775
cost_programme,"orbit_mission_duration at upper end, from the middle",50000000000.0;500000000000.0;2236067.9774997896;22.360679774997898;4472135.954999579;473364000.0,550117082039.325
cost_programme,"orbit_mission_duration at zero, from the middle",50000000000.0;500000000000.0;2236067.9774997896;22.360679774997898;4472135.954999579;0.0,550050000000.0
cost_programme,"orbit_mission_duration at not a number, from the middle",50000000000.0;500000000000.0;2236067.9774997896;22.360679774997898;4472135.954999579;NaN,refused
cost_replacement_avoided,"today",0.0;0.0;1800000.0;24.0;0.0,0.0
cost_replacement_avoided,"the middle of every range",5000000000.0;5000000000.0;2236067.9774997896;22.360679774997898;50.0,223656797749.97897
cost_replacement_avoided,"cost_bus_recurring at lower end, from today",0.0;0.0;1800000.0;24.0;0.0,0.0
cost_replacement_avoided,"cost_bus_recurring at upper end, from today",10000000000.0;0.0;1800000.0;24.0;0.0,0.0
cost_replacement_avoided,"cost_bus_recurring at zero, from today",0.0;0.0;1800000.0;24.0;0.0,0.0
cost_replacement_avoided,"cost_bus_recurring at not a number, from today",NaN;0.0;1800000.0;24.0;0.0,refused
cost_replacement_avoided,"cost_payload_recurring at lower end, from today",0.0;0.0;1800000.0;24.0;0.0,0.0
cost_replacement_avoided,"cost_payload_recurring at upper end, from today",0.0;10000000000.0;1800000.0;24.0;0.0,0.0
cost_replacement_avoided,"cost_payload_recurring at zero, from today",0.0;0.0;1800000.0;24.0;0.0,0.0
cost_replacement_avoided,"cost_payload_recurring at not a number, from today",0.0;NaN;1800000.0;24.0;0.0,refused
cost_replacement_avoided,"cost_launch_per_satellite at lower end, from today",0.0;0.0;50000.0;24.0;0.0,0.0
cost_replacement_avoided,"cost_launch_per_satellite at upper end, from today",0.0;0.0;100000000.0;24.0;0.0,0.0
cost_replacement_avoided,"cost_launch_per_satellite at zero, from today",0.0;0.0;0.0;24.0;0.0,0.0
cost_replacement_avoided,"cost_launch_per_satellite at not a number, from today",0.0;0.0;NaN;24.0;0.0,refused
cost_replacement_avoided,"mis_satellites at lower end, from today",0.0;0.0;1800000.0;1.0;0.0,0.0
cost_replacement_avoided,"mis_satellites at upper end, from today",0.0;0.0;1800000.0;500.0;0.0,0.0
cost_replacement_avoided,"mis_satellites at zero, from today",0.0;0.0;1800000.0;0.0;0.0,0.0
cost_replacement_avoided,"mis_satellites at not a number, from today",0.0;0.0;1800000.0;NaN;0.0,0.0
cost_replacement_avoided,"prop_thrust_to_drag at lower end, from today",0.0;0.0;1800000.0;24.0;0.0,0.0
cost_replacement_avoided,"prop_thrust_to_drag at upper end, from today",0.0;0.0;1800000.0;24.0;100.0,43200000.0
cost_replacement_avoided,"prop_thrust_to_drag at zero, from today",0.0;0.0;1800000.0;24.0;0.0,0.0
cost_replacement_avoided,"prop_thrust_to_drag at not a number, from today",0.0;0.0;1800000.0;24.0;NaN,0.0
cost_replacement_avoided,"cost_bus_recurring at lower end, from the middle",0.0;5000000000.0;2236067.9774997896;22.360679774997898;50.0,111853398874.98949
cost_replacement_avoided,"cost_bus_recurring at upper end, from the middle",10000000000.0;5000000000.0;2236067.9774997896;22.360679774997898;50.0,335460196624.96844
cost_replacement_avoided,"cost_bus_recurring at zero, from the middle",0.0;5000000000.0;2236067.9774997896;22.360679774997898;50.0,111853398874.98949
cost_replacement_avoided,"cost_bus_recurring at not a number, from the middle",NaN;5000000000.0;2236067.9774997896;22.360679774997898;50.0,refused
cost_replacement_avoided,"cost_payload_recurring at lower end, from the middle",5000000000.0;0.0;2236067.9774997896;22.360679774997898;50.0,111853398874.98949
cost_replacement_avoided,"cost_payload_recurring at upper end, from the middle",5000000000.0;10000000000.0;2236067.9774997896;22.360679774997898;50.0,335460196624.96844
cost_replacement_avoided,"cost_payload_recurring at zero, from the middle",5000000000.0;0.0;2236067.9774997896;22.360679774997898;50.0,111853398874.98949
cost_replacement_avoided,"cost_payload_recurring at not a number, from the middle",5000000000.0;NaN;2236067.9774997896;22.360679774997898;50.0,refused
cost_replacement_avoided,"cost_launch_per_satellite at lower end, from the middle",5000000000.0;5000000000.0;50000.0;22.360679774997898;50.0,223607915783.96774
cost_replacement_avoided,"cost_launch_per_satellite at upper end, from the middle",5000000000.0;5000000000.0;100000000.0;22.360679774997898;50.0,225842865727.47876
cost_replacement_avoided,"cost_launch_per_satellite at zero, from the middle",5000000000.0;5000000000.0;0.0;22.360679774997898;50.0,223606797749.97897
cost_replacement_avoided,"cost_launch_per_satellite at not a number, from the middle",5000000000.0;5000000000.0;NaN;22.360679774997898;50.0,refused
cost_replacement_avoided,"mis_satellites at lower end, from the middle",5000000000.0;5000000000.0;2236067.9774997896;1.0;50.0,10002236067.977499
cost_replacement_avoided,"mis_satellites at upper end, from the middle",5000000000.0;5000000000.0;2236067.9774997896;500.0;50.0,refused
cost_replacement_avoided,"mis_satellites at zero, from the middle",5000000000.0;5000000000.0;2236067.9774997896;0.0;50.0,0.0
cost_replacement_avoided,"mis_satellites at not a number, from the middle",5000000000.0;5000000000.0;2236067.9774997896;NaN;50.0,refused
cost_replacement_avoided,"prop_thrust_to_drag at lower end, from the middle",5000000000.0;5000000000.0;2236067.9774997896;22.360679774997898;0.0,0.0
cost_replacement_avoided,"prop_thrust_to_drag at upper end, from the middle",5000000000.0;5000000000.0;2236067.9774997896;22.360679774997898;100.0,223656797749.97897
cost_replacement_avoided,"prop_thrust_to_drag at zero, from the middle",5000000000.0;5000000000.0;2236067.9774997896;22.360679774997898;0.0,0.0
cost_replacement_avoided,"prop_thrust_to_drag at not a number, from the middle",5000000000.0;5000000000.0;2236067.9774997896;22.360679774997898;NaN,0.0
env_atomic_oxygen_density,"today",250000.0;867.1547557941099,1441027673410216.5
env_atomic_oxygen_density,"the middle of every range",300000.0;1450.0,1373714576695464.8
env_atomic_oxygen_density,"orbit_altitude at lower end, from today",150000.0;867.1547557941099,2.2295931870962116e16
env_atomic_oxygen_density,"orbit_altitude at upper end, from today",450000.0;867.1547557941099,26508173228375.316
env_atomic_oxygen_density,"orbit_altitude at zero, from today",0.0;867.1547557941099,1.139e17
env_atomic_oxygen_density,"orbit_altitude at not a number, from today",NaN;867.1547557941099,refused
env_atomic_oxygen_density,"env_exospheric_temperature at lower end, from today",250000.0;400.0,254135954358843.2
env_atomic_oxygen_density,"env_exospheric_temperature at upper end, from today",250000.0;2500.0,3533109666284893.5
env_atomic_oxygen_density,"env_exospheric_temperature at zero, from today",250000.0;0.0,refused
env_atomic_oxygen_density,"env_exospheric_temperature at not a number, from today",250000.0;NaN,refused
env_atomic_oxygen_density,"orbit_altitude at lower end, from the middle",150000.0;1450.0,1.934513476485736e16
env_atomic_oxygen_density,"orbit_altitude at upper end, from the middle",450000.0;1450.0,233675866698472.28
env_atomic_oxygen_density,"orbit_altitude at zero, from the middle",0.0;1450.0,1.139e17
env_atomic_oxygen_density,"orbit_altitude at not a number, from the middle",NaN;1450.0,refused
env_atomic_oxygen_density,"env_exospheric_temperature at lower end, from the middle",300000.0;400.0,28700384358830.58
env_atomic_oxygen_density,"env_exospheric_temperature at upper end, from the middle",300000.0;2500.0,2360829916061413.0
env_atomic_oxygen_density,"env_exospheric_temperature at zero, from the middle",300000.0;0.0,refused
env_atomic_oxygen_density,"env_exospheric_temperature at not a number, from the middle",300000.0;NaN,refused
env_density_uncertainty,"today",5.19777061216,0.30593311836479997
env_density_uncertainty,"the middle of every range",4.5,0.28500000000000003
env_density_uncertainty,"env_kp at lower end, from today",0.0,0.15
env_density_uncertainty,"env_kp at upper end, from today",9.0,0.42000000000000004
env_density_uncertainty,"env_kp at zero, from today",0.0,0.15
env_density_uncertainty,"env_kp at not a number, from today",NaN,refused
env_density_uncertainty,"env_kp at lower end, from the middle",0.0,0.15
env_density_uncertainty,"env_kp at upper end, from the middle",9.0,0.42000000000000004
env_density_uncertainty,"env_kp at zero, from the middle",0.0,0.15
env_density_uncertainty,"env_kp at not a number, from the middle",NaN,refused
env_exospheric_temperature,"today",104.07133385094359;104.07133385094359;5.19777061216,867.1547557941099
env_exospheric_temperature,"the middle of every range",230.0;230.0;4.5,1252.9005139390156
env_exospheric_temperature,"case «solar minimum, quiet»",70.0;70.0;1.0,633.8815484548537
env_exospheric_temperature,"case «moderate activity»",150.0;150.0;3.0,949.6025661076957
env_exospheric_temperature,"case «solar maximum, storm»",250.0;250.0;7.0,1417.8989947528537
env_exospheric_temperature,"case «the intercept, at the lowest activity the guard admits»",10.0;10.0;0.0,411.42999999999995
env_exospheric_temperature,"case «the fast term, flux 50 above its own 81-day mean»",200.0;150.0;3.0,1014.6025661076957
env_exospheric_temperature,"case «the fast term, flux 50 below its own 81-day mean»",100.0;150.0;3.0,884.6025661076957
env_exospheric_temperature,"case «the storm tail at Kp 7, where the exponential is 32.9 K of 228.9»",150.0;150.0;7.0,1093.8989947528537
env_exospheric_temperature,"case «the storm tail at Kp 8, one step up and 84.5 K rather than 28»",150.0;150.0;8.0,1178.4287396112518
env_exospheric_temperature,"env_f107 at lower end, from today",60.0;104.07133385094359;5.19777061216,809.8620217878831
env_exospheric_temperature,"env_f107 at upper end, from today",400.0;104.07133385094359;5.19777061216,1251.8620217878834
env_exospheric_temperature,"env_f107 at zero, from today",0.0;104.07133385094359;5.19777061216,731.8620217878831
env_exospheric_temperature,"env_f107 at not a number, from today",NaN;104.07133385094359;5.19777061216,refused
env_exospheric_temperature,"env_f107a at lower end, from today",104.07133385094359;60.0;5.19777061216,781.6563681232792
env_exospheric_temperature,"env_f107a at upper end, from today",104.07133385094359;400.0;5.19777061216,1441.2563681232791
env_exospheric_temperature,"env_f107a at zero, from today",104.07133385094359;0.0;5.19777061216,665.2563681232793
env_exospheric_temperature,"env_f107a at not a number, from today",104.07133385094359;NaN;5.19777061216,refused
env_exospheric_temperature,"env_kp at lower end, from today",104.07133385094359;104.07133385094359;0.0,716.2211216770572
env_exospheric_temperature,"env_kp at upper end, from today",104.07133385094359;104.07133385094359;9.0,1211.2836395043187
env_exospheric_temperature,"env_kp at zero, from today",104.07133385094359;104.07133385094359;0.0,716.2211216770572
env_exospheric_temperature,"env_kp at not a number, from today",104.07133385094359;104.07133385094359;NaN,refused
env_exospheric_temperature,"env_f107 at lower end, from the middle",60.0;230.0;4.5,1031.9005139390156
env_exospheric_temperature,"env_f107 at upper end, from the middle",400.0;230.0;4.5,1473.9005139390156
env_exospheric_temperature,"env_f107 at zero, from the middle",0.0;230.0;4.5,953.9005139390157
env_exospheric_temperature,"env_f107 at not a number, from the middle",NaN;230.0;4.5,refused
env_exospheric_temperature,"env_f107a at lower end, from the middle",230.0;60.0;4.5,923.1005139390156
env_exospheric_temperature,"env_f107a at upper end, from the middle",230.0;400.0;4.5,1582.7005139390158
env_exospheric_temperature,"env_f107a at zero, from the middle",230.0;0.0;4.5,806.7005139390157
env_exospheric_temperature,"env_f107a at not a number, from the middle",230.0;NaN;4.5,refused
env_exospheric_temperature,"env_kp at lower end, from the middle",230.0;230.0;0.0,1124.23
env_exospheric_temperature,"env_kp at upper end, from the middle",230.0;230.0;9.0,1619.2925178272617
env_exospheric_temperature,"env_kp at zero, from the middle",230.0;230.0;0.0,1124.23
env_exospheric_temperature,"env_kp at not a number, from the middle",230.0;230.0;NaN,refused
env_f107,"today",104.07133385094359,104.07133385094359
env_f107,"the middle of every range",230.0,230.0
env_f107,"sys_space_environment_f10_7 at lower end, from today",60.0,60.0
env_f107,"sys_space_environment_f10_7 at upper end, from today",400.0,400.0
env_f107,"sys_space_environment_f10_7 at zero, from today",0.0,refused
env_f107,"sys_space_environment_f10_7 at not a number, from today",NaN,refused
env_f107,"sys_space_environment_f10_7 at lower end, from the middle",60.0,60.0
env_f107,"sys_space_environment_f10_7 at upper end, from the middle",400.0,400.0
env_f107,"sys_space_environment_f10_7 at zero, from the middle",0.0,refused
env_f107,"sys_space_environment_f10_7 at not a number, from the middle",NaN,refused
env_f107a,"today",104.07133385094359,104.07133385094359
env_f107a,"the middle of every range",230.0,230.0
env_f107a,"sys_space_environment_f10_7_81day at lower end, from today",60.0,60.0
env_f107a,"sys_space_environment_f10_7_81day at upper end, from today",400.0,400.0
env_f107a,"sys_space_environment_f10_7_81day at zero, from today",0.0,refused
env_f107a,"sys_space_environment_f10_7_81day at not a number, from today",NaN,refused
env_f107a,"sys_space_environment_f10_7_81day at lower end, from the middle",60.0,60.0
env_f107a,"sys_space_environment_f10_7_81day at upper end, from the middle",400.0,400.0
env_f107a,"sys_space_environment_f10_7_81day at zero, from the middle",0.0,refused
env_f107a,"sys_space_environment_f10_7_81day at not a number, from the middle",NaN,refused
env_knudsen,"today",0.0;2.0,refused
env_knudsen,"the middle of every range",1000.0;5.15,194.17475728155338
env_knudsen,"env_mean_free_path at lower end, from today",0.001;2.0,refused
env_knudsen,"env_mean_free_path at upper end, from today",1000000000.0;2.0,500000000.0
env_knudsen,"env_mean_free_path at zero, from today",0.0;2.0,refused
env_knudsen,"env_mean_free_path at not a number, from today",NaN;2.0,refused
env_knudsen,"aero_body_length at lower end, from today",0.0;0.3,refused
env_knudsen,"aero_body_length at upper end, from today",0.0;10.0,refused
env_knudsen,"aero_body_length at zero, from today",0.0;0.0,refused
env_knudsen,"aero_body_length at not a number, from today",0.0;NaN,refused
env_knudsen,"env_mean_free_path at lower end, from the middle",0.001;5.15,refused
env_knudsen,"env_mean_free_path at upper end, from the middle",1000000000.0;5.15,194174757.2815534
env_knudsen,"env_mean_free_path at zero, from the middle",0.0;5.15,refused
env_knudsen,"env_mean_free_path at not a number, from the middle",NaN;5.15,refused
env_knudsen,"aero_body_length at lower end, from the middle",1000.0;0.3,3333.3333333333335
env_knudsen,"aero_body_length at upper end, from the middle",1000.0;10.0,100.0
env_knudsen,"aero_body_length at zero, from the middle",1000.0;0.0,refused
env_knudsen,"aero_body_length at not a number, from the middle",1000.0;NaN,refused
env_kp,"today",5.19777061216,5.19777061216
env_kp,"the middle of every range",4.5,4.5
env_kp,"sys_space_environment_kp at lower end, from today",0.0,0.0
env_kp,"sys_space_environment_kp at upper end, from today",9.0,9.0
env_kp,"sys_space_environment_kp at zero, from today",0.0,0.0
env_kp,"sys_space_environment_kp at not a number, from today",NaN,refused
env_kp,"sys_space_environment_kp at lower end, from the middle",0.0,0.0
env_kp,"sys_space_environment_kp at upper end, from the middle",9.0,9.0
env_kp,"sys_space_environment_kp at zero, from the middle",0.0,0.0
env_kp,"sys_space_environment_kp at not a number, from the middle",NaN,refused
env_local_temperature,"today",250000.0;867.1547557941099,829.4865573728647
env_local_temperature,"the middle of every range",300000.0;1450.0,1420.2171425324511
env_local_temperature,"orbit_altitude at lower end, from today",150000.0;867.1547557941099,588.822324513878
env_local_temperature,"orbit_altitude at upper end, from today",450000.0;867.1547557941099,866.4648386742372
env_local_temperature,"orbit_altitude at zero, from today",0.0;867.1547557941099,360.0
env_local_temperature,"orbit_altitude at not a number, from today",NaN;867.1547557941099,refused
env_local_temperature,"env_exospheric_temperature at lower end, from today",250000.0;400.0,397.02905687142663
env_local_temperature,"env_exospheric_temperature at upper end, from today",250000.0;2500.0,2341.0545426213257
env_local_temperature,"env_exospheric_temperature at zero, from today",250000.0;0.0,refused
env_local_temperature,"env_exospheric_temperature at not a number, from today",250000.0;NaN,refused
env_local_temperature,"orbit_altitude at lower end, from the middle",150000.0;1450.0,851.7953166575112
env_local_temperature,"orbit_altitude at upper end, from the middle",450000.0;1450.0,1448.5171988390728
env_local_temperature,"orbit_altitude at zero, from the middle",0.0;1450.0,360.0
env_local_temperature,"orbit_altitude at not a number, from the middle",NaN;1450.0,refused
env_local_temperature,"env_exospheric_temperature at lower end, from the middle",300000.0;400.0,398.9070511021083
env_local_temperature,"env_exospheric_temperature at upper end, from the middle",300000.0;2500.0,2441.527233962794
env_local_temperature,"env_exospheric_temperature at zero, from the middle",300000.0;0.0,refused
env_local_temperature,"env_exospheric_temperature at not a number, from the middle",300000.0;NaN,refused
env_magnetic_field,"today",0.0;0.7853981633974483,refused
env_magnetic_field,"the middle of every range",6700000.0;0.0,2.6916074170734168e-5
env_magnetic_field,"orbit_radius at lower end, from today",6400000.0;0.7853981633974483,4.882769317474774e-5
env_magnetic_field,"orbit_radius at upper end, from today",7000000.0;0.7853981633974483,3.73174542262422e-5
env_magnetic_field,"orbit_radius at zero, from today",0.0;0.7853981633974483,refused
env_magnetic_field,"orbit_radius at not a number, from today",NaN;0.7853981633974483,refused
env_magnetic_field,"gnc_magnetic_latitude at lower end, from today",0.0;-1.5707963267948966,refused
env_magnetic_field,"gnc_magnetic_latitude at upper end, from today",0.0;1.5707963267948966,refused
env_magnetic_field,"gnc_magnetic_latitude at zero, from today",0.0;0.0,refused
env_magnetic_field,"gnc_magnetic_latitude at not a number, from today",0.0;NaN,refused
env_magnetic_field,"orbit_radius at lower end, from the middle",6400000.0;0.0,3.088134466481217e-5
env_magnetic_field,"orbit_radius at upper end, from the middle",7000000.0;0.0,2.3601630366800357e-5
env_magnetic_field,"orbit_radius at zero, from the middle",0.0;0.0,refused
env_magnetic_field,"orbit_radius at not a number, from the middle",NaN;0.0,refused
env_magnetic_field,"gnc_magnetic_latitude at lower end, from the middle",6700000.0;-1.5707963267948966,5.3832148341468336e-5
env_magnetic_field,"gnc_magnetic_latitude at upper end, from the middle",6700000.0;1.5707963267948966,5.3832148341468336e-5
env_magnetic_field,"gnc_magnetic_latitude at zero, from the middle",6700000.0;0.0,2.6916074170734168e-5
env_magnetic_field,"gnc_magnetic_latitude at not a number, from the middle",6700000.0;NaN,refused
env_mass_density,"today",250000.0;867.1547557941099,5.479251265708077e-11
env_mass_density,"the middle of every range",300000.0;1450.0,5.951788623382458e-11
env_mass_density,"case «250 km, moderate activity»",250000.0;949.6,6.630695648092095e-11
env_mass_density,"case «400 km, moderate activity»",400000.0;949.6,2.907450638642667e-12
env_mass_density,"case «200 km, solar minimum»",200000.0;633.9,1.679248180393375e-10
env_mass_density,"orbit_altitude at lower end, from today",150000.0;867.1547557941099,2.2704190341614647e-9
env_mass_density,"orbit_altitude at upper end, from today",450000.0;867.1547557941099,7.387061030491282e-13
env_mass_density,"orbit_altitude at zero, from today",0.0;867.1547557941099,2.4471443997903696e-8
env_mass_density,"orbit_altitude at not a number, from today",NaN;867.1547557941099,refused
env_mass_density,"env_exospheric_temperature at lower end, from today",250000.0;400.0,7.229595772867561e-12
env_mass_density,"env_exospheric_temperature at upper end, from today",250000.0;2500.0,2.7802781205131454e-10
env_mass_density,"env_exospheric_temperature at zero, from today",250000.0;0.0,refused
env_mass_density,"env_exospheric_temperature at not a number, from today",250000.0;NaN,refused
env_mass_density,"orbit_altitude at lower end, from the middle",150000.0;1450.0,2.2599539620653423e-9
env_mass_density,"orbit_altitude at upper end, from the middle",450000.0;1450.0,7.241124222781573e-12
env_mass_density,"orbit_altitude at zero, from the middle",0.0;1450.0,2.4471443997903696e-8
env_mass_density,"orbit_altitude at not a number, from the middle",NaN;1450.0,refused
env_mass_density,"env_exospheric_temperature at lower end, from the middle",300000.0;400.0,7.98839726834532e-13
env_mass_density,"env_exospheric_temperature at upper end, from the middle",300000.0;2500.0,1.552054964227601e-10
env_mass_density,"env_exospheric_temperature at zero, from the middle",300000.0;0.0,refused
env_mass_density,"env_exospheric_temperature at not a number, from the middle",300000.0;NaN,refused
env_mean_free_path,"today",0.0,refused
env_mean_free_path,"the middle of every range",100000000000000.0,70710.67811865476
env_mean_free_path,"env_number_density at lower end, from today",100000000.0,refused
env_mean_free_path,"env_number_density at upper end, from today",1e20,0.07071067811865475
env_mean_free_path,"env_number_density at zero, from today",0.0,refused
env_mean_free_path,"env_number_density at not a number, from today",NaN,refused
env_mean_free_path,"env_number_density at lower end, from the middle",100000000.0,refused
env_mean_free_path,"env_number_density at upper end, from the middle",1e20,0.07071067811865475
env_mean_free_path,"env_number_density at zero, from the middle",0.0,refused
env_mean_free_path,"env_number_density at not a number, from the middle",NaN,refused
env_mean_molar_mass,"today",250000.0;867.1547557941099,0.018348849585432
env_mean_molar_mass,"the middle of every range",300000.0;1450.0,0.019197839706579765
env_mean_molar_mass,"orbit_altitude at lower end, from today",150000.0;867.1547557941099,0.023758332750206054
env_mean_molar_mass,"orbit_altitude at upper end, from today",450000.0;867.1547557941099,0.014918786672209609
env_mean_molar_mass,"orbit_altitude at zero, from today",0.0;867.1547557941099,0.02627020030562841
env_mean_molar_mass,"orbit_altitude at not a number, from today",NaN;867.1547557941099,refused
env_mean_molar_mass,"env_exospheric_temperature at lower end, from today",250000.0;400.0,0.016102237924072605
env_mean_molar_mass,"env_exospheric_temperature at upper end, from today",250000.0;2500.0,0.022578119989655532
env_mean_molar_mass,"env_exospheric_temperature at zero, from today",250000.0;0.0,0.004002613926739005
env_mean_molar_mass,"env_exospheric_temperature at not a number, from today",250000.0;NaN,refused
env_mean_molar_mass,"orbit_altitude at lower end, from the middle",150000.0;1450.0,0.024313884876620975
env_mean_molar_mass,"orbit_altitude at upper end, from the middle",450000.0;1450.0,0.01681499637414496
env_mean_molar_mass,"orbit_altitude at zero, from the middle",0.0;1450.0,0.02627020030562841
env_mean_molar_mass,"orbit_altitude at not a number, from the middle",NaN;1450.0,refused
env_mean_molar_mass,"env_exospheric_temperature at lower end, from the middle",300000.0;400.0,0.014588794024554834
env_mean_molar_mass,"env_exospheric_temperature at upper end, from the middle",300000.0;2500.0,0.02165443509017289
env_mean_molar_mass,"env_exospheric_temperature at zero, from the middle",300000.0;0.0,0.004002602
env_mean_molar_mass,"env_exospheric_temperature at not a number, from the middle",300000.0;NaN,refused
env_number_density,"today",250000.0;867.1547557941099,1798304696317305.3
env_number_density,"the middle of every range",300000.0;1450.0,1867007403520059.8
env_number_density,"orbit_altitude at lower end, from today",150000.0;867.1547557941099,5.754942129844952e16
env_number_density,"orbit_altitude at upper end, from today",450000.0;867.1547557941099,29818726083935.87
env_number_density,"orbit_altitude at zero, from today",0.0;867.1547557941099,5.6097966e17
env_number_density,"orbit_altitude at not a number, from today",NaN;867.1547557941099,refused
env_number_density,"env_exospheric_temperature at lower end, from today",250000.0;400.0,270382561650149.97
env_number_density,"env_exospheric_temperature at upper end, from today",250000.0;2500.0,7415686603379527.0
env_number_density,"env_exospheric_temperature at zero, from today",250000.0;0.0,80112325221.28683
env_number_density,"env_exospheric_temperature at not a number, from today",250000.0;NaN,refused
env_number_density,"orbit_altitude at lower end, from the middle",150000.0;1450.0,5.597526244670042e16
env_number_density,"orbit_altitude at upper end, from the middle",450000.0;1450.0,259334396273122.25
env_number_density,"orbit_altitude at zero, from the middle",0.0;1450.0,5.6097966e17
env_number_density,"orbit_altitude at not a number, from the middle",NaN;1450.0,refused
env_number_density,"env_exospheric_temperature at lower end, from the middle",300000.0;400.0,32975482905443.902
env_number_density,"env_exospheric_temperature at upper end, from the middle",300000.0;2500.0,4316295217545088.0
env_number_density,"env_exospheric_temperature at zero, from the middle",300000.0;0.0,refused
env_number_density,"env_exospheric_temperature at not a number, from the middle",300000.0;NaN,refused
env_scale_height,"today",250000.0;867.1547557941099,41426.65561271665
env_scale_height,"the middle of every range",300000.0;1450.0,68819.1726273284
env_scale_height,"orbit_altitude at lower end, from today",150000.0;867.1547557941099,22031.457858993774
env_scale_height,"orbit_altitude at upper end, from today",450000.0;867.1547557941099,56483.07101919522
env_scale_height,"orbit_altitude at zero, from today",0.0;867.1547557941099,11628.487031417533
env_scale_height,"orbit_altitude at not a number, from today",NaN;867.1547557941099,refused
env_scale_height,"env_exospheric_temperature at lower end, from today",250000.0;400.0,22595.159686197992
env_scale_height,"env_exospheric_temperature at upper end, from today",250000.0;2500.0,95017.3945786683
env_scale_height,"env_exospheric_temperature at zero, from today",250000.0;0.0,6121.7065576336645
env_scale_height,"env_exospheric_temperature at not a number, from today",250000.0;NaN,refused
env_scale_height,"orbit_altitude at lower end, from the middle",150000.0;1450.0,31142.668374869245
env_scale_height,"orbit_altitude at upper end, from the middle",450000.0;1450.0,83777.56625567107
env_scale_height,"orbit_altitude at zero, from the middle",0.0;1450.0,11628.487031417533
env_scale_height,"orbit_altitude at not a number, from the middle",NaN;1450.0,refused
env_scale_height,"env_exospheric_temperature at lower end, from the middle",300000.0;400.0,25436.618599240843
env_scale_height,"env_exospheric_temperature at upper end, from the middle",300000.0;2500.0,104887.02618167287
env_scale_height,"env_exospheric_temperature at zero, from the middle",300000.0;0.0,refused
env_scale_height,"env_exospheric_temperature at not a number, from the middle",300000.0;NaN,refused
gnc_along_track_error,"today",0.0;0.0,0.0
gnc_along_track_error,"the middle of every range",0.05;0.525,refused
gnc_along_track_error,"aero_drag_acceleration at lower end, from today",0.0;0.0,0.0
gnc_along_track_error,"aero_drag_acceleration at upper end, from today",0.1;0.0,0.0
gnc_along_track_error,"aero_drag_acceleration at zero, from today",0.0;0.0,0.0
gnc_along_track_error,"aero_drag_acceleration at not a number, from today",NaN;0.0,refused
gnc_along_track_error,"env_density_uncertainty at lower end, from today",0.0;0.05,0.0
gnc_along_track_error,"env_density_uncertainty at upper end, from today",0.0;1.0,0.0
gnc_along_track_error,"env_density_uncertainty at zero, from today",0.0;0.0,0.0
gnc_along_track_error,"env_density_uncertainty at not a number, from today",0.0;NaN,refused
gnc_along_track_error,"aero_drag_acceleration at lower end, from the middle",0.0;0.525,0.0
gnc_along_track_error,"aero_drag_acceleration at upper end, from the middle",0.1;0.525,refused
gnc_along_track_error,"aero_drag_acceleration at zero, from the middle",0.0;0.525,0.0
gnc_along_track_error,"aero_drag_acceleration at not a number, from the middle",NaN;0.525,refused
gnc_along_track_error,"env_density_uncertainty at lower end, from the middle",0.05;0.05,refused
gnc_along_track_error,"env_density_uncertainty at upper end, from the middle",0.05;1.0,refused
gnc_along_track_error,"env_density_uncertainty at zero, from the middle",0.05;0.0,0.0
gnc_along_track_error,"env_density_uncertainty at not a number, from the middle",0.05;NaN,refused
gnc_gravity_gradient_torque,"today",0.0;8.0;1.2,refused
gnc_gravity_gradient_torque,"the middle of every range",6700000.0;3.1622776601683795;3.1622776601683795,0.0
gnc_gravity_gradient_torque,"orbit_radius at lower end, from today",6400000.0;8.0;1.2,5.304564202834819e-6
gnc_gravity_gradient_torque,"orbit_radius at upper end, from today",7000000.0;8.0;1.2,4.054109849527495e-6
gnc_gravity_gradient_torque,"orbit_radius at zero, from today",0.0;8.0;1.2,refused
gnc_gravity_gradient_torque,"orbit_radius at not a number, from today",NaN;8.0;1.2,refused
gnc_gravity_gradient_torque,"gnc_inertia_max at lower end, from today",0.0;0.01;1.2,refused
gnc_gravity_gradient_torque,"gnc_inertia_max at upper end, from today",0.0;1000.0;1.2,refused
gnc_gravity_gradient_torque,"gnc_inertia_max at zero, from today",0.0;0.0;1.2,refused
gnc_gravity_gradient_torque,"gnc_inertia_max at not a number, from today",0.0;NaN;1.2,refused
gnc_gravity_gradient_torque,"gnc_inertia_min at lower end, from today",0.0;8.0;0.01,refused
gnc_gravity_gradient_torque,"gnc_inertia_min at upper end, from today",0.0;8.0;1000.0,refused
gnc_gravity_gradient_torque,"gnc_inertia_min at zero, from today",0.0;8.0;0.0,refused
gnc_gravity_gradient_torque,"gnc_inertia_min at not a number, from today",0.0;8.0;NaN,refused
gnc_gravity_gradient_torque,"orbit_radius at lower end, from the middle",6400000.0;3.1622776601683795;3.1622776601683795,0.0
gnc_gravity_gradient_torque,"orbit_radius at upper end, from the middle",7000000.0;3.1622776601683795;3.1622776601683795,0.0
gnc_gravity_gradient_torque,"orbit_radius at zero, from the middle",0.0;3.1622776601683795;3.1622776601683795,refused
gnc_gravity_gradient_torque,"orbit_radius at not a number, from the middle",NaN;3.1622776601683795;3.1622776601683795,refused
gnc_gravity_gradient_torque,"gnc_inertia_max at lower end, from the middle",6700000.0;0.01;3.1622776601683795,2.143289199818071e-6
gnc_gravity_gradient_torque,"gnc_inertia_max at upper end, from the middle",6700000.0;1000.0;3.1622776601683795,0.0006777675555864847
gnc_gravity_gradient_torque,"gnc_inertia_max at zero, from the middle",6700000.0;0.0;3.1622776601683795,2.150088376257698e-6
gnc_gravity_gradient_torque,"gnc_inertia_max at not a number, from the middle",6700000.0;NaN;3.1622776601683795,refused
gnc_gravity_gradient_torque,"gnc_inertia_min at lower end, from the middle",6700000.0;3.1622776601683795;0.01,2.143289199818071e-6
gnc_gravity_gradient_torque,"gnc_inertia_min at upper end, from the middle",6700000.0;3.1622776601683795;1000.0,0.0006777675555864847
gnc_gravity_gradient_torque,"gnc_inertia_min at zero, from the middle",6700000.0;3.1622776601683795;0.0,2.150088376257698e-6
gnc_gravity_gradient_torque,"gnc_inertia_min at not a number, from the middle",6700000.0;3.1622776601683795;NaN,refused
gnc_ground_pointing_error,"today",0.0;0.0,0.0
gnc_ground_pointing_error,"the middle of every range",0.02617993877991494;2050000.0,53668.87449882563
gnc_ground_pointing_error,"gnc_pointing_error at lower end, from today",0.0;0.0,0.0
gnc_ground_pointing_error,"gnc_pointing_error at upper end, from today",0.05235987755982988;0.0,0.0
gnc_ground_pointing_error,"gnc_pointing_error at zero, from today",0.0;0.0,0.0
gnc_ground_pointing_error,"gnc_pointing_error at not a number, from today",NaN;0.0,refused
gnc_ground_pointing_error,"orbit_slant_range at lower end, from today",0.0;100000.0,0.0
gnc_ground_pointing_error,"orbit_slant_range at upper end, from today",0.0;4000000.0,0.0
gnc_ground_pointing_error,"orbit_slant_range at zero, from today",0.0;0.0,0.0
gnc_ground_pointing_error,"orbit_slant_range at not a number, from today",0.0;NaN,refused
gnc_ground_pointing_error,"gnc_pointing_error at lower end, from the middle",0.0;2050000.0,0.0
gnc_ground_pointing_error,"gnc_pointing_error at upper end, from the middle",0.05235987755982988;2050000.0,refused
gnc_ground_pointing_error,"gnc_pointing_error at zero, from the middle",0.0;2050000.0,0.0
gnc_ground_pointing_error,"gnc_pointing_error at not a number, from the middle",NaN;2050000.0,refused
gnc_ground_pointing_error,"orbit_slant_range at lower end, from the middle",0.02617993877991494;100000.0,2617.993877991494
gnc_ground_pointing_error,"orbit_slant_range at upper end, from the middle",0.02617993877991494;4000000.0,refused
gnc_ground_pointing_error,"orbit_slant_range at zero, from the middle",0.02617993877991494;0.0,0.0
gnc_ground_pointing_error,"orbit_slant_range at not a number, from the middle",0.02617993877991494;NaN,refused
gnc_magnetic_torque,"today",0.05;0.0,0.0
gnc_magnetic_torque,"the middle of every range",2.5;1e-5,2.5e-5
gnc_magnetic_torque,"gnc_residual_dipole at lower end, from today",0.0;0.0,0.0
gnc_magnetic_torque,"gnc_residual_dipole at upper end, from today",5.0;0.0,0.0
gnc_magnetic_torque,"gnc_residual_dipole at zero, from today",0.0;0.0,0.0
gnc_magnetic_torque,"gnc_residual_dipole at not a number, from today",NaN;0.0,refused
gnc_magnetic_torque,"env_magnetic_field at lower end, from today",0.05;1e-6,5e-8
gnc_magnetic_torque,"env_magnetic_field at upper end, from today",0.05;0.0001,5e-6
gnc_magnetic_torque,"env_magnetic_field at zero, from today",0.05;0.0,0.0
gnc_magnetic_torque,"env_magnetic_field at not a number, from today",0.05;NaN,refused
gnc_magnetic_torque,"gnc_residual_dipole at lower end, from the middle",0.0;1e-5,0.0
gnc_magnetic_torque,"gnc_residual_dipole at upper end, from the middle",5.0;1e-5,5e-5
gnc_magnetic_torque,"gnc_residual_dipole at zero, from the middle",0.0;1e-5,0.0
gnc_magnetic_torque,"gnc_residual_dipole at not a number, from the middle",NaN;1e-5,refused
gnc_magnetic_torque,"env_magnetic_field at lower end, from the middle",2.5;1e-6,2.4999999999999998e-6
gnc_magnetic_torque,"env_magnetic_field at upper end, from the middle",2.5;0.0001,0.00025
gnc_magnetic_torque,"env_magnetic_field at zero, from the middle",2.5;0.0,0.0
gnc_magnetic_torque,"env_magnetic_field at not a number, from the middle",2.5;NaN,refused
gnc_magnetorquer_dipole,"today",0.0;0.0;2700.0,refused
gnc_magnetorquer_dipole,"the middle of every range",50.0;1e-5;2276.839915321233,refused
gnc_magnetorquer_dipole,"gnc_momentum_storage at lower end, from today",0.0;0.0;2700.0,refused
gnc_magnetorquer_dipole,"gnc_momentum_storage at upper end, from today",100.0;0.0;2700.0,refused
gnc_magnetorquer_dipole,"gnc_momentum_storage at zero, from today",0.0;0.0;2700.0,refused
gnc_magnetorquer_dipole,"gnc_momentum_storage at not a number, from today",NaN;0.0;2700.0,refused
gnc_magnetorquer_dipole,"env_magnetic_field at lower end, from today",0.0;1e-6;2700.0,0.0
gnc_magnetorquer_dipole,"env_magnetic_field at upper end, from today",0.0;0.0001;2700.0,0.0
gnc_magnetorquer_dipole,"env_magnetic_field at zero, from today",0.0;0.0;2700.0,refused
gnc_magnetorquer_dipole,"env_magnetic_field at not a number, from today",0.0;NaN;2700.0,refused
gnc_magnetorquer_dipole,"gnc_dump_time at lower end, from today",0.0;0.0;60.0,refused
gnc_magnetorquer_dipole,"gnc_dump_time at upper end, from today",0.0;0.0;86400.0,refused
gnc_magnetorquer_dipole,"gnc_dump_time at zero, from today",0.0;0.0;0.0,refused
gnc_magnetorquer_dipole,"gnc_dump_time at not a number, from today",0.0;0.0;NaN,refused
gnc_magnetorquer_dipole,"gnc_momentum_storage at lower end, from the middle",0.0;1e-5;2276.839915321233,0.0
gnc_magnetorquer_dipole,"gnc_momentum_storage at upper end, from the middle",100.0;1e-5;2276.839915321233,refused
gnc_magnetorquer_dipole,"gnc_momentum_storage at zero, from the middle",0.0;1e-5;2276.839915321233,0.0
gnc_magnetorquer_dipole,"gnc_momentum_storage at not a number, from the middle",NaN;1e-5;2276.839915321233,refused
gnc_magnetorquer_dipole,"env_magnetic_field at lower end, from the middle",50.0;1e-6;2276.839915321233,refused
gnc_magnetorquer_dipole,"env_magnetic_field at upper end, from the middle",50.0;0.0001;2276.839915321233,219.60261528947078
gnc_magnetorquer_dipole,"env_magnetic_field at zero, from the middle",50.0;0.0;2276.839915321233,refused
gnc_magnetorquer_dipole,"env_magnetic_field at not a number, from the middle",50.0;NaN;2276.839915321233,refused
gnc_magnetorquer_dipole,"gnc_dump_time at lower end, from the middle",50.0;1e-5;60.0,refused
gnc_magnetorquer_dipole,"gnc_dump_time at upper end, from the middle",50.0;1e-5;86400.0,57.87037037037037
gnc_magnetorquer_dipole,"gnc_dump_time at zero, from the middle",50.0;1e-5;0.0,refused
gnc_magnetorquer_dipole,"gnc_dump_time at not a number, from the middle",50.0;1e-5;NaN,refused
gnc_momentum_storage,"today",0.0;0.0,0.0
gnc_momentum_storage,"the middle of every range",2.5;5610.0,refused
gnc_momentum_storage,"gnc_total_disturbance at lower end, from today",0.0;0.0,0.0
gnc_momentum_storage,"gnc_total_disturbance at upper end, from today",5.0;0.0,0.0
gnc_momentum_storage,"gnc_total_disturbance at zero, from today",0.0;0.0,0.0
gnc_momentum_storage,"gnc_total_disturbance at not a number, from today",NaN;0.0,refused
gnc_momentum_storage,"orbit_period at lower end, from today",0.0;4980.0,0.0
gnc_momentum_storage,"orbit_period at upper end, from today",0.0;6240.0,0.0
gnc_momentum_storage,"orbit_period at zero, from today",0.0;0.0,0.0
gnc_momentum_storage,"orbit_period at not a number, from today",0.0;NaN,refused
gnc_momentum_storage,"gnc_total_disturbance at lower end, from the middle",0.0;5610.0,0.0
gnc_momentum_storage,"gnc_total_disturbance at upper end, from the middle",5.0;5610.0,refused
gnc_momentum_storage,"gnc_total_disturbance at zero, from the middle",0.0;5610.0,0.0
gnc_momentum_storage,"gnc_total_disturbance at not a number, from the middle",NaN;5610.0,refused
gnc_momentum_storage,"orbit_period at lower end, from the middle",2.5;4980.0,refused
gnc_momentum_storage,"orbit_period at upper end, from the middle",2.5;6240.0,refused
gnc_momentum_storage,"orbit_period at zero, from the middle",2.5;0.0,0.0
gnc_momentum_storage,"orbit_period at not a number, from the middle",2.5;NaN,refused
gnc_nav_position_error,"today",1.5;2.5,3.75
gnc_nav_position_error,"the middle of every range",1.5811388300841898;10.5,16.60195771588399
gnc_nav_position_error,"gnc_user_range_error at lower end, from today",0.05;2.5,0.125
gnc_nav_position_error,"gnc_user_range_error at upper end, from today",50.0;2.5,125.0
gnc_nav_position_error,"gnc_user_range_error at zero, from today",0.0;2.5,0.0
gnc_nav_position_error,"gnc_user_range_error at not a number, from today",NaN;2.5,refused
gnc_nav_position_error,"gnc_gdop at lower end, from today",1.5;1.0,1.5
gnc_nav_position_error,"gnc_gdop at upper end, from today",1.5;20.0,30.0
gnc_nav_position_error,"gnc_gdop at zero, from today",1.5;0.0,0.0
gnc_nav_position_error,"gnc_gdop at not a number, from today",1.5;NaN,refused
gnc_nav_position_error,"gnc_user_range_error at lower end, from the middle",0.05;10.5,0.525
gnc_nav_position_error,"gnc_user_range_error at upper end, from the middle",50.0;10.5,525.0
gnc_nav_position_error,"gnc_user_range_error at zero, from the middle",0.0;10.5,0.0
gnc_nav_position_error,"gnc_user_range_error at not a number, from the middle",NaN;10.5,refused
gnc_nav_position_error,"gnc_gdop at lower end, from the middle",1.5811388300841898;1.0,1.5811388300841898
gnc_nav_position_error,"gnc_gdop at upper end, from the middle",1.5811388300841898;20.0,31.622776601683796
gnc_nav_position_error,"gnc_gdop at zero, from the middle",1.5811388300841898;0.0,0.0
gnc_nav_position_error,"gnc_gdop at not a number, from the middle",1.5811388300841898;NaN,refused
gnc_pointing_error,"today",5.817764173314432e-5;0.0001454441043328608;0.0001939254724438144;9.69627362219072e-5,0.0008024508577159885
gnc_pointing_error,"the middle of every range",0.00020568902491473916;0.0002908882086657216;0.00041137804982947833;0.008726646259971648,0.02623079482103484
gnc_pointing_error,"gnc_sensor_noise at lower end, from today",2.42406840554768e-6;0.0001454441043328608;0.0001939254724438144;9.69627362219072e-5,0.0007832742316961332
gnc_pointing_error,"gnc_sensor_noise at upper end, from today",0.017453292519943295;0.0001454441043328608;0.0001939254724438144;9.69627362219072e-5,refused
gnc_pointing_error,"gnc_sensor_noise at zero, from today",0.0;0.0001454441043328608;0.0001939254724438144;9.69627362219072e-5,0.0007832404720585209
gnc_pointing_error,"gnc_sensor_noise at not a number, from today",NaN;0.0001454441043328608;0.0001939254724438144;9.69627362219072e-5,refused
gnc_pointing_error,"gnc_alignment_error at lower end, from today",5.817764173314432e-5;4.84813681109536e-6;0.0001939254724438144;9.69627362219072e-5,0.0006736119294944861
gnc_pointing_error,"gnc_alignment_error at upper end, from today",5.817764173314432e-5;0.017453292519943295;0.0001939254724438144;9.69627362219072e-5,refused
gnc_pointing_error,"gnc_alignment_error at zero, from today",5.817764173314432e-5;0.0;0.0001939254724438144;9.69627362219072e-5,0.0006734548920918407
gnc_pointing_error,"gnc_alignment_error at not a number, from today",5.817764173314432e-5;NaN;0.0001939254724438144;9.69627362219072e-5,refused
gnc_pointing_error,"gnc_control_error at lower end, from today",5.817764173314432e-5;0.0001454441043328608;4.84813681109536e-6;9.69627362219072e-5,0.0005528789371652424
gnc_pointing_error,"gnc_control_error at upper end, from today",5.817764173314432e-5;0.0001454441043328608;0.03490658503988659;9.69627362219072e-5,refused
gnc_pointing_error,"gnc_control_error at zero, from today",5.817764173314432e-5;0.0001454441043328608;0.0;9.69627362219072e-5,0.000552687596464871
gnc_pointing_error,"gnc_control_error at not a number, from today",5.817764173314432e-5;0.0001454441043328608;NaN;9.69627362219072e-5,refused
gnc_pointing_error,"gnc_thermal_distortion at lower end, from today",5.817764173314432e-5;0.0001454441043328608;0.0001939254724438144;0.0,0.0007478712650639636
gnc_pointing_error,"gnc_thermal_distortion at upper end, from today",5.817764173314432e-5;0.0001454441043328608;0.0001939254724438144;0.017453292519943295,refused
gnc_pointing_error,"gnc_thermal_distortion at zero, from today",5.817764173314432e-5;0.0001454441043328608;0.0001939254724438144;0.0,0.0007478712650639636
gnc_pointing_error,"gnc_thermal_distortion at not a number, from today",5.817764173314432e-5;0.0001454441043328608;0.0001939254724438144;NaN,refused
gnc_pointing_error,"gnc_sensor_noise at lower end, from the middle",2.42406840554768e-6;0.0002908882086657216;0.00041137804982947833;0.008726646259971648,0.026223536719013764
gnc_pointing_error,"gnc_sensor_noise at upper end, from the middle",0.017453292519943295;0.0002908882086657216;0.00041137804982947833;0.008726646259971648,refused
gnc_pointing_error,"gnc_sensor_noise at zero, from the middle",0.0;0.0002908882086657216;0.00041137804982947833;0.008726646259971648,0.02622353571066447
gnc_pointing_error,"gnc_sensor_noise at not a number, from the middle",NaN;0.0002908882086657216;0.00041137804982947833;0.008726646259971648,refused
gnc_pointing_error,"gnc_alignment_error at lower end, from the middle",0.00020568902491473916;4.84813681109536e-6;0.00041137804982947833;0.008726646259971648,0.026216278624809356
gnc_pointing_error,"gnc_alignment_error at upper end, from the middle",0.00020568902491473916;0.017453292519943295;0.00041137804982947833;0.008726646259971648,refused
gnc_pointing_error,"gnc_alignment_error at zero, from the middle",0.00020568902491473916;0.0;0.00041137804982947833;0.008726646259971648,0.02621627459029527
gnc_pointing_error,"gnc_alignment_error at not a number, from the middle",0.00020568902491473916;NaN;0.00041137804982947833;0.008726646259971648,refused
gnc_pointing_error,"gnc_control_error at lower end, from the middle",0.00020568902491473916;0.0002908882086657216;4.84813681109536e-6;0.008726646259971648,0.02620175034962682
gnc_pointing_error,"gnc_control_error at upper end, from the middle",0.00020568902491473916;0.0002908882086657216;0.03490658503988659;0.008726646259971648,refused
gnc_pointing_error,"gnc_control_error at zero, from the middle",0.00020568902491473916;0.0002908882086657216;0.0;0.008726646259971648,0.02620174631287568
gnc_pointing_error,"gnc_control_error at not a number, from the middle",0.00020568902491473916;0.0002908882086657216;NaN;0.008726646259971648,refused
gnc_pointing_error,"gnc_thermal_distortion at lower end, from the middle",0.00020568902491473916;0.0002908882086657216;0.00041137804982947833;0.0,0.0016326060220193052
gnc_pointing_error,"gnc_thermal_distortion at upper end, from the middle",0.00020568902491473916;0.0002908882086657216;0.00041137804982947833;0.017453292519943295,refused
gnc_pointing_error,"gnc_thermal_distortion at zero, from the middle",0.00020568902491473916;0.0002908882086657216;0.00041137804982947833;0.0,0.0016326060220193052
gnc_pointing_error,"gnc_thermal_distortion at not a number, from the middle",0.00020568902491473916;0.0002908882086657216;0.00041137804982947833;NaN,refused
gnc_solar_torque,"today",0.0;0.15;0.4363323129985824,0.0
gnc_solar_torque,"the middle of every range",0.31622776601683794;1.0;0.7417649320975901,1.6935120425211764e-6
gnc_solar_torque,"aero_frontal_area at lower end, from today",0.005;0.15;0.4363323129985824,4.937355287931415e-9
gnc_solar_torque,"aero_frontal_area at upper end, from today",20.0;0.15;0.4363323129985824,1.974942115172566e-5
gnc_solar_torque,"aero_frontal_area at zero, from today",0.0;0.15;0.4363323129985824,0.0
gnc_solar_torque,"aero_frontal_area at not a number, from today",NaN;0.15;0.4363323129985824,refused
gnc_solar_torque,"aero_cp_cm_offset at lower end, from today",0.0;0.0;0.4363323129985824,0.0
gnc_solar_torque,"aero_cp_cm_offset at upper end, from today",0.0;2.0;0.4363323129985824,0.0
gnc_solar_torque,"aero_cp_cm_offset at zero, from today",0.0;0.0;0.4363323129985824,0.0
gnc_solar_torque,"aero_cp_cm_offset at not a number, from today",0.0;NaN;0.4363323129985824,refused
gnc_solar_torque,"pwr_array_incidence at lower end, from today",0.0;0.15;0.0,0.0
gnc_solar_torque,"pwr_array_incidence at upper end, from today",0.0;0.15;1.4835298641951802,0.0
gnc_solar_torque,"pwr_array_incidence at zero, from today",0.0;0.15;0.0,0.0
gnc_solar_torque,"pwr_array_incidence at not a number, from today",0.0;0.15;NaN,refused
gnc_solar_torque,"aero_frontal_area at lower end, from the middle",0.005;1.0;0.7417649320975901,2.6776776496454193e-8
gnc_solar_torque,"aero_frontal_area at upper end, from the middle",20.0;1.0;0.7417649320975901,0.00010710710598581676
gnc_solar_torque,"aero_frontal_area at zero, from the middle",0.0;1.0;0.7417649320975901,0.0
gnc_solar_torque,"aero_frontal_area at not a number, from the middle",NaN;1.0;0.7417649320975901,refused
gnc_solar_torque,"aero_cp_cm_offset at lower end, from the middle",0.31622776601683794;0.0;0.7417649320975901,0.0
gnc_solar_torque,"aero_cp_cm_offset at upper end, from the middle",0.31622776601683794;2.0;0.7417649320975901,3.387024085042353e-6
gnc_solar_torque,"aero_cp_cm_offset at zero, from the middle",0.31622776601683794;0.0;0.7417649320975901,0.0
gnc_solar_torque,"aero_cp_cm_offset at not a number, from the middle",0.31622776601683794;NaN;0.7417649320975901,refused
gnc_solar_torque,"pwr_array_incidence at lower end, from the middle",0.31622776601683794;1.0;0.0,2.2969810110375304e-6
gnc_solar_torque,"pwr_array_incidence at upper end, from the middle",0.31622776601683794;1.0;1.4835298641951802,2.0019508609424265e-7
gnc_solar_torque,"pwr_array_incidence at zero, from the middle",0.31622776601683794;1.0;0.0,2.2969810110375304e-6
gnc_solar_torque,"pwr_array_incidence at not a number, from the middle",0.31622776601683794;1.0;NaN,refused
gnc_total_disturbance,"today",0.0;0.0;0.0;0.0,0.0
gnc_total_disturbance,"the middle of every range",0.5;0.5;0.5;0.5,2.0
gnc_total_disturbance,"aero_torque at lower end, from today",0.0;0.0;0.0;0.0,0.0
gnc_total_disturbance,"aero_torque at upper end, from today",1.0;0.0;0.0;0.0,1.0
gnc_total_disturbance,"aero_torque at zero, from today",0.0;0.0;0.0;0.0,0.0
gnc_total_disturbance,"aero_torque at not a number, from today",NaN;0.0;0.0;0.0,refused
gnc_total_disturbance,"gnc_gravity_gradient_torque at lower end, from today",0.0;0.0;0.0;0.0,0.0
gnc_total_disturbance,"gnc_gravity_gradient_torque at upper end, from today",0.0;1.0;0.0;0.0,1.0
gnc_total_disturbance,"gnc_gravity_gradient_torque at zero, from today",0.0;0.0;0.0;0.0,0.0
gnc_total_disturbance,"gnc_gravity_gradient_torque at not a number, from today",0.0;NaN;0.0;0.0,refused
gnc_total_disturbance,"gnc_solar_torque at lower end, from today",0.0;0.0;0.0;0.0,0.0
gnc_total_disturbance,"gnc_solar_torque at upper end, from today",0.0;0.0;1.0;0.0,1.0
gnc_total_disturbance,"gnc_solar_torque at zero, from today",0.0;0.0;0.0;0.0,0.0
gnc_total_disturbance,"gnc_solar_torque at not a number, from today",0.0;0.0;NaN;0.0,refused
gnc_total_disturbance,"gnc_magnetic_torque at lower end, from today",0.0;0.0;0.0;0.0,0.0
gnc_total_disturbance,"gnc_magnetic_torque at upper end, from today",0.0;0.0;0.0;1.0,1.0
gnc_total_disturbance,"gnc_magnetic_torque at zero, from today",0.0;0.0;0.0;0.0,0.0
gnc_total_disturbance,"gnc_magnetic_torque at not a number, from today",0.0;0.0;0.0;NaN,refused
gnc_total_disturbance,"aero_torque at lower end, from the middle",0.0;0.5;0.5;0.5,1.5
gnc_total_disturbance,"aero_torque at upper end, from the middle",1.0;0.5;0.5;0.5,2.5
gnc_total_disturbance,"aero_torque at zero, from the middle",0.0;0.5;0.5;0.5,1.5
gnc_total_disturbance,"aero_torque at not a number, from the middle",NaN;0.5;0.5;0.5,refused
gnc_total_disturbance,"gnc_gravity_gradient_torque at lower end, from the middle",0.5;0.0;0.5;0.5,1.5
gnc_total_disturbance,"gnc_gravity_gradient_torque at upper end, from the middle",0.5;1.0;0.5;0.5,2.5
gnc_total_disturbance,"gnc_gravity_gradient_torque at zero, from the middle",0.5;0.0;0.5;0.5,1.5
gnc_total_disturbance,"gnc_gravity_gradient_torque at not a number, from the middle",0.5;NaN;0.5;0.5,refused
gnc_total_disturbance,"gnc_solar_torque at lower end, from the middle",0.5;0.5;0.0;0.5,1.5
gnc_total_disturbance,"gnc_solar_torque at upper end, from the middle",0.5;0.5;1.0;0.5,2.5
gnc_total_disturbance,"gnc_solar_torque at zero, from the middle",0.5;0.5;0.0;0.5,1.5
gnc_total_disturbance,"gnc_solar_torque at not a number, from the middle",0.5;0.5;NaN;0.5,refused
gnc_total_disturbance,"gnc_magnetic_torque at lower end, from the middle",0.5;0.5;0.5;0.0,1.5
gnc_total_disturbance,"gnc_magnetic_torque at upper end, from the middle",0.5;0.5;0.5;1.0,2.5
gnc_total_disturbance,"gnc_magnetic_torque at zero, from the middle",0.5;0.5;0.5;0.0,1.5
gnc_total_disturbance,"gnc_magnetic_torque at not a number, from the middle",0.5;0.5;0.5;NaN,refused
kpi_availability,"today",0.99;0.0,-1.0
kpi_availability,"the middle of every range",0.749995;0.5,-0.33332888885925904
kpi_availability,"kpi_availability_required at lower end, from today",0.5;0.0,-1.0
kpi_availability,"kpi_availability_required at upper end, from today",0.99999;0.0,-1.0
kpi_availability,"kpi_availability_required at zero, from today",0.0;0.0,0.0
kpi_availability,"kpi_availability_required at not a number, from today",NaN;0.0,refused
kpi_availability,"mis_availability at lower end, from today",0.99;0.0,-1.0
kpi_availability,"mis_availability at upper end, from today",0.99;1.0,0.01010101010101011
kpi_availability,"mis_availability at zero, from today",0.99;0.0,-1.0
kpi_availability,"mis_availability at not a number, from today",0.99;NaN,refused
kpi_availability,"kpi_availability_required at lower end, from the middle",0.5;0.5,0.0
kpi_availability,"kpi_availability_required at upper end, from the middle",0.99999;0.5,-0.4999949999499995
kpi_availability,"kpi_availability_required at zero, from the middle",0.0;0.5,0.0
kpi_availability,"kpi_availability_required at not a number, from the middle",NaN;0.5,refused
kpi_availability,"mis_availability at lower end, from the middle",0.749995;0.0,-1.0
kpi_availability,"mis_availability at upper end, from the middle",0.749995;1.0,0.3333422222814819
kpi_availability,"mis_availability at zero, from the middle",0.749995;0.0,-1.0
kpi_availability,"mis_availability at not a number, from the middle",0.749995;NaN,refused
kpi_cost_per_year,"today",45000000.0;0.0,1.0
kpi_cost_per_year,"the middle of every range",31622776.60168379;500000000000.0,refused
kpi_cost_per_year,"kpi_cost_per_year_required at lower end, from today",100000.0;0.0,1.0
kpi_cost_per_year,"kpi_cost_per_year_required at upper end, from today",10000000000.0;0.0,1.0
kpi_cost_per_year,"kpi_cost_per_year_required at zero, from today",0.0;0.0,0.0
kpi_cost_per_year,"kpi_cost_per_year_required at not a number, from today",NaN;0.0,refused
kpi_cost_per_year,"cost_per_year at lower end, from today",45000000.0;0.0,1.0
kpi_cost_per_year,"cost_per_year at upper end, from today",45000000.0;1000000000000.0,refused
kpi_cost_per_year,"cost_per_year at zero, from today",45000000.0;0.0,1.0
kpi_cost_per_year,"cost_per_year at not a number, from today",45000000.0;NaN,refused
kpi_cost_per_year,"kpi_cost_per_year_required at lower end, from the middle",100000.0;500000000000.0,refused
kpi_cost_per_year,"kpi_cost_per_year_required at upper end, from the middle",10000000000.0;500000000000.0,-49.0
kpi_cost_per_year,"kpi_cost_per_year_required at zero, from the middle",0.0;500000000000.0,0.0
kpi_cost_per_year,"kpi_cost_per_year_required at not a number, from the middle",NaN;500000000000.0,refused
kpi_cost_per_year,"cost_per_year at lower end, from the middle",31622776.60168379;0.0,1.0
kpi_cost_per_year,"cost_per_year at upper end, from the middle",31622776.60168379;1000000000000.0,refused
kpi_cost_per_year,"cost_per_year at zero, from the middle",31622776.60168379;0.0,1.0
kpi_cost_per_year,"cost_per_year at not a number, from the middle",31622776.60168379;NaN,refused
kpi_data_volume,"today",500000000000.0;0.0,-1.0
kpi_data_volume,"the middle of every range",3162277660168.3794;5000000000000000.0,refused
kpi_data_volume,"kpi_data_volume_required at lower end, from today",1000000000.0;0.0,-1.0
kpi_data_volume,"kpi_data_volume_required at upper end, from today",1e16;0.0,-1.0
kpi_data_volume,"kpi_data_volume_required at zero, from today",0.0;0.0,0.0
kpi_data_volume,"kpi_data_volume_required at not a number, from today",NaN;0.0,refused
kpi_data_volume,"com_daily_volume at lower end, from today",500000000000.0;0.0,-1.0
kpi_data_volume,"com_daily_volume at upper end, from today",500000000000.0;1e16,refused
kpi_data_volume,"com_daily_volume at zero, from today",500000000000.0;0.0,-1.0
kpi_data_volume,"com_daily_volume at not a number, from today",500000000000.0;NaN,refused
kpi_data_volume,"kpi_data_volume_required at lower end, from the middle",1000000000.0;5000000000000000.0,refused
kpi_data_volume,"kpi_data_volume_required at upper end, from the middle",1e16;5000000000000000.0,-0.5
kpi_data_volume,"kpi_data_volume_required at zero, from the middle",0.0;5000000000000000.0,0.0
kpi_data_volume,"kpi_data_volume_required at not a number, from the middle",NaN;5000000000000000.0,refused
kpi_data_volume,"com_daily_volume at lower end, from the middle",3162277660168.3794;0.0,-1.0
kpi_data_volume,"com_daily_volume at upper end, from the middle",3162277660168.3794;1e16,refused
kpi_data_volume,"com_daily_volume at zero, from the middle",3162277660168.3794;0.0,-1.0
kpi_data_volume,"com_daily_volume at not a number, from the middle",3162277660168.3794;NaN,refused
kpi_geolocation,"today",500.0;0.0,1.0
kpi_geolocation,"the middle of every range",316.22776601683796;316.22776601683796,0.0
kpi_geolocation,"kpi_geolocation_required at lower end, from today",1.0;0.0,1.0
kpi_geolocation,"kpi_geolocation_required at upper end, from today",100000.0;0.0,1.0
kpi_geolocation,"kpi_geolocation_required at zero, from today",0.0;0.0,0.0
kpi_geolocation,"kpi_geolocation_required at not a number, from today",NaN;0.0,refused
kpi_geolocation,"pay_geolocation_error at lower end, from today",500.0;0.01,0.99998
kpi_geolocation,"pay_geolocation_error at upper end, from today",500.0;10000000.0,refused
kpi_geolocation,"pay_geolocation_error at zero, from today",500.0;0.0,1.0
kpi_geolocation,"pay_geolocation_error at not a number, from today",500.0;NaN,refused
kpi_geolocation,"kpi_geolocation_required at lower end, from the middle",1.0;316.22776601683796,refused
kpi_geolocation,"kpi_geolocation_required at upper end, from the middle",100000.0;316.22776601683796,0.9968377223398317
kpi_geolocation,"kpi_geolocation_required at zero, from the middle",0.0;316.22776601683796,0.0
kpi_geolocation,"kpi_geolocation_required at not a number, from the middle",NaN;316.22776601683796,refused
kpi_geolocation,"pay_geolocation_error at lower end, from the middle",316.22776601683796;0.01,0.9999683772233984
kpi_geolocation,"pay_geolocation_error at upper end, from the middle",316.22776601683796;10000000.0,refused
kpi_geolocation,"pay_geolocation_error at zero, from the middle",316.22776601683796;0.0,1.0
kpi_geolocation,"pay_geolocation_error at not a number, from the middle",316.22776601683796;NaN,refused
kpi_gsd,"today",1.0;0.0,1.0
kpi_gsd,"the middle of every range",2.23606797749979;1.0,0.5527864045000421
kpi_gsd,"kpi_gsd_required at lower end, from today",0.05;0.0,1.0
kpi_gsd,"kpi_gsd_required at upper end, from today",100.0;0.0,1.0
kpi_gsd,"kpi_gsd_required at zero, from today",0.0;0.0,0.0
kpi_gsd,"kpi_gsd_required at not a number, from today",NaN;0.0,refused
kpi_gsd,"pay_gsd at lower end, from today",1.0;0.001,0.999
kpi_gsd,"pay_gsd at upper end, from today",1.0;1000.0,refused
kpi_gsd,"pay_gsd at zero, from today",1.0;0.0,1.0
kpi_gsd,"pay_gsd at not a number, from today",1.0;NaN,refused
kpi_gsd,"kpi_gsd_required at lower end, from the middle",0.05;1.0,-18.999999999999996
kpi_gsd,"kpi_gsd_required at upper end, from the middle",100.0;1.0,0.99
kpi_gsd,"kpi_gsd_required at zero, from the middle",0.0;1.0,0.0
kpi_gsd,"kpi_gsd_required at not a number, from the middle",NaN;1.0,refused
kpi_gsd,"pay_gsd at lower end, from the middle",2.23606797749979;0.001,0.9995527864045001
kpi_gsd,"pay_gsd at upper end, from the middle",2.23606797749979;1000.0,refused
kpi_gsd,"pay_gsd at zero, from the middle",2.23606797749979;0.0,1.0
kpi_gsd,"pay_gsd at not a number, from the middle",2.23606797749979;NaN,refused
kpi_latency,"today",1800.0;0.0,1.0
kpi_latency,"the middle of every range",3219.937887599697;86400.0,-25.832815729997478
kpi_latency,"kpi_latency_required at lower end, from today",60.0;0.0,1.0
kpi_latency,"kpi_latency_required at upper end, from today",172800.0;0.0,1.0
kpi_latency,"kpi_latency_required at zero, from today",0.0;0.0,0.0
kpi_latency,"kpi_latency_required at not a number, from today",NaN;0.0,refused
kpi_latency,"mis_latency at lower end, from today",1800.0;0.0,1.0
kpi_latency,"mis_latency at upper end, from today",1800.0;172800.0,-95.0
kpi_latency,"mis_latency at zero, from today",1800.0;0.0,1.0
kpi_latency,"mis_latency at not a number, from today",1800.0;NaN,refused
kpi_latency,"kpi_latency_required at lower end, from the middle",60.0;86400.0,refused
kpi_latency,"kpi_latency_required at upper end, from the middle",172800.0;86400.0,0.5
kpi_latency,"kpi_latency_required at zero, from the middle",0.0;86400.0,0.0
kpi_latency,"kpi_latency_required at not a number, from the middle",NaN;86400.0,refused
kpi_latency,"mis_latency at lower end, from the middle",3219.937887599697;0.0,1.0
kpi_latency,"mis_latency at upper end, from the middle",3219.937887599697;172800.0,-52.665631459994955
kpi_latency,"mis_latency at zero, from the middle",3219.937887599697;0.0,1.0
kpi_latency,"mis_latency at not a number, from the middle",3219.937887599697;NaN,refused
kpi_mass_margin,"today",0.1;0.0,-1.0
kpi_mass_margin,"the middle of every range",0.45;-2.0,-5.444444444444445
kpi_mass_margin,"kpi_mass_margin_required at lower end, from today",0.0;0.0,0.0
kpi_mass_margin,"kpi_mass_margin_required at upper end, from today",0.9;0.0,-1.0
kpi_mass_margin,"kpi_mass_margin_required at zero, from today",0.0;0.0,0.0
kpi_mass_margin,"kpi_mass_margin_required at not a number, from today",NaN;0.0,refused
kpi_mass_margin,"mass_margin at lower end, from today",0.1;-5.0,-50.99999999999999
kpi_mass_margin,"mass_margin at upper end, from today",0.1;1.0,9.0
kpi_mass_margin,"mass_margin at zero, from today",0.1;0.0,-1.0
kpi_mass_margin,"mass_margin at not a number, from today",0.1;NaN,refused
kpi_mass_margin,"kpi_mass_margin_required at lower end, from the middle",0.0;-2.0,0.0
kpi_mass_margin,"kpi_mass_margin_required at upper end, from the middle",0.9;-2.0,-3.222222222222222
kpi_mass_margin,"kpi_mass_margin_required at zero, from the middle",0.0;-2.0,0.0
kpi_mass_margin,"kpi_mass_margin_required at not a number, from the middle",NaN;-2.0,refused
kpi_mass_margin,"mass_margin at lower end, from the middle",0.45;-5.0,-12.11111111111111
kpi_mass_margin,"mass_margin at upper end, from the middle",0.45;1.0,1.2222222222222223
kpi_mass_margin,"mass_margin at zero, from the middle",0.45;0.0,-1.0
kpi_mass_margin,"mass_margin at not a number, from the middle",0.45;NaN,refused
kpi_power_margin,"today",0.2;0.0,-1.0
kpi_power_margin,"the middle of every range",0.5;49.5,98.0
kpi_power_margin,"kpi_power_margin_required at lower end, from today",0.0;0.0,0.0
kpi_power_margin,"kpi_power_margin_required at upper end, from today",1.0;0.0,-1.0
kpi_power_margin,"kpi_power_margin_required at zero, from today",0.0;0.0,0.0
kpi_power_margin,"kpi_power_margin_required at not a number, from today",NaN;0.0,refused
kpi_power_margin,"pwr_margin at lower end, from today",0.2;-1.0,-5.999999999999999
kpi_power_margin,"pwr_margin at upper end, from today",0.2;100.0,498.99999999999994
kpi_power_margin,"pwr_margin at zero, from today",0.2;0.0,-1.0
kpi_power_margin,"pwr_margin at not a number, from today",0.2;NaN,refused
kpi_power_margin,"kpi_power_margin_required at lower end, from the middle",0.0;49.5,0.0
kpi_power_margin,"kpi_power_margin_required at upper end, from the middle",1.0;49.5,48.5
kpi_power_margin,"kpi_power_margin_required at zero, from the middle",0.0;49.5,0.0
kpi_power_margin,"kpi_power_margin_required at not a number, from the middle",NaN;49.5,refused
kpi_power_margin,"pwr_margin at lower end, from the middle",0.5;-1.0,-3.0
kpi_power_margin,"pwr_margin at upper end, from the middle",0.5;100.0,199.0
kpi_power_margin,"pwr_margin at zero, from the middle",0.5;0.0,-1.0
kpi_power_margin,"pwr_margin at not a number, from the middle",0.5;NaN,refused
kpi_revisit,"today",21600.0;0.0,1.0
kpi_revisit,"the middle of every range",30547.012947258852;4320000.0,refused
kpi_revisit,"kpi_revisit_required at lower end, from today",360.0;0.0,1.0
kpi_revisit,"kpi_revisit_required at upper end, from today",2592000.0;0.0,1.0
kpi_revisit,"kpi_revisit_required at zero, from today",0.0;0.0,0.0
kpi_revisit,"kpi_revisit_required at not a number, from today",NaN;0.0,refused
kpi_revisit,"mis_revisit at lower end, from today",21600.0;0.0,1.0
kpi_revisit,"mis_revisit at upper end, from today",21600.0;8640000.0,refused
kpi_revisit,"mis_revisit at zero, from today",21600.0;0.0,1.0
kpi_revisit,"mis_revisit at not a number, from today",21600.0;NaN,refused
kpi_revisit,"kpi_revisit_required at lower end, from the middle",360.0;4320000.0,refused
kpi_revisit,"kpi_revisit_required at upper end, from the middle",2592000.0;4320000.0,-0.6666666666666666
kpi_revisit,"kpi_revisit_required at zero, from the middle",0.0;4320000.0,0.0
kpi_revisit,"kpi_revisit_required at not a number, from the middle",NaN;4320000.0,refused
kpi_revisit,"mis_revisit at lower end, from the middle",30547.012947258852;0.0,1.0
kpi_revisit,"mis_revisit at upper end, from the middle",30547.012947258852;8640000.0,refused
kpi_revisit,"mis_revisit at zero, from the middle",30547.012947258852;0.0,1.0
kpi_revisit,"mis_revisit at not a number, from the middle",30547.012947258852;NaN,refused
kpi_service_lifetime,"today",157788000.0;0.0,-1.0
kpi_service_lifetime,"the middle of every range",49896946.744264826;1576800000.0,30.601131990731236
kpi_service_lifetime,"kpi_service_lifetime_required at lower end, from today",3155760.0;0.0,-1.0
kpi_service_lifetime,"kpi_service_lifetime_required at upper end, from today",788940000.0;0.0,-1.0
kpi_service_lifetime,"kpi_service_lifetime_required at zero, from today",0.0;0.0,0.0
kpi_service_lifetime,"kpi_service_lifetime_required at not a number, from today",NaN;0.0,refused
kpi_service_lifetime,"orbit_lifetime_uncontrolled at lower end, from today",157788000.0;0.0,-1.0
kpi_service_lifetime,"orbit_lifetime_uncontrolled at upper end, from today",157788000.0;3153600000.0,18.98631074606434
kpi_service_lifetime,"orbit_lifetime_uncontrolled at zero, from today",157788000.0;0.0,-1.0
kpi_service_lifetime,"orbit_lifetime_uncontrolled at not a number, from today",157788000.0;NaN,refused
kpi_service_lifetime,"kpi_service_lifetime_required at lower end, from the middle",3155760.0;1576800000.0,498.6577686516085
kpi_service_lifetime,"kpi_service_lifetime_required at upper end, from the middle",788940000.0;1576800000.0,0.998631074606434
kpi_service_lifetime,"kpi_service_lifetime_required at zero, from the middle",0.0;1576800000.0,0.0
kpi_service_lifetime,"kpi_service_lifetime_required at not a number, from the middle",NaN;1576800000.0,refused
kpi_service_lifetime,"orbit_lifetime_uncontrolled at lower end, from the middle",49896946.744264826;0.0,-1.0
kpi_service_lifetime,"orbit_lifetime_uncontrolled at upper end, from the middle",49896946.744264826;3153600000.0,62.20226398146248
kpi_service_lifetime,"orbit_lifetime_uncontrolled at zero, from the middle",49896946.744264826;0.0,-1.0
kpi_service_lifetime,"orbit_lifetime_uncontrolled at not a number, from the middle",49896946.744264826;NaN,refused
kpi_thermal_margin,"today",10.0;0.0,-1.0
kpi_thermal_margin,"the middle of every range",50.0;0.0,-1.0
kpi_thermal_margin,"kpi_thermal_margin_required at lower end, from today",0.0;0.0,0.0
kpi_thermal_margin,"kpi_thermal_margin_required at upper end, from today",100.0;0.0,-1.0
kpi_thermal_margin,"kpi_thermal_margin_required at zero, from today",0.0;0.0,0.0
kpi_thermal_margin,"kpi_thermal_margin_required at not a number, from today",NaN;0.0,refused
kpi_thermal_margin,"thm_margin at lower end, from today",10.0;-500.0,-51.0
kpi_thermal_margin,"thm_margin at upper end, from today",10.0;500.0,49.0
kpi_thermal_margin,"thm_margin at zero, from today",10.0;0.0,-1.0
kpi_thermal_margin,"thm_margin at not a number, from today",10.0;NaN,refused
kpi_thermal_margin,"kpi_thermal_margin_required at lower end, from the middle",0.0;0.0,0.0
kpi_thermal_margin,"kpi_thermal_margin_required at upper end, from the middle",100.0;0.0,-1.0
kpi_thermal_margin,"kpi_thermal_margin_required at zero, from the middle",0.0;0.0,0.0
kpi_thermal_margin,"kpi_thermal_margin_required at not a number, from the middle",NaN;0.0,refused
kpi_thermal_margin,"thm_margin at lower end, from the middle",50.0;-500.0,-11.0
kpi_thermal_margin,"thm_margin at upper end, from the middle",50.0;500.0,9.0
kpi_thermal_margin,"thm_margin at zero, from the middle",50.0;0.0,-1.0
kpi_thermal_margin,"thm_margin at not a number, from the middle",50.0;NaN,refused
kpi_thrust_margin,"today",1.0;0.0,-1.0
kpi_thrust_margin,"the middle of every range",2.55;50.0,18.607843137254903
kpi_thrust_margin,"kpi_thrust_margin_required at lower end, from today",0.1;0.0,-1.0
kpi_thrust_margin,"kpi_thrust_margin_required at upper end, from today",5.0;0.0,-1.0
kpi_thrust_margin,"kpi_thrust_margin_required at zero, from today",0.0;0.0,0.0
kpi_thrust_margin,"kpi_thrust_margin_required at not a number, from today",NaN;0.0,refused
kpi_thrust_margin,"prop_thrust_to_drag at lower end, from today",1.0;0.0,-1.0
kpi_thrust_margin,"prop_thrust_to_drag at upper end, from today",1.0;100.0,99.0
kpi_thrust_margin,"prop_thrust_to_drag at zero, from today",1.0;0.0,-1.0
kpi_thrust_margin,"prop_thrust_to_drag at not a number, from today",1.0;NaN,refused
kpi_thrust_margin,"kpi_thrust_margin_required at lower end, from the middle",0.1;50.0,498.99999999999994
kpi_thrust_margin,"kpi_thrust_margin_required at upper end, from the middle",5.0;50.0,9.0
kpi_thrust_margin,"kpi_thrust_margin_required at zero, from the middle",0.0;50.0,0.0
kpi_thrust_margin,"kpi_thrust_margin_required at not a number, from the middle",NaN;50.0,refused
kpi_thrust_margin,"prop_thrust_to_drag at lower end, from the middle",2.55;0.0,-1.0
kpi_thrust_margin,"prop_thrust_to_drag at upper end, from the middle",2.55;100.0,38.21568627450981
kpi_thrust_margin,"prop_thrust_to_drag at zero, from the middle",2.55;0.0,-1.0
kpi_thrust_margin,"prop_thrust_to_drag at not a number, from the middle",2.55;NaN,refused
l3_solar_ach_01,"today",104.07133385094359;260.0,0.5997256390348324
l3_solar_ach_01,"the middle of every range",230.0;230.0,0.0
l3_solar_ach_01,"case «the sustained F10.7 the record presents against the 260 sfu commitment»",104.0713338509;260.0,0.599725639035
l3_solar_ach_01,"case «exactly on the bound, where the margin must be zero and the closure still closed»",260.0;260.0,0.0
l3_solar_ach_01,"case «twice the bound, where the margin must be -1 and the closure must fail»",520.0;260.0,-1.0
l3_solar_ach_01,"sw_f107_design_long at lower end, from today",60.0;260.0,0.7692307692307693
l3_solar_ach_01,"sw_f107_design_long at upper end, from today",400.0;260.0,-0.5384615384615384
l3_solar_ach_01,"sw_f107_design_long at zero, from today",0.0;260.0,1.0
l3_solar_ach_01,"sw_f107_design_long at not a number, from today",NaN;260.0,refused
l3_solar_ach_01,"l3_solar_req_01 at lower end, from today",104.07133385094359;60.0,-0.7345222308490598
l3_solar_ach_01,"l3_solar_req_01 at upper end, from today",104.07133385094359;400.0,0.739821665372641
l3_solar_ach_01,"l3_solar_req_01 at zero, from today",104.07133385094359;0.0,0.0
l3_solar_ach_01,"l3_solar_req_01 at not a number, from today",104.07133385094359;NaN,refused
l3_solar_ach_01,"sw_f107_design_long at lower end, from the middle",60.0;230.0,0.7391304347826086
l3_solar_ach_01,"sw_f107_design_long at upper end, from the middle",400.0;230.0,-0.7391304347826086
l3_solar_ach_01,"sw_f107_design_long at zero, from the middle",0.0;230.0,1.0
l3_solar_ach_01,"sw_f107_design_long at not a number, from the middle",NaN;230.0,refused
l3_solar_ach_01,"l3_solar_req_01 at lower end, from the middle",230.0;60.0,-2.8333333333333335
l3_solar_ach_01,"l3_solar_req_01 at upper end, from the middle",230.0;400.0,0.425
l3_solar_ach_01,"l3_solar_req_01 at zero, from the middle",230.0;0.0,0.0
l3_solar_ach_01,"l3_solar_req_01 at not a number, from the middle",230.0;NaN,refused
l3_solar_ach_02,"today",124.14359951622059;350.0,0.6453040013822269
l3_solar_ach_02,"the middle of every range",230.0;230.0,0.0
l3_solar_ach_02,"case «the worst single day against the 350 sfu commitment»",124.14360006;350.0,0.6453039998285715
l3_solar_ach_02,"case «exactly on the bound, where the margin must be zero and the closure still closed»",350.0;350.0,0.0
l3_solar_ach_02,"case «twice the bound, where the margin must be -1 and the closure must fail»",700.0;350.0,-1.0
l3_solar_ach_02,"sw_f107_design_short at lower end, from today",60.0;350.0,0.8285714285714286
l3_solar_ach_02,"sw_f107_design_short at upper end, from today",400.0;350.0,-0.14285714285714285
l3_solar_ach_02,"sw_f107_design_short at zero, from today",0.0;350.0,1.0
l3_solar_ach_02,"sw_f107_design_short at not a number, from today",NaN;350.0,refused
l3_solar_ach_02,"l3_solar_req_02 at lower end, from today",124.14359951622059;60.0,-1.0690599919370098
l3_solar_ach_02,"l3_solar_req_02 at upper end, from today",124.14359951622059;400.0,0.6896410012094485
l3_solar_ach_02,"l3_solar_req_02 at zero, from today",124.14359951622059;0.0,0.0
l3_solar_ach_02,"l3_solar_req_02 at not a number, from today",124.14359951622059;NaN,refused
l3_solar_ach_02,"sw_f107_design_short at lower end, from the middle",60.0;230.0,0.7391304347826086
l3_solar_ach_02,"sw_f107_design_short at upper end, from the middle",400.0;230.0,-0.7391304347826086
l3_solar_ach_02,"sw_f107_design_short at zero, from the middle",0.0;230.0,1.0
l3_solar_ach_02,"sw_f107_design_short at not a number, from the middle",NaN;230.0,refused
l3_solar_ach_02,"l3_solar_req_02 at lower end, from the middle",230.0;60.0,-2.8333333333333335
l3_solar_ach_02,"l3_solar_req_02 at upper end, from the middle",230.0;400.0,0.425
l3_solar_ach_02,"l3_solar_req_02 at zero, from the middle",230.0;0.0,0.0
l3_solar_ach_02,"l3_solar_req_02 at not a number, from the middle",230.0;NaN,refused
l3_solar_ach_03,"today",158.3842174742408;207.0,0.23485885278144536
l3_solar_ach_03,"the middle of every range",125.0;210.0,0.40476190476190477
l3_solar_ach_03,"case «the once-per-mission storm against the G4 survival bound»",158.3842172;207.0,0.2348588541062802
l3_solar_ach_03,"case «exactly on the bound, where the margin must be zero and the closure still closed»",207.0;207.0,0.0
l3_solar_ach_03,"case «twice the bound, where the margin must be -1 and the closure must fail»",414.0;207.0,-1.0
l3_solar_ach_03,"sw_storm_return_level at lower end, from today",20.0;207.0,0.9033816425120773
l3_solar_ach_03,"sw_storm_return_level at upper end, from today",230.0;207.0,-0.1111111111111111
l3_solar_ach_03,"sw_storm_return_level at zero, from today",0.0;207.0,1.0
l3_solar_ach_03,"sw_storm_return_level at not a number, from today",NaN;207.0,refused
l3_solar_ach_03,"l3_solar_req_03 at lower end, from today",158.3842174742408;20.0,-6.919210873712041
l3_solar_ach_03,"l3_solar_req_03 at upper end, from today",158.3842174742408;400.0,0.6040394563143979
l3_solar_ach_03,"l3_solar_req_03 at zero, from today",158.3842174742408;0.0,0.0
l3_solar_ach_03,"l3_solar_req_03 at not a number, from today",158.3842174742408;NaN,refused
l3_solar_ach_03,"sw_storm_return_level at lower end, from the middle",20.0;210.0,0.9047619047619048
l3_solar_ach_03,"sw_storm_return_level at upper end, from the middle",230.0;210.0,-0.09523809523809523
l3_solar_ach_03,"sw_storm_return_level at zero, from the middle",0.0;210.0,1.0
l3_solar_ach_03,"sw_storm_return_level at not a number, from the middle",NaN;210.0,refused
l3_solar_ach_03,"l3_solar_req_03 at lower end, from the middle",125.0;20.0,-5.25
l3_solar_ach_03,"l3_solar_req_03 at upper end, from the middle",125.0;400.0,0.6875
l3_solar_ach_03,"l3_solar_req_03 at zero, from the middle",125.0;0.0,0.0
l3_solar_ach_03,"l3_solar_req_03 at not a number, from the middle",125.0;NaN,refused
l3_solar_ach_04,"today",26.69530964;48.0,0.4438477158333333
l3_solar_ach_04,"the middle of every range",150.0;200.0,0.25
l3_solar_ach_04,"case «the sustained hot Ap against the Ap 48 commitment»",26.6953103;48.0,0.44384770208333335
l3_solar_ach_04,"case «exactly on the bound, where the margin must be zero and the closure still closed»",48.0;48.0,0.0
l3_solar_ach_04,"case «twice the bound, where the margin must be -1 and the closure must fail»",96.0;48.0,-1.0
l3_solar_ach_04,"sw_ap_design_long at lower end, from today",0.0;48.0,1.0
l3_solar_ach_04,"sw_ap_design_long at upper end, from today",300.0;48.0,-5.25
l3_solar_ach_04,"sw_ap_design_long at zero, from today",0.0;48.0,1.0
l3_solar_ach_04,"sw_ap_design_long at not a number, from today",NaN;48.0,refused
l3_solar_ach_04,"l3_solar_req_04 at lower end, from today",26.69530964;0.0,0.0
l3_solar_ach_04,"l3_solar_req_04 at upper end, from today",26.69530964;400.0,0.9332617259
l3_solar_ach_04,"l3_solar_req_04 at zero, from today",26.69530964;0.0,0.0
l3_solar_ach_04,"l3_solar_req_04 at not a number, from today",26.69530964;NaN,refused
l3_solar_ach_04,"sw_ap_design_long at lower end, from the middle",0.0;200.0,1.0
l3_solar_ach_04,"sw_ap_design_long at upper end, from the middle",300.0;200.0,-0.5
l3_solar_ach_04,"sw_ap_design_long at zero, from the middle",0.0;200.0,1.0
l3_solar_ach_04,"sw_ap_design_long at not a number, from the middle",NaN;200.0,refused
l3_solar_ach_04,"l3_solar_req_04 at lower end, from the middle",150.0;0.0,0.0
l3_solar_ach_04,"l3_solar_req_04 at upper end, from the middle",150.0;400.0,0.625
l3_solar_ach_04,"l3_solar_req_04 at zero, from the middle",150.0;0.0,0.0
l3_solar_ach_04,"l3_solar_req_04 at not a number, from the middle",150.0;NaN,refused
l3_solar_ach_05,"today",90.54720964;132.0,0.3140362906060606
l3_solar_ach_05,"the middle of every range",200.0;200.0,0.0
l3_solar_ach_05,"case «the hot scenario worst day against the G3 operating bound»",90.5472097;132.0,0.3140362901515152
l3_solar_ach_05,"case «exactly on the bound, where the margin must be zero and the closure still closed»",132.0;132.0,0.0
l3_solar_ach_05,"case «twice the bound, where the margin must be -1 and the closure must fail»",264.0;132.0,-1.0
l3_solar_ach_05,"sw_ap_design_short at lower end, from today",0.0;132.0,1.0
l3_solar_ach_05,"sw_ap_design_short at upper end, from today",400.0;132.0,-2.0303030303030303
l3_solar_ach_05,"sw_ap_design_short at zero, from today",0.0;132.0,1.0
l3_solar_ach_05,"sw_ap_design_short at not a number, from today",NaN;132.0,refused
l3_solar_ach_05,"l3_solar_req_05 at lower end, from today",90.54720964;0.0,0.0
l3_solar_ach_05,"l3_solar_req_05 at upper end, from today",90.54720964;400.0,0.7736319759
l3_solar_ach_05,"l3_solar_req_05 at zero, from today",90.54720964;0.0,0.0
l3_solar_ach_05,"l3_solar_req_05 at not a number, from today",90.54720964;NaN,refused
l3_solar_ach_05,"sw_ap_design_short at lower end, from the middle",0.0;200.0,1.0
l3_solar_ach_05,"sw_ap_design_short at upper end, from the middle",400.0;200.0,-1.0
l3_solar_ach_05,"sw_ap_design_short at zero, from the middle",0.0;200.0,1.0
l3_solar_ach_05,"sw_ap_design_short at not a number, from the middle",NaN;200.0,refused
l3_solar_ach_05,"l3_solar_req_05 at lower end, from the middle",200.0;0.0,0.0
l3_solar_ach_05,"l3_solar_req_05 at upper end, from the middle",200.0;400.0,0.5
l3_solar_ach_05,"l3_solar_req_05 at zero, from the middle",200.0;0.0,0.0
l3_solar_ach_05,"l3_solar_req_05 at not a number, from the middle",200.0;NaN,refused
l3_solar_interface,"today",86.84972489094359;104.07133385094359;69.6281159309436;124.14359951622059;65.2411159309436;22.095389;26.69530964;17.49546836;90.54720964;4.9319536204504;3.548298854814815;3.8317523368599264;3.1661753613633334;5.8022794796410055;1.2712527528017867;4.79556964;5.19777061216;4.277377952290019;7.996613371019828;2.22958608613512,104.07133385094359;86.84972489094359;69.6281159309436;124.14359951622059;65.2411159309436;86.84972489094359;104.07133385094359;69.6281159309436;104.07133385094359;69.6281159309436;22.095389;26.69530964;17.49546836;90.54720964;4.9319536204504;3.548298854814815;3.8317523368599264;3.1661753613633334;5.8022794796410055;1.2712527528017867;4.79556964;5.19777061216;4.277377952290019;7.996613371019828;2.22958608613512
l3_solar_interface,"the middle of every range",230.0;230.0;230.0;230.0;230.0;20.5;150.0;150.0;200.0;200.0;4.5;4.5;4.5;4.5;4.5;4.5;4.5;4.5;4.5;4.5,230.0;230.0;230.0;230.0;230.0;230.0;230.0;230.0;230.0;230.0;20.5;150.0;150.0;200.0;200.0;4.5;4.5;4.5;4.5;4.5;4.5;4.5;4.5;4.5;4.5
l3_solar_interface,"case «the sustained hot F10.7 crosses unchanged, from sw_f107_design_long»",158.3304112313;175.5520201913;141.1088022713;124.1432752988;65.24109104;22.095389;26.69530964;17.49546836;90.54720964;4.9319536205;3.5482988548;3.8317523369;3.1661753614;5.8022794796;1.2712527528;4.79556964;5.1977706122;4.2773779523;7.996613371;2.2295860861,175.5520201913;158.3304112313;141.1088022713;124.1432752988;65.24109104;158.3304112313;175.5520201913;141.1088022713;175.5520201913;141.1088022713;22.095389;26.69530964;17.49546836;90.54720964;4.9319536205;3.5482988548;3.8317523369;3.1661753614;5.8022794796;1.2712527528;4.79556964;5.1977706122;4.2773779523;7.996613371;2.2295860861
l3_solar_interface,"case «the nominal F10.7 crosses unchanged, from sw_central_expectation»",158.3304112313;175.5520201913;141.1088022713;124.1432752988;65.24109104;22.095389;26.69530964;17.49546836;90.54720964;4.9319536205;3.5482988548;3.8317523369;3.1661753614;5.8022794796;1.2712527528;4.79556964;5.1977706122;4.2773779523;7.996613371;2.2295860861,175.5520201913;158.3304112313;141.1088022713;124.1432752988;65.24109104;158.3304112313;175.5520201913;141.1088022713;175.5520201913;141.1088022713;22.095389;26.69530964;17.49546836;90.54720964;4.9319536205;3.5482988548;3.8317523369;3.1661753614;5.8022794796;1.2712527528;4.79556964;5.1977706122;4.2773779523;7.996613371;2.2295860861
l3_solar_interface,"case «the sustained cold F10.7 crosses unchanged, from sw_f107_cold_long»",158.3304112313;175.5520201913;141.1088022713;124.1432752988;65.24109104;22.095389;26.69530964;17.49546836;90.54720964;4.9319536205;3.5482988548;3.8317523369;3.1661753614;5.8022794796;1.2712527528;4.79556964;5.1977706122;4.2773779523;7.996613371;2.2295860861,175.5520201913;158.3304112313;141.1088022713;124.1432752988;65.24109104;158.3304112313;175.5520201913;141.1088022713;175.5520201913;141.1088022713;22.095389;26.69530964;17.49546836;90.54720964;4.9319536205;3.5482988548;3.8317523369;3.1661753614;5.8022794796;1.2712527528;4.79556964;5.1977706122;4.2773779523;7.996613371;2.2295860861
l3_solar_interface,"case «the hot single day crosses unchanged, from sw_f107_design_short»",158.3304112313;175.5520201913;141.1088022713;124.1432752988;65.24109104;22.095389;26.69530964;17.49546836;90.54720964;4.9319536205;3.5482988548;3.8317523369;3.1661753614;5.8022794796;1.2712527528;4.79556964;5.1977706122;4.2773779523;7.996613371;2.2295860861,175.5520201913;158.3304112313;141.1088022713;124.1432752988;65.24109104;158.3304112313;175.5520201913;141.1088022713;175.5520201913;141.1088022713;22.095389;26.69530964;17.49546836;90.54720964;4.9319536205;3.5482988548;3.8317523369;3.1661753614;5.8022794796;1.2712527528;4.79556964;5.1977706122;4.2773779523;7.996613371;2.2295860861
l3_solar_interface,"case «the cold single day crosses unchanged, from sw_f107_cold_short»",158.3304112313;175.5520201913;141.1088022713;124.1432752988;65.24109104;22.095389;26.69530964;17.49546836;90.54720964;4.9319536205;3.5482988548;3.8317523369;3.1661753614;5.8022794796;1.2712527528;4.79556964;5.1977706122;4.2773779523;7.996613371;2.2295860861,175.5520201913;158.3304112313;141.1088022713;124.1432752988;65.24109104;158.3304112313;175.5520201913;141.1088022713;175.5520201913;141.1088022713;22.095389;26.69530964;17.49546836;90.54720964;4.9319536205;3.5482988548;3.8317523369;3.1661753614;5.8022794796;1.2712527528;4.79556964;5.1977706122;4.2773779523;7.996613371;2.2295860861
l3_solar_interface,"case «the nominal scenario's 81-day mean is its own value — a *mean scenario IS its mean»",158.3304112313;175.5520201913;141.1088022713;124.1432752988;65.24109104;22.095389;26.69530964;17.49546836;90.54720964;4.9319536205;3.5482988548;3.8317523369;3.1661753614;5.8022794796;1.2712527528;4.79556964;5.1977706122;4.2773779523;7.996613371;2.2295860861,175.5520201913;158.3304112313;141.1088022713;124.1432752988;65.24109104;158.3304112313;175.5520201913;141.1088022713;175.5520201913;141.1088022713;22.095389;26.69530964;17.49546836;90.54720964;4.9319536205;3.5482988548;3.8317523369;3.1661753614;5.8022794796;1.2712527528;4.79556964;5.1977706122;4.2773779523;7.996613371;2.2295860861
l3_solar_interface,"case «the hot sustained scenario's 81-day mean is its own value»",158.3304112313;175.5520201913;141.1088022713;124.1432752988;65.24109104;22.095389;26.69530964;17.49546836;90.54720964;4.9319536205;3.5482988548;3.8317523369;3.1661753614;5.8022794796;1.2712527528;4.79556964;5.1977706122;4.2773779523;7.996613371;2.2295860861,175.5520201913;158.3304112313;141.1088022713;124.1432752988;65.24109104;158.3304112313;175.5520201913;141.1088022713;175.5520201913;141.1088022713;22.095389;26.69530964;17.49546836;90.54720964;4.9319536205;3.5482988548;3.8317523369;3.1661753614;5.8022794796;1.2712527528;4.79556964;5.1977706122;4.2773779523;7.996613371;2.2295860861
l3_solar_interface,"case «the cold sustained scenario's 81-day mean is its own value»",158.3304112313;175.5520201913;141.1088022713;124.1432752988;65.24109104;22.095389;26.69530964;17.49546836;90.54720964;4.9319536205;3.5482988548;3.8317523369;3.1661753614;5.8022794796;1.2712527528;4.79556964;5.1977706122;4.2773779523;7.996613371;2.2295860861,175.5520201913;158.3304112313;141.1088022713;124.1432752988;65.24109104;158.3304112313;175.5520201913;141.1088022713;175.5520201913;141.1088022713;22.095389;26.69530964;17.49546836;90.54720964;4.9319536205;3.5482988548;3.8317523369;3.1661753614;5.8022794796;1.2712527528;4.79556964;5.1977706122;4.2773779523;7.996613371;2.2295860861
l3_solar_interface,"case «THE HOT DAY RIDES ON THE HOT MEAN — its 81-day mean is 175.55, not its own 209.78. The one member that is not a copy of its namesake input»",158.3304112313;175.5520201913;141.1088022713;124.1432752988;65.24109104;22.095389;26.69530964;17.49546836;90.54720964;4.9319536205;3.5482988548;3.8317523369;3.1661753614;5.8022794796;1.2712527528;4.79556964;5.1977706122;4.2773779523;7.996613371;2.2295860861,175.5520201913;158.3304112313;141.1088022713;124.1432752988;65.24109104;158.3304112313;175.5520201913;141.1088022713;175.5520201913;141.1088022713;22.095389;26.69530964;17.49546836;90.54720964;4.9319536205;3.5482988548;3.8317523369;3.1661753614;5.8022794796;1.2712527528;4.79556964;5.1977706122;4.2773779523;7.996613371;2.2295860861
l3_solar_interface,"case «THE COLD DAY RIDES ON THE COLD MEAN — its 81-day mean is 141.11, not its own 109.84»",158.3304112313;175.5520201913;141.1088022713;124.1432752988;65.24109104;22.095389;26.69530964;17.49546836;90.54720964;4.9319536205;3.5482988548;3.8317523369;3.1661753614;5.8022794796;1.2712527528;4.79556964;5.1977706122;4.2773779523;7.996613371;2.2295860861,175.5520201913;158.3304112313;141.1088022713;124.1432752988;65.24109104;158.3304112313;175.5520201913;141.1088022713;175.5520201913;141.1088022713;22.095389;26.69530964;17.49546836;90.54720964;4.9319536205;3.5482988548;3.8317523369;3.1661753614;5.8022794796;1.2712527528;4.79556964;5.1977706122;4.2773779523;7.996613371;2.2295860861
l3_solar_interface,"case «the nominal Ap crosses unchanged, from sw_ap_central_expectation»",158.3304112313;175.5520201913;141.1088022713;124.1432752988;65.24109104;22.095389;26.69530964;17.49546836;90.54720964;4.9319536205;3.5482988548;3.8317523369;3.1661753614;5.8022794796;1.2712527528;4.79556964;5.1977706122;4.2773779523;7.996613371;2.2295860861,175.5520201913;158.3304112313;141.1088022713;124.1432752988;65.24109104;158.3304112313;175.5520201913;141.1088022713;175.5520201913;141.1088022713;22.095389;26.69530964;17.49546836;90.54720964;4.9319536205;3.5482988548;3.8317523369;3.1661753614;5.8022794796;1.2712527528;4.79556964;5.1977706122;4.2773779523;7.996613371;2.2295860861
l3_solar_interface,"case «the sustained disturbed Ap crosses unchanged, from sw_ap_design_long»",158.3304112313;175.5520201913;141.1088022713;124.1432752988;65.24109104;22.095389;26.69530964;17.49546836;90.54720964;4.9319536205;3.5482988548;3.8317523369;3.1661753614;5.8022794796;1.2712527528;4.79556964;5.1977706122;4.2773779523;7.996613371;2.2295860861,175.5520201913;158.3304112313;141.1088022713;124.1432752988;65.24109104;158.3304112313;175.5520201913;141.1088022713;175.5520201913;141.1088022713;22.095389;26.69530964;17.49546836;90.54720964;4.9319536205;3.5482988548;3.8317523369;3.1661753614;5.8022794796;1.2712527528;4.79556964;5.1977706122;4.2773779523;7.996613371;2.2295860861
l3_solar_interface,"case «the sustained quiet Ap crosses unchanged, from sw_ap_cold_long»",158.3304112313;175.5520201913;141.1088022713;124.1432752988;65.24109104;22.095389;26.69530964;17.49546836;90.54720964;4.9319536205;3.5482988548;3.8317523369;3.1661753614;5.8022794796;1.2712527528;4.79556964;5.1977706122;4.2773779523;7.996613371;2.2295860861,175.5520201913;158.3304112313;141.1088022713;124.1432752988;65.24109104;158.3304112313;175.5520201913;141.1088022713;175.5520201913;141.1088022713;22.095389;26.69530964;17.49546836;90.54720964;4.9319536205;3.5482988548;3.8317523369;3.1661753614;5.8022794796;1.2712527528;4.79556964;5.1977706122;4.2773779523;7.996613371;2.2295860861
l3_solar_interface,"case «the most disturbed single day crosses unchanged, from sw_ap_design_short»",158.3304112313;175.5520201913;141.1088022713;124.1432752988;65.24109104;22.095389;26.69530964;17.49546836;90.54720964;4.9319536205;3.5482988548;3.8317523369;3.1661753614;5.8022794796;1.2712527528;4.79556964;5.1977706122;4.2773779523;7.996613371;2.2295860861,175.5520201913;158.3304112313;141.1088022713;124.1432752988;65.24109104;158.3304112313;175.5520201913;141.1088022713;175.5520201913;141.1088022713;22.095389;26.69530964;17.49546836;90.54720964;4.9319536205;3.5482988548;3.8317523369;3.1661753614;5.8022794796;1.2712527528;4.79556964;5.1977706122;4.2773779523;7.996613371;2.2295860861
l3_solar_interface,"case «the quietest single day crosses unchanged, from sw_ap_cold_short — the member closest to a declared bound, seven units clear of zero»",158.3304112313;175.5520201913;141.1088022713;124.1432752988;65.24109104;22.095389;26.69530964;17.49546836;90.54720964;4.9319536205;3.5482988548;3.8317523369;3.1661753614;5.8022794796;1.2712527528;4.79556964;5.1977706122;4.2773779523;7.996613371;2.2295860861,175.5520201913;158.3304112313;141.1088022713;124.1432752988;65.24109104;158.3304112313;175.5520201913;141.1088022713;175.5520201913;141.1088022713;22.095389;26.69530964;17.49546836;90.54720964;4.9319536205;3.5482988548;3.8317523369;3.1661753614;5.8022794796;1.2712527528;4.79556964;5.1977706122;4.2773779523;7.996613371;2.2295860861
l3_solar_interface,"case «the nominal mean-slot Kp crosses unchanged, from sw_kp_scenarios»",158.3304112313;175.5520201913;141.1088022713;124.1432752988;65.24109104;22.095389;26.69530964;17.49546836;90.54720964;4.9319536205;3.5482988548;3.8317523369;3.1661753614;5.8022794796;1.2712527528;4.79556964;5.1977706122;4.2773779523;7.996613371;2.2295860861,175.5520201913;158.3304112313;141.1088022713;124.1432752988;65.24109104;158.3304112313;175.5520201913;141.1088022713;175.5520201913;141.1088022713;22.095389;26.69530964;17.49546836;90.54720964;4.9319536205;3.5482988548;3.8317523369;3.1661753614;5.8022794796;1.2712527528;4.79556964;5.1977706122;4.2773779523;7.996613371;2.2295860861
l3_solar_interface,"case «the sustained disturbed mean-slot Kp crosses unchanged»",158.3304112313;175.5520201913;141.1088022713;124.1432752988;65.24109104;22.095389;26.69530964;17.49546836;90.54720964;4.9319536205;3.5482988548;3.8317523369;3.1661753614;5.8022794796;1.2712527528;4.79556964;5.1977706122;4.2773779523;7.996613371;2.2295860861,175.5520201913;158.3304112313;141.1088022713;124.1432752988;65.24109104;158.3304112313;175.5520201913;141.1088022713;175.5520201913;141.1088022713;22.095389;26.69530964;17.49546836;90.54720964;4.9319536205;3.5482988548;3.8317523369;3.1661753614;5.8022794796;1.2712527528;4.79556964;5.1977706122;4.2773779523;7.996613371;2.2295860861
l3_solar_interface,"case «the sustained quiet mean-slot Kp crosses unchanged»",158.3304112313;175.5520201913;141.1088022713;124.1432752988;65.24109104;22.095389;26.69530964;17.49546836;90.54720964;4.9319536205;3.5482988548;3.8317523369;3.1661753614;5.8022794796;1.2712527528;4.79556964;5.1977706122;4.2773779523;7.996613371;2.2295860861,175.5520201913;158.3304112313;141.1088022713;124.1432752988;65.24109104;158.3304112313;175.5520201913;141.1088022713;175.5520201913;141.1088022713;22.095389;26.69530964;17.49546836;90.54720964;4.9319536205;3.5482988548;3.8317523369;3.1661753614;5.8022794796;1.2712527528;4.79556964;5.1977706122;4.2773779523;7.996613371;2.2295860861
l3_solar_interface,"case «the disturbed single day, mean slot — Kp 5.80, where the study has 4.50, because this tree's hot Ap day is more than twice the study's»",158.3304112313;175.5520201913;141.1088022713;124.1432752988;65.24109104;22.095389;26.69530964;17.49546836;90.54720964;4.9319536205;3.5482988548;3.8317523369;3.1661753614;5.8022794796;1.2712527528;4.79556964;5.1977706122;4.2773779523;7.996613371;2.2295860861,175.5520201913;158.3304112313;141.1088022713;124.1432752988;65.24109104;158.3304112313;175.5520201913;141.1088022713;175.5520201913;141.1088022713;22.095389;26.69530964;17.49546836;90.54720964;4.9319536205;3.5482988548;3.8317523369;3.1661753614;5.8022794796;1.2712527528;4.79556964;5.1977706122;4.2773779523;7.996613371;2.2295860861
l3_solar_interface,"case «the quietest single day, mean slot — the lowest of the twenty-five members»",158.3304112313;175.5520201913;141.1088022713;124.1432752988;65.24109104;22.095389;26.69530964;17.49546836;90.54720964;4.9319536205;3.5482988548;3.8317523369;3.1661753614;5.8022794796;1.2712527528;4.79556964;5.1977706122;4.2773779523;7.996613371;2.2295860861,175.5520201913;158.3304112313;141.1088022713;124.1432752988;65.24109104;158.3304112313;175.5520201913;141.1088022713;175.5520201913;141.1088022713;22.095389;26.69530964;17.49546836;90.54720964;4.9319536205;3.5482988548;3.8317523369;3.1661753614;5.8022794796;1.2712527528;4.79556964;5.1977706122;4.2773779523;7.996613371;2.2295860861
l3_solar_interface,"case «the nominal peak-slot Kp crosses unchanged»",158.3304112313;175.5520201913;141.1088022713;124.1432752988;65.24109104;22.095389;26.69530964;17.49546836;90.54720964;4.9319536205;3.5482988548;3.8317523369;3.1661753614;5.8022794796;1.2712527528;4.79556964;5.1977706122;4.2773779523;7.996613371;2.2295860861,175.5520201913;158.3304112313;141.1088022713;124.1432752988;65.24109104;158.3304112313;175.5520201913;141.1088022713;175.5520201913;141.1088022713;22.095389;26.69530964;17.49546836;90.54720964;4.9319536205;3.5482988548;3.8317523369;3.1661753614;5.8022794796;1.2712527528;4.79556964;5.1977706122;4.2773779523;7.996613371;2.2295860861
l3_solar_interface,"case «the sustained disturbed peak-slot Kp crosses unchanged — Kp 5.20, a G1 storm in the worst slot of an ordinary sustained day»",158.3304112313;175.5520201913;141.1088022713;124.1432752988;65.24109104;22.095389;26.69530964;17.49546836;90.54720964;4.9319536205;3.5482988548;3.8317523369;3.1661753614;5.8022794796;1.2712527528;4.79556964;5.1977706122;4.2773779523;7.996613371;2.2295860861,175.5520201913;158.3304112313;141.1088022713;124.1432752988;65.24109104;158.3304112313;175.5520201913;141.1088022713;175.5520201913;141.1088022713;22.095389;26.69530964;17.49546836;90.54720964;4.9319536205;3.5482988548;3.8317523369;3.1661753614;5.8022794796;1.2712527528;4.79556964;5.1977706122;4.2773779523;7.996613371;2.2295860861
l3_solar_interface,"case «the sustained quiet peak-slot Kp crosses unchanged»",158.3304112313;175.5520201913;141.1088022713;124.1432752988;65.24109104;22.095389;26.69530964;17.49546836;90.54720964;4.9319536205;3.5482988548;3.8317523369;3.1661753614;5.8022794796;1.2712527528;4.79556964;5.1977706122;4.2773779523;7.996613371;2.2295860861,175.5520201913;158.3304112313;141.1088022713;124.1432752988;65.24109104;158.3304112313;175.5520201913;141.1088022713;175.5520201913;141.1088022713;22.095389;26.69530964;17.49546836;90.54720964;4.9319536205;3.5482988548;3.8317523369;3.1661753614;5.8022794796;1.2712527528;4.79556964;5.1977706122;4.2773779523;7.996613371;2.2295860861
l3_solar_interface,"case «THE WORST SLOT OF THE WORST DAY, Kp 8.00 — a G4 severe storm, and the member a design sized against geomagnetic activity reads»",158.3304112313;175.5520201913;141.1088022713;124.1432752988;65.24109104;22.095389;26.69530964;17.49546836;90.54720964;4.9319536205;3.5482988548;3.8317523369;3.1661753614;5.8022794796;1.2712527528;4.79556964;5.1977706122;4.2773779523;7.996613371;2.2295860861,175.5520201913;158.3304112313;141.1088022713;124.1432752988;65.24109104;158.3304112313;175.5520201913;141.1088022713;175.5520201913;141.1088022713;22.095389;26.69530964;17.49546836;90.54720964;4.9319536205;3.5482988548;3.8317523369;3.1661753614;5.8022794796;1.2712527528;4.79556964;5.1977706122;4.2773779523;7.996613371;2.2295860861
l3_solar_interface,"case «the quietest single day, peak slot»",158.3304112313;175.5520201913;141.1088022713;124.1432752988;65.24109104;22.095389;26.69530964;17.49546836;90.54720964;4.9319536205;3.5482988548;3.8317523369;3.1661753614;5.8022794796;1.2712527528;4.79556964;5.1977706122;4.2773779523;7.996613371;2.2295860861,175.5520201913;158.3304112313;141.1088022713;124.1432752988;65.24109104;158.3304112313;175.5520201913;141.1088022713;175.5520201913;141.1088022713;22.095389;26.69530964;17.49546836;90.54720964;4.9319536205;3.5482988548;3.8317523369;3.1661753614;5.8022794796;1.2712527528;4.79556964;5.1977706122;4.2773779523;7.996613371;2.2295860861
l3_solar_interface,"sw_central_expectation at lower end, from today",60.0;104.07133385094359;69.6281159309436;124.14359951622059;65.2411159309436;22.095389;26.69530964;17.49546836;90.54720964;4.9319536204504;3.548298854814815;3.8317523368599264;3.1661753613633334;5.8022794796410055;1.2712527528017867;4.79556964;5.19777061216;4.277377952290019;7.996613371019828;2.22958608613512,104.07133385094359;60.0;69.6281159309436;124.14359951622059;65.2411159309436;60.0;104.07133385094359;69.6281159309436;104.07133385094359;69.6281159309436;22.095389;26.69530964;17.49546836;90.54720964;4.9319536204504;3.548298854814815;3.8317523368599264;3.1661753613633334;5.8022794796410055;1.2712527528017867;4.79556964;5.19777061216;4.277377952290019;7.996613371019828;2.22958608613512
l3_solar_interface,"sw_central_expectation at upper end, from today",400.0;104.07133385094359;69.6281159309436;124.14359951622059;65.2411159309436;22.095389;26.69530964;17.49546836;90.54720964;4.9319536204504;3.548298854814815;3.8317523368599264;3.1661753613633334;5.8022794796410055;1.2712527528017867;4.79556964;5.19777061216;4.277377952290019;7.996613371019828;2.22958608613512,104.07133385094359;400.0;69.6281159309436;124.14359951622059;65.2411159309436;400.0;104.07133385094359;69.6281159309436;104.07133385094359;69.6281159309436;22.095389;26.69530964;17.49546836;90.54720964;4.9319536204504;3.548298854814815;3.8317523368599264;3.1661753613633334;5.8022794796410055;1.2712527528017867;4.79556964;5.19777061216;4.277377952290019;7.996613371019828;2.22958608613512
l3_solar_interface,"sw_central_expectation at zero, from today",0.0;104.07133385094359;69.6281159309436;124.14359951622059;65.2411159309436;22.095389;26.69530964;17.49546836;90.54720964;4.9319536204504;3.548298854814815;3.8317523368599264;3.1661753613633334;5.8022794796410055;1.2712527528017867;4.79556964;5.19777061216;4.277377952290019;7.996613371019828;2.22958608613512,refused
l3_solar_interface,"sw_central_expectation at not a number, from today",NaN;104.07133385094359;69.6281159309436;124.14359951622059;65.2411159309436;22.095389;26.69530964;17.49546836;90.54720964;4.9319536204504;3.548298854814815;3.8317523368599264;3.1661753613633334;5.8022794796410055;1.2712527528017867;4.79556964;5.19777061216;4.277377952290019;7.996613371019828;2.22958608613512,refused
l3_solar_interface,"sw_f107_design_long at lower end, from today",86.84972489094359;60.0;69.6281159309436;124.14359951622059;65.2411159309436;22.095389;26.69530964;17.49546836;90.54720964;4.9319536204504;3.548298854814815;3.8317523368599264;3.1661753613633334;5.8022794796410055;1.2712527528017867;4.79556964;5.19777061216;4.277377952290019;7.996613371019828;2.22958608613512,60.0;86.84972489094359;69.6281159309436;124.14359951622059;65.2411159309436;86.84972489094359;60.0;69.6281159309436;60.0;69.6281159309436;22.095389;26.69530964;17.49546836;90.54720964;4.9319536204504;3.548298854814815;3.8317523368599264;3.1661753613633334;5.8022794796410055;1.2712527528017867;4.79556964;5.19777061216;4.277377952290019;7.996613371019828;2.22958608613512
l3_solar_interface,"sw_f107_design_long at upper end, from today",86.84972489094359;400.0;69.6281159309436;124.14359951622059;65.2411159309436;22.095389;26.69530964;17.49546836;90.54720964;4.9319536204504;3.548298854814815;3.8317523368599264;3.1661753613633334;5.8022794796410055;1.2712527528017867;4.79556964;5.19777061216;4.277377952290019;7.996613371019828;2.22958608613512,400.0;86.84972489094359;69.6281159309436;124.14359951622059;65.2411159309436;86.84972489094359;400.0;69.6281159309436;400.0;69.6281159309436;22.095389;26.69530964;17.49546836;90.54720964;4.9319536204504;3.548298854814815;3.8317523368599264;3.1661753613633334;5.8022794796410055;1.2712527528017867;4.79556964;5.19777061216;4.277377952290019;7.996613371019828;2.22958608613512
l3_solar_interface,"sw_f107_design_long at zero, from today",86.84972489094359;0.0;69.6281159309436;124.14359951622059;65.2411159309436;22.095389;26.69530964;17.49546836;90.54720964;4.9319536204504;3.548298854814815;3.8317523368599264;3.1661753613633334;5.8022794796410055;1.2712527528017867;4.79556964;5.19777061216;4.277377952290019;7.996613371019828;2.22958608613512,refused
l3_solar_interface,"sw_f107_design_long at not a number, from today",86.84972489094359;NaN;69.6281159309436;124.14359951622059;65.2411159309436;22.095389;26.69530964;17.49546836;90.54720964;4.9319536204504;3.548298854814815;3.8317523368599264;3.1661753613633334;5.8022794796410055;1.2712527528017867;4.79556964;5.19777061216;4.277377952290019;7.996613371019828;2.22958608613512,refused
l3_solar_interface,"sw_f107_cold_long at lower end, from today",86.84972489094359;104.07133385094359;60.0;124.14359951622059;65.2411159309436;22.095389;26.69530964;17.49546836;90.54720964;4.9319536204504;3.548298854814815;3.8317523368599264;3.1661753613633334;5.8022794796410055;1.2712527528017867;4.79556964;5.19777061216;4.277377952290019;7.996613371019828;2.22958608613512,104.07133385094359;86.84972489094359;60.0;124.14359951622059;65.2411159309436;86.84972489094359;104.07133385094359;60.0;104.07133385094359;60.0;22.095389;26.69530964;17.49546836;90.54720964;4.9319536204504;3.548298854814815;3.8317523368599264;3.1661753613633334;5.8022794796410055;1.2712527528017867;4.79556964;5.19777061216;4.277377952290019;7.996613371019828;2.22958608613512
l3_solar_interface,"sw_f107_cold_long at upper end, from today",86.84972489094359;104.07133385094359;400.0;124.14359951622059;65.2411159309436;22.095389;26.69530964;17.49546836;90.54720964;4.9319536204504;3.548298854814815;3.8317523368599264;3.1661753613633334;5.8022794796410055;1.2712527528017867;4.79556964;5.19777061216;4.277377952290019;7.996613371019828;2.22958608613512,104.07133385094359;86.84972489094359;400.0;124.14359951622059;65.2411159309436;86.84972489094359;104.07133385094359;400.0;104.07133385094359;400.0;22.095389;26.69530964;17.49546836;90.54720964;4.9319536204504;3.548298854814815;3.8317523368599264;3.1661753613633334;5.8022794796410055;1.2712527528017867;4.79556964;5.19777061216;4.277377952290019;7.996613371019828;2.22958608613512
l3_solar_interface,"sw_f107_cold_long at zero, from today",86.84972489094359;104.07133385094359;0.0;124.14359951622059;65.2411159309436;22.095389;26.69530964;17.49546836;90.54720964;4.9319536204504;3.548298854814815;3.8317523368599264;3.1661753613633334;5.8022794796410055;1.2712527528017867;4.79556964;5.19777061216;4.277377952290019;7.996613371019828;2.22958608613512,refused
l3_solar_interface,"sw_f107_cold_long at not a number, from today",86.84972489094359;104.07133385094359;NaN;124.14359951622059;65.2411159309436;22.095389;26.69530964;17.49546836;90.54720964;4.9319536204504;3.548298854814815;3.8317523368599264;3.1661753613633334;5.8022794796410055;1.2712527528017867;4.79556964;5.19777061216;4.277377952290019;7.996613371019828;2.22958608613512,refused
l3_solar_interface,"sw_f107_design_short at lower end, from today",86.84972489094359;104.07133385094359;69.6281159309436;60.0;65.2411159309436;22.095389;26.69530964;17.49546836;90.54720964;4.9319536204504;3.548298854814815;3.8317523368599264;3.1661753613633334;5.8022794796410055;1.2712527528017867;4.79556964;5.19777061216;4.277377952290019;7.996613371019828;2.22958608613512,104.07133385094359;86.84972489094359;69.6281159309436;60.0;65.2411159309436;86.84972489094359;104.07133385094359;69.6281159309436;104.07133385094359;69.6281159309436;22.095389;26.69530964;17.49546836;90.54720964;4.9319536204504;3.548298854814815;3.8317523368599264;3.1661753613633334;5.8022794796410055;1.2712527528017867;4.79556964;5.19777061216;4.277377952290019;7.996613371019828;2.22958608613512
l3_solar_interface,"sw_f107_design_short at upper end, from today",86.84972489094359;104.07133385094359;69.6281159309436;400.0;65.2411159309436;22.095389;26.69530964;17.49546836;90.54720964;4.9319536204504;3.548298854814815;3.8317523368599264;3.1661753613633334;5.8022794796410055;1.2712527528017867;4.79556964;5.19777061216;4.277377952290019;7.996613371019828;2.22958608613512,104.07133385094359;86.84972489094359;69.6281159309436;400.0;65.2411159309436;86.84972489094359;104.07133385094359;69.6281159309436;104.07133385094359;69.6281159309436;22.095389;26.69530964;17.49546836;90.54720964;4.9319536204504;3.548298854814815;3.8317523368599264;3.1661753613633334;5.8022794796410055;1.2712527528017867;4.79556964;5.19777061216;4.277377952290019;7.996613371019828;2.22958608613512
l3_solar_interface,"sw_f107_design_short at zero, from today",86.84972489094359;104.07133385094359;69.6281159309436;0.0;65.2411159309436;22.095389;26.69530964;17.49546836;90.54720964;4.9319536204504;3.548298854814815;3.8317523368599264;3.1661753613633334;5.8022794796410055;1.2712527528017867;4.79556964;5.19777061216;4.277377952290019;7.996613371019828;2.22958608613512,refused
l3_solar_interface,"sw_f107_design_short at not a number, from today",86.84972489094359;104.07133385094359;69.6281159309436;NaN;65.2411159309436;22.095389;26.69530964;17.49546836;90.54720964;4.9319536204504;3.548298854814815;3.8317523368599264;3.1661753613633334;5.8022794796410055;1.2712527528017867;4.79556964;5.19777061216;4.277377952290019;7.996613371019828;2.22958608613512,refused
l3_solar_interface,"sw_f107_cold_short at lower end, from today",86.84972489094359;104.07133385094359;69.6281159309436;124.14359951622059;60.0;22.095389;26.69530964;17.49546836;90.54720964;4.9319536204504;3.548298854814815;3.8317523368599264;3.1661753613633334;5.8022794796410055;1.2712527528017867;4.79556964;5.19777061216;4.277377952290019;7.996613371019828;2.22958608613512,104.07133385094359;86.84972489094359;69.6281159309436;124.14359951622059;60.0;86.84972489094359;104.07133385094359;69.6281159309436;104.07133385094359;69.6281159309436;22.095389;26.69530964;17.49546836;90.54720964;4.9319536204504;3.548298854814815;3.8317523368599264;3.1661753613633334;5.8022794796410055;1.2712527528017867;4.79556964;5.19777061216;4.277377952290019;7.996613371019828;2.22958608613512
l3_solar_interface,"sw_f107_cold_short at upper end, from today",86.84972489094359;104.07133385094359;69.6281159309436;124.14359951622059;400.0;22.095389;26.69530964;17.49546836;90.54720964;4.9319536204504;3.548298854814815;3.8317523368599264;3.1661753613633334;5.8022794796410055;1.2712527528017867;4.79556964;5.19777061216;4.277377952290019;7.996613371019828;2.22958608613512,104.07133385094359;86.84972489094359;69.6281159309436;124.14359951622059;400.0;86.84972489094359;104.07133385094359;69.6281159309436;104.07133385094359;69.6281159309436;22.095389;26.69530964;17.49546836;90.54720964;4.9319536204504;3.548298854814815;3.8317523368599264;3.1661753613633334;5.8022794796410055;1.2712527528017867;4.79556964;5.19777061216;4.277377952290019;7.996613371019828;2.22958608613512
l3_solar_interface,"sw_f107_cold_short at zero, from today",86.84972489094359;104.07133385094359;69.6281159309436;124.14359951622059;0.0;22.095389;26.69530964;17.49546836;90.54720964;4.9319536204504;3.548298854814815;3.8317523368599264;3.1661753613633334;5.8022794796410055;1.2712527528017867;4.79556964;5.19777061216;4.277377952290019;7.996613371019828;2.22958608613512,refused
l3_solar_interface,"sw_f107_cold_short at not a number, from today",86.84972489094359;104.07133385094359;69.6281159309436;124.14359951622059;NaN;22.095389;26.69530964;17.49546836;90.54720964;4.9319536204504;3.548298854814815;3.8317523368599264;3.1661753613633334;5.8022794796410055;1.2712527528017867;4.79556964;5.19777061216;4.277377952290019;7.996613371019828;2.22958608613512,refused
l3_solar_interface,"sw_ap_central_expectation at lower end, from today",86.84972489094359;104.07133385094359;69.6281159309436;124.14359951622059;65.2411159309436;1.0;26.69530964;17.49546836;90.54720964;4.9319536204504;3.548298854814815;3.8317523368599264;3.1661753613633334;5.8022794796410055;1.2712527528017867;4.79556964;5.19777061216;4.277377952290019;7.996613371019828;2.22958608613512,104.07133385094359;86.84972489094359;69.6281159309436;124.14359951622059;65.2411159309436;86.84972489094359;104.07133385094359;69.6281159309436;104.07133385094359;69.6281159309436;1.0;26.69530964;17.49546836;90.54720964;4.9319536204504;3.548298854814815;3.8317523368599264;3.1661753613633334;5.8022794796410055;1.2712527528017867;4.79556964;5.19777061216;4.277377952290019;7.996613371019828;2.22958608613512
l3_solar_interface,"sw_ap_central_expectation at upper end, from today",86.84972489094359;104.07133385094359;69.6281159309436;124.14359951622059;65.2411159309436;40.0;26.69530964;17.49546836;90.54720964;4.9319536204504;3.548298854814815;3.8317523368599264;3.1661753613633334;5.8022794796410055;1.2712527528017867;4.79556964;5.19777061216;4.277377952290019;7.996613371019828;2.22958608613512,104.07133385094359;86.84972489094359;69.6281159309436;124.14359951622059;65.2411159309436;86.84972489094359;104.07133385094359;69.6281159309436;104.07133385094359;69.6281159309436;40.0;26.69530964;17.49546836;90.54720964;4.9319536204504;3.548298854814815;3.8317523368599264;3.1661753613633334;5.8022794796410055;1.2712527528017867;4.79556964;5.19777061216;4.277377952290019;7.996613371019828;2.22958608613512
l3_solar_interface,"sw_ap_central_expectation at zero, from today",86.84972489094359;104.07133385094359;69.6281159309436;124.14359951622059;65.2411159309436;0.0;26.69530964;17.49546836;90.54720964;4.9319536204504;3.548298854814815;3.8317523368599264;3.1661753613633334;5.8022794796410055;1.2712527528017867;4.79556964;5.19777061216;4.277377952290019;7.996613371019828;2.22958608613512,104.07133385094359;86.84972489094359;69.6281159309436;124.14359951622059;65.2411159309436;86.84972489094359;104.07133385094359;69.6281159309436;104.07133385094359;69.6281159309436;0.0;26.69530964;17.49546836;90.54720964;4.9319536204504;3.548298854814815;3.8317523368599264;3.1661753613633334;5.8022794796410055;1.2712527528017867;4.79556964;5.19777061216;4.277377952290019;7.996613371019828;2.22958608613512
l3_solar_interface,"sw_ap_central_expectation at not a number, from today",86.84972489094359;104.07133385094359;69.6281159309436;124.14359951622059;65.2411159309436;NaN;26.69530964;17.49546836;90.54720964;4.9319536204504;3.548298854814815;3.8317523368599264;3.1661753613633334;5.8022794796410055;1.2712527528017867;4.79556964;5.19777061216;4.277377952290019;7.996613371019828;2.22958608613512,refused
l3_solar_interface,"sw_ap_design_long at lower end, from today",86.84972489094359;104.07133385094359;69.6281159309436;124.14359951622059;65.2411159309436;22.095389;0.0;17.49546836;90.54720964;4.9319536204504;3.548298854814815;3.8317523368599264;3.1661753613633334;5.8022794796410055;1.2712527528017867;4.79556964;5.19777061216;4.277377952290019;7.996613371019828;2.22958608613512,104.07133385094359;86.84972489094359;69.6281159309436;124.14359951622059;65.2411159309436;86.84972489094359;104.07133385094359;69.6281159309436;104.07133385094359;69.6281159309436;22.095389;0.0;17.49546836;90.54720964;4.9319536204504;3.548298854814815;3.8317523368599264;3.1661753613633334;5.8022794796410055;1.2712527528017867;4.79556964;5.19777061216;4.277377952290019;7.996613371019828;2.22958608613512
l3_solar_interface,"sw_ap_design_long at upper end, from today",86.84972489094359;104.07133385094359;69.6281159309436;124.14359951622059;65.2411159309436;22.095389;300.0;17.49546836;90.54720964;4.9319536204504;3.548298854814815;3.8317523368599264;3.1661753613633334;5.8022794796410055;1.2712527528017867;4.79556964;5.19777061216;4.277377952290019;7.996613371019828;2.22958608613512,104.07133385094359;86.84972489094359;69.6281159309436;124.14359951622059;65.2411159309436;86.84972489094359;104.07133385094359;69.6281159309436;104.07133385094359;69.6281159309436;22.095389;300.0;17.49546836;90.54720964;4.9319536204504;3.548298854814815;3.8317523368599264;3.1661753613633334;5.8022794796410055;1.2712527528017867;4.79556964;5.19777061216;4.277377952290019;7.996613371019828;2.22958608613512
l3_solar_interface,"sw_ap_design_long at zero, from today",86.84972489094359;104.07133385094359;69.6281159309436;124.14359951622059;65.2411159309436;22.095389;0.0;17.49546836;90.54720964;4.9319536204504;3.548298854814815;3.8317523368599264;3.1661753613633334;5.8022794796410055;1.2712527528017867;4.79556964;5.19777061216;4.277377952290019;7.996613371019828;2.22958608613512,104.07133385094359;86.84972489094359;69.6281159309436;124.14359951622059;65.2411159309436;86.84972489094359;104.07133385094359;69.6281159309436;104.07133385094359;69.6281159309436;22.095389;0.0;17.49546836;90.54720964;4.9319536204504;3.548298854814815;3.8317523368599264;3.1661753613633334;5.8022794796410055;1.2712527528017867;4.79556964;5.19777061216;4.277377952290019;7.996613371019828;2.22958608613512
l3_solar_interface,"sw_ap_design_long at not a number, from today",86.84972489094359;104.07133385094359;69.6281159309436;124.14359951622059;65.2411159309436;22.095389;NaN;17.49546836;90.54720964;4.9319536204504;3.548298854814815;3.8317523368599264;3.1661753613633334;5.8022794796410055;1.2712527528017867;4.79556964;5.19777061216;4.277377952290019;7.996613371019828;2.22958608613512,refused
l3_solar_interface,"sw_ap_cold_long at lower end, from today",86.84972489094359;104.07133385094359;69.6281159309436;124.14359951622059;65.2411159309436;22.095389;26.69530964;0.0;90.54720964;4.9319536204504;3.548298854814815;3.8317523368599264;3.1661753613633334;5.8022794796410055;1.2712527528017867;4.79556964;5.19777061216;4.277377952290019;7.996613371019828;2.22958608613512,104.07133385094359;86.84972489094359;69.6281159309436;124.14359951622059;65.2411159309436;86.84972489094359;104.07133385094359;69.6281159309436;104.07133385094359;69.6281159309436;22.095389;26.69530964;0.0;90.54720964;4.9319536204504;3.548298854814815;3.8317523368599264;3.1661753613633334;5.8022794796410055;1.2712527528017867;4.79556964;5.19777061216;4.277377952290019;7.996613371019828;2.22958608613512
l3_solar_interface,"sw_ap_cold_long at upper end, from today",86.84972489094359;104.07133385094359;69.6281159309436;124.14359951622059;65.2411159309436;22.095389;26.69530964;300.0;90.54720964;4.9319536204504;3.548298854814815;3.8317523368599264;3.1661753613633334;5.8022794796410055;1.2712527528017867;4.79556964;5.19777061216;4.277377952290019;7.996613371019828;2.22958608613512,104.07133385094359;86.84972489094359;69.6281159309436;124.14359951622059;65.2411159309436;86.84972489094359;104.07133385094359;69.6281159309436;104.07133385094359;69.6281159309436;22.095389;26.69530964;300.0;90.54720964;4.9319536204504;3.548298854814815;3.8317523368599264;3.1661753613633334;5.8022794796410055;1.2712527528017867;4.79556964;5.19777061216;4.277377952290019;7.996613371019828;2.22958608613512
l3_solar_interface,"sw_ap_cold_long at zero, from today",86.84972489094359;104.07133385094359;69.6281159309436;124.14359951622059;65.2411159309436;22.095389;26.69530964;0.0;90.54720964;4.9319536204504;3.548298854814815;3.8317523368599264;3.1661753613633334;5.8022794796410055;1.2712527528017867;4.79556964;5.19777061216;4.277377952290019;7.996613371019828;2.22958608613512,104.07133385094359;86.84972489094359;69.6281159309436;124.14359951622059;65.2411159309436;86.84972489094359;104.07133385094359;69.6281159309436;104.07133385094359;69.6281159309436;22.095389;26.69530964;0.0;90.54720964;4.9319536204504;3.548298854814815;3.8317523368599264;3.1661753613633334;5.8022794796410055;1.2712527528017867;4.79556964;5.19777061216;4.277377952290019;7.996613371019828;2.22958608613512
l3_solar_interface,"sw_ap_cold_long at not a number, from today",86.84972489094359;104.07133385094359;69.6281159309436;124.14359951622059;65.2411159309436;22.095389;26.69530964;NaN;90.54720964;4.9319536204504;3.548298854814815;3.8317523368599264;3.1661753613633334;5.8022794796410055;1.2712527528017867;4.79556964;5.19777061216;4.277377952290019;7.996613371019828;2.22958608613512,refused
l3_solar_interface,"sw_ap_design_short at lower end, from today",86.84972489094359;104.07133385094359;69.6281159309436;124.14359951622059;65.2411159309436;22.095389;26.69530964;17.49546836;0.0;4.9319536204504;3.548298854814815;3.8317523368599264;3.1661753613633334;5.8022794796410055;1.2712527528017867;4.79556964;5.19777061216;4.277377952290019;7.996613371019828;2.22958608613512,104.07133385094359;86.84972489094359;69.6281159309436;124.14359951622059;65.2411159309436;86.84972489094359;104.07133385094359;69.6281159309436;104.07133385094359;69.6281159309436;22.095389;26.69530964;17.49546836;0.0;4.9319536204504;3.548298854814815;3.8317523368599264;3.1661753613633334;5.8022794796410055;1.2712527528017867;4.79556964;5.19777061216;4.277377952290019;7.996613371019828;2.22958608613512
l3_solar_interface,"sw_ap_design_short at upper end, from today",86.84972489094359;104.07133385094359;69.6281159309436;124.14359951622059;65.2411159309436;22.095389;26.69530964;17.49546836;400.0;4.9319536204504;3.548298854814815;3.8317523368599264;3.1661753613633334;5.8022794796410055;1.2712527528017867;4.79556964;5.19777061216;4.277377952290019;7.996613371019828;2.22958608613512,104.07133385094359;86.84972489094359;69.6281159309436;124.14359951622059;65.2411159309436;86.84972489094359;104.07133385094359;69.6281159309436;104.07133385094359;69.6281159309436;22.095389;26.69530964;17.49546836;400.0;4.9319536204504;3.548298854814815;3.8317523368599264;3.1661753613633334;5.8022794796410055;1.2712527528017867;4.79556964;5.19777061216;4.277377952290019;7.996613371019828;2.22958608613512
l3_solar_interface,"sw_ap_design_short at zero, from today",86.84972489094359;104.07133385094359;69.6281159309436;124.14359951622059;65.2411159309436;22.095389;26.69530964;17.49546836;0.0;4.9319536204504;3.548298854814815;3.8317523368599264;3.1661753613633334;5.8022794796410055;1.2712527528017867;4.79556964;5.19777061216;4.277377952290019;7.996613371019828;2.22958608613512,104.07133385094359;86.84972489094359;69.6281159309436;124.14359951622059;65.2411159309436;86.84972489094359;104.07133385094359;69.6281159309436;104.07133385094359;69.6281159309436;22.095389;26.69530964;17.49546836;0.0;4.9319536204504;3.548298854814815;3.8317523368599264;3.1661753613633334;5.8022794796410055;1.2712527528017867;4.79556964;5.19777061216;4.277377952290019;7.996613371019828;2.22958608613512
l3_solar_interface,"sw_ap_design_short at not a number, from today",86.84972489094359;104.07133385094359;69.6281159309436;124.14359951622059;65.2411159309436;22.095389;26.69530964;17.49546836;NaN;4.9319536204504;3.548298854814815;3.8317523368599264;3.1661753613633334;5.8022794796410055;1.2712527528017867;4.79556964;5.19777061216;4.277377952290019;7.996613371019828;2.22958608613512,refused
l3_solar_interface,"sw_ap_cold_short at lower end, from today",86.84972489094359;104.07133385094359;69.6281159309436;124.14359951622059;65.2411159309436;22.095389;26.69530964;17.49546836;90.54720964;0.0;3.548298854814815;3.8317523368599264;3.1661753613633334;5.8022794796410055;1.2712527528017867;4.79556964;5.19777061216;4.277377952290019;7.996613371019828;2.22958608613512,104.07133385094359;86.84972489094359;69.6281159309436;124.14359951622059;65.2411159309436;86.84972489094359;104.07133385094359;69.6281159309436;104.07133385094359;69.6281159309436;22.095389;26.69530964;17.49546836;90.54720964;0.0;3.548298854814815;3.8317523368599264;3.1661753613633334;5.8022794796410055;1.2712527528017867;4.79556964;5.19777061216;4.277377952290019;7.996613371019828;2.22958608613512
l3_solar_interface,"sw_ap_cold_short at upper end, from today",86.84972489094359;104.07133385094359;69.6281159309436;124.14359951622059;65.2411159309436;22.095389;26.69530964;17.49546836;90.54720964;400.0;3.548298854814815;3.8317523368599264;3.1661753613633334;5.8022794796410055;1.2712527528017867;4.79556964;5.19777061216;4.277377952290019;7.996613371019828;2.22958608613512,104.07133385094359;86.84972489094359;69.6281159309436;124.14359951622059;65.2411159309436;86.84972489094359;104.07133385094359;69.6281159309436;104.07133385094359;69.6281159309436;22.095389;26.69530964;17.49546836;90.54720964;400.0;3.548298854814815;3.8317523368599264;3.1661753613633334;5.8022794796410055;1.2712527528017867;4.79556964;5.19777061216;4.277377952290019;7.996613371019828;2.22958608613512
l3_solar_interface,"sw_ap_cold_short at zero, from today",86.84972489094359;104.07133385094359;69.6281159309436;124.14359951622059;65.2411159309436;22.095389;26.69530964;17.49546836;90.54720964;0.0;3.548298854814815;3.8317523368599264;3.1661753613633334;5.8022794796410055;1.2712527528017867;4.79556964;5.19777061216;4.277377952290019;7.996613371019828;2.22958608613512,104.07133385094359;86.84972489094359;69.6281159309436;124.14359951622059;65.2411159309436;86.84972489094359;104.07133385094359;69.6281159309436;104.07133385094359;69.6281159309436;22.095389;26.69530964;17.49546836;90.54720964;0.0;3.548298854814815;3.8317523368599264;3.1661753613633334;5.8022794796410055;1.2712527528017867;4.79556964;5.19777061216;4.277377952290019;7.996613371019828;2.22958608613512
l3_solar_interface,"sw_ap_cold_short at not a number, from today",86.84972489094359;104.07133385094359;69.6281159309436;124.14359951622059;65.2411159309436;22.095389;26.69530964;17.49546836;90.54720964;NaN;3.548298854814815;3.8317523368599264;3.1661753613633334;5.8022794796410055;1.2712527528017867;4.79556964;5.19777061216;4.277377952290019;7.996613371019828;2.22958608613512,refused
l3_solar_interface,"sw_kp_scenarios.kp_mean_nominal at lower end, from today",86.84972489094359;104.07133385094359;69.6281159309436;124.14359951622059;65.2411159309436;22.095389;26.69530964;17.49546836;90.54720964;4.9319536204504;0.0;3.8317523368599264;3.1661753613633334;5.8022794796410055;1.2712527528017867;4.79556964;5.19777061216;4.277377952290019;7.996613371019828;2.22958608613512,104.07133385094359;86.84972489094359;69.6281159309436;124.14359951622059;65.2411159309436;86.84972489094359;104.07133385094359;69.6281159309436;104.07133385094359;69.6281159309436;22.095389;26.69530964;17.49546836;90.54720964;4.9319536204504;0.0;3.8317523368599264;3.1661753613633334;5.8022794796410055;1.2712527528017867;4.79556964;5.19777061216;4.277377952290019;7.996613371019828;2.22958608613512
l3_solar_interface,"sw_kp_scenarios.kp_mean_nominal at upper end, from today",86.84972489094359;104.07133385094359;69.6281159309436;124.14359951622059;65.2411159309436;22.095389;26.69530964;17.49546836;90.54720964;4.9319536204504;9.0;3.8317523368599264;3.1661753613633334;5.8022794796410055;1.2712527528017867;4.79556964;5.19777061216;4.277377952290019;7.996613371019828;2.22958608613512,104.07133385094359;86.84972489094359;69.6281159309436;124.14359951622059;65.2411159309436;86.84972489094359;104.07133385094359;69.6281159309436;104.07133385094359;69.6281159309436;22.095389;26.69530964;17.49546836;90.54720964;4.9319536204504;9.0;3.8317523368599264;3.1661753613633334;5.8022794796410055;1.2712527528017867;4.79556964;5.19777061216;4.277377952290019;7.996613371019828;2.22958608613512
l3_solar_interface,"sw_kp_scenarios.kp_mean_nominal at zero, from today",86.84972489094359;104.07133385094359;69.6281159309436;124.14359951622059;65.2411159309436;22.095389;26.69530964;17.49546836;90.54720964;4.9319536204504;0.0;3.8317523368599264;3.1661753613633334;5.8022794796410055;1.2712527528017867;4.79556964;5.19777061216;4.277377952290019;7.996613371019828;2.22958608613512,104.07133385094359;86.84972489094359;69.6281159309436;124.14359951622059;65.2411159309436;86.84972489094359;104.07133385094359;69.6281159309436;104.07133385094359;69.6281159309436;22.095389;26.69530964;17.49546836;90.54720964;4.9319536204504;0.0;3.8317523368599264;3.1661753613633334;5.8022794796410055;1.2712527528017867;4.79556964;5.19777061216;4.277377952290019;7.996613371019828;2.22958608613512
l3_solar_interface,"sw_kp_scenarios.kp_mean_nominal at not a number, from today",86.84972489094359;104.07133385094359;69.6281159309436;124.14359951622059;65.2411159309436;22.095389;26.69530964;17.49546836;90.54720964;4.9319536204504;NaN;3.8317523368599264;3.1661753613633334;5.8022794796410055;1.2712527528017867;4.79556964;5.19777061216;4.277377952290019;7.996613371019828;2.22958608613512,refused
l3_solar_interface,"sw_kp_scenarios.kp_mean_hotmean at lower end, from today",86.84972489094359;104.07133385094359;69.6281159309436;124.14359951622059;65.2411159309436;22.095389;26.69530964;17.49546836;90.54720964;4.9319536204504;3.548298854814815;0.0;3.1661753613633334;5.8022794796410055;1.2712527528017867;4.79556964;5.19777061216;4.277377952290019;7.996613371019828;2.22958608613512,104.07133385094359;86.84972489094359;69.6281159309436;124.14359951622059;65.2411159309436;86.84972489094359;104.07133385094359;69.6281159309436;104.07133385094359;69.6281159309436;22.095389;26.69530964;17.49546836;90.54720964;4.9319536204504;3.548298854814815;0.0;3.1661753613633334;5.8022794796410055;1.2712527528017867;4.79556964;5.19777061216;4.277377952290019;7.996613371019828;2.22958608613512
l3_solar_interface,"sw_kp_scenarios.kp_mean_hotmean at upper end, from today",86.84972489094359;104.07133385094359;69.6281159309436;124.14359951622059;65.2411159309436;22.095389;26.69530964;17.49546836;90.54720964;4.9319536204504;3.548298854814815;9.0;3.1661753613633334;5.8022794796410055;1.2712527528017867;4.79556964;5.19777061216;4.277377952290019;7.996613371019828;2.22958608613512,104.07133385094359;86.84972489094359;69.6281159309436;124.14359951622059;65.2411159309436;86.84972489094359;104.07133385094359;69.6281159309436;104.07133385094359;69.6281159309436;22.095389;26.69530964;17.49546836;90.54720964;4.9319536204504;3.548298854814815;9.0;3.1661753613633334;5.8022794796410055;1.2712527528017867;4.79556964;5.19777061216;4.277377952290019;7.996613371019828;2.22958608613512
l3_solar_interface,"sw_kp_scenarios.kp_mean_hotmean at zero, from today",86.84972489094359;104.07133385094359;69.6281159309436;124.14359951622059;65.2411159309436;22.095389;26.69530964;17.49546836;90.54720964;4.9319536204504;3.548298854814815;0.0;3.1661753613633334;5.8022794796410055;1.2712527528017867;4.79556964;5.19777061216;4.277377952290019;7.996613371019828;2.22958608613512,104.07133385094359;86.84972489094359;69.6281159309436;124.14359951622059;65.2411159309436;86.84972489094359;104.07133385094359;69.6281159309436;104.07133385094359;69.6281159309436;22.095389;26.69530964;17.49546836;90.54720964;4.9319536204504;3.548298854814815;0.0;3.1661753613633334;5.8022794796410055;1.2712527528017867;4.79556964;5.19777061216;4.277377952290019;7.996613371019828;2.22958608613512
l3_solar_interface,"sw_kp_scenarios.kp_mean_hotmean at not a number, from today",86.84972489094359;104.07133385094359;69.6281159309436;124.14359951622059;65.2411159309436;22.095389;26.69530964;17.49546836;90.54720964;4.9319536204504;3.548298854814815;NaN;3.1661753613633334;5.8022794796410055;1.2712527528017867;4.79556964;5.19777061216;4.277377952290019;7.996613371019828;2.22958608613512,refused
l3_solar_interface,"sw_kp_scenarios.kp_mean_coldmean at lower end, from today",86.84972489094359;104.07133385094359;69.6281159309436;124.14359951622059;65.2411159309436;22.095389;26.69530964;17.49546836;90.54720964;4.9319536204504;3.548298854814815;3.8317523368599264;0.0;5.8022794796410055;1.2712527528017867;4.79556964;5.19777061216;4.277377952290019;7.996613371019828;2.22958608613512,104.07133385094359;86.84972489094359;69.6281159309436;124.14359951622059;65.2411159309436;86.84972489094359;104.07133385094359;69.6281159309436;104.07133385094359;69.6281159309436;22.095389;26.69530964;17.49546836;90.54720964;4.9319536204504;3.548298854814815;3.8317523368599264;0.0;5.8022794796410055;1.2712527528017867;4.79556964;5.19777061216;4.277377952290019;7.996613371019828;2.22958608613512
l3_solar_interface,"sw_kp_scenarios.kp_mean_coldmean at upper end, from today",86.84972489094359;104.07133385094359;69.6281159309436;124.14359951622059;65.2411159309436;22.095389;26.69530964;17.49546836;90.54720964;4.9319536204504;3.548298854814815;3.8317523368599264;9.0;5.8022794796410055;1.2712527528017867;4.79556964;5.19777061216;4.277377952290019;7.996613371019828;2.22958608613512,104.07133385094359;86.84972489094359;69.6281159309436;124.14359951622059;65.2411159309436;86.84972489094359;104.07133385094359;69.6281159309436;104.07133385094359;69.6281159309436;22.095389;26.69530964;17.49546836;90.54720964;4.9319536204504;3.548298854814815;3.8317523368599264;9.0;5.8022794796410055;1.2712527528017867;4.79556964;5.19777061216;4.277377952290019;7.996613371019828;2.22958608613512
l3_solar_interface,"sw_kp_scenarios.kp_mean_coldmean at zero, from today",86.84972489094359;104.07133385094359;69.6281159309436;124.14359951622059;65.2411159309436;22.095389;26.69530964;17.49546836;90.54720964;4.9319536204504;3.548298854814815;3.8317523368599264;0.0;5.8022794796410055;1.2712527528017867;4.79556964;5.19777061216;4.277377952290019;7.996613371019828;2.22958608613512,104.07133385094359;86.84972489094359;69.6281159309436;124.14359951622059;65.2411159309436;86.84972489094359;104.07133385094359;69.6281159309436;104.07133385094359;69.6281159309436;22.095389;26.69530964;17.49546836;90.54720964;4.9319536204504;3.548298854814815;3.8317523368599264;0.0;5.8022794796410055;1.2712527528017867;4.79556964;5.19777061216;4.277377952290019;7.996613371019828;2.22958608613512
l3_solar_interface,"sw_kp_scenarios.kp_mean_coldmean at not a number, from today",86.84972489094359;104.07133385094359;69.6281159309436;124.14359951622059;65.2411159309436;22.095389;26.69530964;17.49546836;90.54720964;4.9319536204504;3.548298854814815;3.8317523368599264;NaN;5.8022794796410055;1.2712527528017867;4.79556964;5.19777061216;4.277377952290019;7.996613371019828;2.22958608613512,refused
l3_solar_interface,"sw_kp_scenarios.kp_mean_hotday at lower end, from today",86.84972489094359;104.07133385094359;69.6281159309436;124.14359951622059;65.2411159309436;22.095389;26.69530964;17.49546836;90.54720964;4.9319536204504;3.548298854814815;3.8317523368599264;3.1661753613633334;0.0;1.2712527528017867;4.79556964;5.19777061216;4.277377952290019;7.996613371019828;2.22958608613512,104.07133385094359;86.84972489094359;69.6281159309436;124.14359951622059;65.2411159309436;86.84972489094359;104.07133385094359;69.6281159309436;104.07133385094359;69.6281159309436;22.095389;26.69530964;17.49546836;90.54720964;4.9319536204504;3.548298854814815;3.8317523368599264;3.1661753613633334;0.0;1.2712527528017867;4.79556964;5.19777061216;4.277377952290019;7.996613371019828;2.22958608613512
l3_solar_interface,"sw_kp_scenarios.kp_mean_hotday at upper end, from today",86.84972489094359;104.07133385094359;69.6281159309436;124.14359951622059;65.2411159309436;22.095389;26.69530964;17.49546836;90.54720964;4.9319536204504;3.548298854814815;3.8317523368599264;3.1661753613633334;9.0;1.2712527528017867;4.79556964;5.19777061216;4.277377952290019;7.996613371019828;2.22958608613512,104.07133385094359;86.84972489094359;69.6281159309436;124.14359951622059;65.2411159309436;86.84972489094359;104.07133385094359;69.6281159309436;104.07133385094359;69.6281159309436;22.095389;26.69530964;17.49546836;90.54720964;4.9319536204504;3.548298854814815;3.8317523368599264;3.1661753613633334;9.0;1.2712527528017867;4.79556964;5.19777061216;4.277377952290019;7.996613371019828;2.22958608613512
l3_solar_interface,"sw_kp_scenarios.kp_mean_hotday at zero, from today",86.84972489094359;104.07133385094359;69.6281159309436;124.14359951622059;65.2411159309436;22.095389;26.69530964;17.49546836;90.54720964;4.9319536204504;3.548298854814815;3.8317523368599264;3.1661753613633334;0.0;1.2712527528017867;4.79556964;5.19777061216;4.277377952290019;7.996613371019828;2.22958608613512,104.07133385094359;86.84972489094359;69.6281159309436;124.14359951622059;65.2411159309436;86.84972489094359;104.07133385094359;69.6281159309436;104.07133385094359;69.6281159309436;22.095389;26.69530964;17.49546836;90.54720964;4.9319536204504;3.548298854814815;3.8317523368599264;3.1661753613633334;0.0;1.2712527528017867;4.79556964;5.19777061216;4.277377952290019;7.996613371019828;2.22958608613512
l3_solar_interface,"sw_kp_scenarios.kp_mean_hotday at not a number, from today",86.84972489094359;104.07133385094359;69.6281159309436;124.14359951622059;65.2411159309436;22.095389;26.69530964;17.49546836;90.54720964;4.9319536204504;3.548298854814815;3.8317523368599264;3.1661753613633334;NaN;1.2712527528017867;4.79556964;5.19777061216;4.277377952290019;7.996613371019828;2.22958608613512,refused
l3_solar_interface,"sw_kp_scenarios.kp_mean_coldday at lower end, from today",86.84972489094359;104.07133385094359;69.6281159309436;124.14359951622059;65.2411159309436;22.095389;26.69530964;17.49546836;90.54720964;4.9319536204504;3.548298854814815;3.8317523368599264;3.1661753613633334;5.8022794796410055;0.0;4.79556964;5.19777061216;4.277377952290019;7.996613371019828;2.22958608613512,104.07133385094359;86.84972489094359;69.6281159309436;124.14359951622059;65.2411159309436;86.84972489094359;104.07133385094359;69.6281159309436;104.07133385094359;69.6281159309436;22.095389;26.69530964;17.49546836;90.54720964;4.9319536204504;3.548298854814815;3.8317523368599264;3.1661753613633334;5.8022794796410055;0.0;4.79556964;5.19777061216;4.277377952290019;7.996613371019828;2.22958608613512
l3_solar_interface,"sw_kp_scenarios.kp_mean_coldday at upper end, from today",86.84972489094359;104.07133385094359;69.6281159309436;124.14359951622059;65.2411159309436;22.095389;26.69530964;17.49546836;90.54720964;4.9319536204504;3.548298854814815;3.8317523368599264;3.1661753613633334;5.8022794796410055;9.0;4.79556964;5.19777061216;4.277377952290019;7.996613371019828;2.22958608613512,104.07133385094359;86.84972489094359;69.6281159309436;124.14359951622059;65.2411159309436;86.84972489094359;104.07133385094359;69.6281159309436;104.07133385094359;69.6281159309436;22.095389;26.69530964;17.49546836;90.54720964;4.9319536204504;3.548298854814815;3.8317523368599264;3.1661753613633334;5.8022794796410055;9.0;4.79556964;5.19777061216;4.277377952290019;7.996613371019828;2.22958608613512
l3_solar_interface,"sw_kp_scenarios.kp_mean_coldday at zero, from today",86.84972489094359;104.07133385094359;69.6281159309436;124.14359951622059;65.2411159309436;22.095389;26.69530964;17.49546836;90.54720964;4.9319536204504;3.548298854814815;3.8317523368599264;3.1661753613633334;5.8022794796410055;0.0;4.79556964;5.19777061216;4.277377952290019;7.996613371019828;2.22958608613512,104.07133385094359;86.84972489094359;69.6281159309436;124.14359951622059;65.2411159309436;86.84972489094359;104.07133385094359;69.6281159309436;104.07133385094359;69.6281159309436;22.095389;26.69530964;17.49546836;90.54720964;4.9319536204504;3.548298854814815;3.8317523368599264;3.1661753613633334;5.8022794796410055;0.0;4.79556964;5.19777061216;4.277377952290019;7.996613371019828;2.22958608613512
l3_solar_interface,"sw_kp_scenarios.kp_mean_coldday at not a number, from today",86.84972489094359;104.07133385094359;69.6281159309436;124.14359951622059;65.2411159309436;22.095389;26.69530964;17.49546836;90.54720964;4.9319536204504;3.548298854814815;3.8317523368599264;3.1661753613633334;5.8022794796410055;NaN;4.79556964;5.19777061216;4.277377952290019;7.996613371019828;2.22958608613512,refused
l3_solar_interface,"sw_kp_scenarios.kp_peak_nominal at lower end, from today",86.84972489094359;104.07133385094359;69.6281159309436;124.14359951622059;65.2411159309436;22.095389;26.69530964;17.49546836;90.54720964;4.9319536204504;3.548298854814815;3.8317523368599264;3.1661753613633334;5.8022794796410055;1.2712527528017867;0.0;5.19777061216;4.277377952290019;7.996613371019828;2.22958608613512,104.07133385094359;86.84972489094359;69.6281159309436;124.14359951622059;65.2411159309436;86.84972489094359;104.07133385094359;69.6281159309436;104.07133385094359;69.6281159309436;22.095389;26.69530964;17.49546836;90.54720964;4.9319536204504;3.548298854814815;3.8317523368599264;3.1661753613633334;5.8022794796410055;1.2712527528017867;0.0;5.19777061216;4.277377952290019;7.996613371019828;2.22958608613512
l3_solar_interface,"sw_kp_scenarios.kp_peak_nominal at upper end, from today",86.84972489094359;104.07133385094359;69.6281159309436;124.14359951622059;65.2411159309436;22.095389;26.69530964;17.49546836;90.54720964;4.9319536204504;3.548298854814815;3.8317523368599264;3.1661753613633334;5.8022794796410055;1.2712527528017867;9.0;5.19777061216;4.277377952290019;7.996613371019828;2.22958608613512,104.07133385094359;86.84972489094359;69.6281159309436;124.14359951622059;65.2411159309436;86.84972489094359;104.07133385094359;69.6281159309436;104.07133385094359;69.6281159309436;22.095389;26.69530964;17.49546836;90.54720964;4.9319536204504;3.548298854814815;3.8317523368599264;3.1661753613633334;5.8022794796410055;1.2712527528017867;9.0;5.19777061216;4.277377952290019;7.996613371019828;2.22958608613512
l3_solar_interface,"sw_kp_scenarios.kp_peak_nominal at zero, from today",86.84972489094359;104.07133385094359;69.6281159309436;124.14359951622059;65.2411159309436;22.095389;26.69530964;17.49546836;90.54720964;4.9319536204504;3.548298854814815;3.8317523368599264;3.1661753613633334;5.8022794796410055;1.2712527528017867;0.0;5.19777061216;4.277377952290019;7.996613371019828;2.22958608613512,104.07133385094359;86.84972489094359;69.6281159309436;124.14359951622059;65.2411159309436;86.84972489094359;104.07133385094359;69.6281159309436;104.07133385094359;69.6281159309436;22.095389;26.69530964;17.49546836;90.54720964;4.9319536204504;3.548298854814815;3.8317523368599264;3.1661753613633334;5.8022794796410055;1.2712527528017867;0.0;5.19777061216;4.277377952290019;7.996613371019828;2.22958608613512
l3_solar_interface,"sw_kp_scenarios.kp_peak_nominal at not a number, from today",86.84972489094359;104.07133385094359;69.6281159309436;124.14359951622059;65.2411159309436;22.095389;26.69530964;17.49546836;90.54720964;4.9319536204504;3.548298854814815;3.8317523368599264;3.1661753613633334;5.8022794796410055;1.2712527528017867;NaN;5.19777061216;4.277377952290019;7.996613371019828;2.22958608613512,refused
l3_solar_interface,"sw_kp_scenarios.kp_peak_hotmean at lower end, from today",86.84972489094359;104.07133385094359;69.6281159309436;124.14359951622059;65.2411159309436;22.095389;26.69530964;17.49546836;90.54720964;4.9319536204504;3.548298854814815;3.8317523368599264;3.1661753613633334;5.8022794796410055;1.2712527528017867;4.79556964;0.0;4.277377952290019;7.996613371019828;2.22958608613512,104.07133385094359;86.84972489094359;69.6281159309436;124.14359951622059;65.2411159309436;86.84972489094359;104.07133385094359;69.6281159309436;104.07133385094359;69.6281159309436;22.095389;26.69530964;17.49546836;90.54720964;4.9319536204504;3.548298854814815;3.8317523368599264;3.1661753613633334;5.8022794796410055;1.2712527528017867;4.79556964;0.0;4.277377952290019;7.996613371019828;2.22958608613512
l3_solar_interface,"sw_kp_scenarios.kp_peak_hotmean at upper end, from today",86.84972489094359;104.07133385094359;69.6281159309436;124.14359951622059;65.2411159309436;22.095389;26.69530964;17.49546836;90.54720964;4.9319536204504;3.548298854814815;3.8317523368599264;3.1661753613633334;5.8022794796410055;1.2712527528017867;4.79556964;9.0;4.277377952290019;7.996613371019828;2.22958608613512,104.07133385094359;86.84972489094359;69.6281159309436;124.14359951622059;65.2411159309436;86.84972489094359;104.07133385094359;69.6281159309436;104.07133385094359;69.6281159309436;22.095389;26.69530964;17.49546836;90.54720964;4.9319536204504;3.548298854814815;3.8317523368599264;3.1661753613633334;5.8022794796410055;1.2712527528017867;4.79556964;9.0;4.277377952290019;7.996613371019828;2.22958608613512
l3_solar_interface,"sw_kp_scenarios.kp_peak_hotmean at zero, from today",86.84972489094359;104.07133385094359;69.6281159309436;124.14359951622059;65.2411159309436;22.095389;26.69530964;17.49546836;90.54720964;4.9319536204504;3.548298854814815;3.8317523368599264;3.1661753613633334;5.8022794796410055;1.2712527528017867;4.79556964;0.0;4.277377952290019;7.996613371019828;2.22958608613512,104.07133385094359;86.84972489094359;69.6281159309436;124.14359951622059;65.2411159309436;86.84972489094359;104.07133385094359;69.6281159309436;104.07133385094359;69.6281159309436;22.095389;26.69530964;17.49546836;90.54720964;4.9319536204504;3.548298854814815;3.8317523368599264;3.1661753613633334;5.8022794796410055;1.2712527528017867;4.79556964;0.0;4.277377952290019;7.996613371019828;2.22958608613512
l3_solar_interface,"sw_kp_scenarios.kp_peak_hotmean at not a number, from today",86.84972489094359;104.07133385094359;69.6281159309436;124.14359951622059;65.2411159309436;22.095389;26.69530964;17.49546836;90.54720964;4.9319536204504;3.548298854814815;3.8317523368599264;3.1661753613633334;5.8022794796410055;1.2712527528017867;4.79556964;NaN;4.277377952290019;7.996613371019828;2.22958608613512,refused
l3_solar_interface,"sw_kp_scenarios.kp_peak_coldmean at lower end, from today",86.84972489094359;104.07133385094359;69.6281159309436;124.14359951622059;65.2411159309436;22.095389;26.69530964;17.49546836;90.54720964;4.9319536204504;3.548298854814815;3.8317523368599264;3.1661753613633334;5.8022794796410055;1.2712527528017867;4.79556964;5.19777061216;0.0;7.996613371019828;2.22958608613512,104.07133385094359;86.84972489094359;69.6281159309436;124.14359951622059;65.2411159309436;86.84972489094359;104.07133385094359;69.6281159309436;104.07133385094359;69.6281159309436;22.095389;26.69530964;17.49546836;90.54720964;4.9319536204504;3.548298854814815;3.8317523368599264;3.1661753613633334;5.8022794796410055;1.2712527528017867;4.79556964;5.19777061216;0.0;7.996613371019828;2.22958608613512
l3_solar_interface,"sw_kp_scenarios.kp_peak_coldmean at upper end, from today",86.84972489094359;104.07133385094359;69.6281159309436;124.14359951622059;65.2411159309436;22.095389;26.69530964;17.49546836;90.54720964;4.9319536204504;3.548298854814815;3.8317523368599264;3.1661753613633334;5.8022794796410055;1.2712527528017867;4.79556964;5.19777061216;9.0;7.996613371019828;2.22958608613512,104.07133385094359;86.84972489094359;69.6281159309436;124.14359951622059;65.2411159309436;86.84972489094359;104.07133385094359;69.6281159309436;104.07133385094359;69.6281159309436;22.095389;26.69530964;17.49546836;90.54720964;4.9319536204504;3.548298854814815;3.8317523368599264;3.1661753613633334;5.8022794796410055;1.2712527528017867;4.79556964;5.19777061216;9.0;7.996613371019828;2.22958608613512
l3_solar_interface,"sw_kp_scenarios.kp_peak_coldmean at zero, from today",86.84972489094359;104.07133385094359;69.6281159309436;124.14359951622059;65.2411159309436;22.095389;26.69530964;17.49546836;90.54720964;4.9319536204504;3.548298854814815;3.8317523368599264;3.1661753613633334;5.8022794796410055;1.2712527528017867;4.79556964;5.19777061216;0.0;7.996613371019828;2.22958608613512,104.07133385094359;86.84972489094359;69.6281159309436;124.14359951622059;65.2411159309436;86.84972489094359;104.07133385094359;69.6281159309436;104.07133385094359;69.6281159309436;22.095389;26.69530964;17.49546836;90.54720964;4.9319536204504;3.548298854814815;3.8317523368599264;3.1661753613633334;5.8022794796410055;1.2712527528017867;4.79556964;5.19777061216;0.0;7.996613371019828;2.22958608613512
l3_solar_interface,"sw_kp_scenarios.kp_peak_coldmean at not a number, from today",86.84972489094359;104.07133385094359;69.6281159309436;124.14359951622059;65.2411159309436;22.095389;26.69530964;17.49546836;90.54720964;4.9319536204504;3.548298854814815;3.8317523368599264;3.1661753613633334;5.8022794796410055;1.2712527528017867;4.79556964;5.19777061216;NaN;7.996613371019828;2.22958608613512,refused
l3_solar_interface,"sw_kp_scenarios at lower end, from today",86.84972489094359;104.07133385094359;69.6281159309436;124.14359951622059;65.2411159309436;22.095389;26.69530964;17.49546836;90.54720964;4.9319536204504;3.548298854814815;3.8317523368599264;3.1661753613633334;5.8022794796410055;1.2712527528017867;4.79556964;5.19777061216;4.277377952290019;0.0;2.22958608613512,104.07133385094359;86.84972489094359;69.6281159309436;124.14359951622059;65.2411159309436;86.84972489094359;104.07133385094359;69.6281159309436;104.07133385094359;69.6281159309436;22.095389;26.69530964;17.49546836;90.54720964;4.9319536204504;3.548298854814815;3.8317523368599264;3.1661753613633334;5.8022794796410055;1.2712527528017867;4.79556964;5.19777061216;4.277377952290019;0.0;2.22958608613512
l3_solar_interface,"sw_kp_scenarios at upper end, from today",86.84972489094359;104.07133385094359;69.6281159309436;124.14359951622059;65.2411159309436;22.095389;26.69530964;17.49546836;90.54720964;4.9319536204504;3.548298854814815;3.8317523368599264;3.1661753613633334;5.8022794796410055;1.2712527528017867;4.79556964;5.19777061216;4.277377952290019;9.0;2.22958608613512,104.07133385094359;86.84972489094359;69.6281159309436;124.14359951622059;65.2411159309436;86.84972489094359;104.07133385094359;69.6281159309436;104.07133385094359;69.6281159309436;22.095389;26.69530964;17.49546836;90.54720964;4.9319536204504;3.548298854814815;3.8317523368599264;3.1661753613633334;5.8022794796410055;1.2712527528017867;4.79556964;5.19777061216;4.277377952290019;9.0;2.22958608613512
l3_solar_interface,"sw_kp_scenarios at zero, from today",86.84972489094359;104.07133385094359;69.6281159309436;124.14359951622059;65.2411159309436;22.095389;26.69530964;17.49546836;90.54720964;4.9319536204504;3.548298854814815;3.8317523368599264;3.1661753613633334;5.8022794796410055;1.2712527528017867;4.79556964;5.19777061216;4.277377952290019;0.0;2.22958608613512,104.07133385094359;86.84972489094359;69.6281159309436;124.14359951622059;65.2411159309436;86.84972489094359;104.07133385094359;69.6281159309436;104.07133385094359;69.6281159309436;22.095389;26.69530964;17.49546836;90.54720964;4.9319536204504;3.548298854814815;3.8317523368599264;3.1661753613633334;5.8022794796410055;1.2712527528017867;4.79556964;5.19777061216;4.277377952290019;0.0;2.22958608613512
l3_solar_interface,"sw_kp_scenarios at not a number, from today",86.84972489094359;104.07133385094359;69.6281159309436;124.14359951622059;65.2411159309436;22.095389;26.69530964;17.49546836;90.54720964;4.9319536204504;3.548298854814815;3.8317523368599264;3.1661753613633334;5.8022794796410055;1.2712527528017867;4.79556964;5.19777061216;4.277377952290019;NaN;2.22958608613512,refused
l3_solar_interface,"sw_kp_scenarios.kp_peak_coldday at lower end, from today",86.84972489094359;104.07133385094359;69.6281159309436;124.14359951622059;65.2411159309436;22.095389;26.69530964;17.49546836;90.54720964;4.9319536204504;3.548298854814815;3.8317523368599264;3.1661753613633334;5.8022794796410055;1.2712527528017867;4.79556964;5.19777061216;4.277377952290019;7.996613371019828;0.0,104.07133385094359;86.84972489094359;69.6281159309436;124.14359951622059;65.2411159309436;86.84972489094359;104.07133385094359;69.6281159309436;104.07133385094359;69.6281159309436;22.095389;26.69530964;17.49546836;90.54720964;4.9319536204504;3.548298854814815;3.8317523368599264;3.1661753613633334;5.8022794796410055;1.2712527528017867;4.79556964;5.19777061216;4.277377952290019;7.996613371019828;0.0
l3_solar_interface,"sw_kp_scenarios.kp_peak_coldday at upper end, from today",86.84972489094359;104.07133385094359;69.6281159309436;124.14359951622059;65.2411159309436;22.095389;26.69530964;17.49546836;90.54720964;4.9319536204504;3.548298854814815;3.8317523368599264;3.1661753613633334;5.8022794796410055;1.2712527528017867;4.79556964;5.19777061216;4.277377952290019;7.996613371019828;9.0,104.07133385094359;86.84972489094359;69.6281159309436;124.14359951622059;65.2411159309436;86.84972489094359;104.07133385094359;69.6281159309436;104.07133385094359;69.6281159309436;22.095389;26.69530964;17.49546836;90.54720964;4.9319536204504;3.548298854814815;3.8317523368599264;3.1661753613633334;5.8022794796410055;1.2712527528017867;4.79556964;5.19777061216;4.277377952290019;7.996613371019828;9.0
l3_solar_interface,"sw_kp_scenarios.kp_peak_coldday at zero, from today",86.84972489094359;104.07133385094359;69.6281159309436;124.14359951622059;65.2411159309436;22.095389;26.69530964;17.49546836;90.54720964;4.9319536204504;3.548298854814815;3.8317523368599264;3.1661753613633334;5.8022794796410055;1.2712527528017867;4.79556964;5.19777061216;4.277377952290019;7.996613371019828;0.0,104.07133385094359;86.84972489094359;69.6281159309436;124.14359951622059;65.2411159309436;86.84972489094359;104.07133385094359;69.6281159309436;104.07133385094359;69.6281159309436;22.095389;26.69530964;17.49546836;90.54720964;4.9319536204504;3.548298854814815;3.8317523368599264;3.1661753613633334;5.8022794796410055;1.2712527528017867;4.79556964;5.19777061216;4.277377952290019;7.996613371019828;0.0
l3_solar_interface,"sw_kp_scenarios.kp_peak_coldday at not a number, from today",86.84972489094359;104.07133385094359;69.6281159309436;124.14359951622059;65.2411159309436;22.095389;26.69530964;17.49546836;90.54720964;4.9319536204504;3.548298854814815;3.8317523368599264;3.1661753613633334;5.8022794796410055;1.2712527528017867;4.79556964;5.19777061216;4.277377952290019;7.996613371019828;NaN,refused
l3_solar_interface,"sw_central_expectation at lower end, from the middle",60.0;230.0;230.0;230.0;230.0;20.5;150.0;150.0;200.0;200.0;4.5;4.5;4.5;4.5;4.5;4.5;4.5;4.5;4.5;4.5,230.0;60.0;230.0;230.0;230.0;60.0;230.0;230.0;230.0;230.0;20.5;150.0;150.0;200.0;200.0;4.5;4.5;4.5;4.5;4.5;4.5;4.5;4.5;4.5;4.5
l3_solar_interface,"sw_central_expectation at upper end, from the middle",400.0;230.0;230.0;230.0;230.0;20.5;150.0;150.0;200.0;200.0;4.5;4.5;4.5;4.5;4.5;4.5;4.5;4.5;4.5;4.5,230.0;400.0;230.0;230.0;230.0;400.0;230.0;230.0;230.0;230.0;20.5;150.0;150.0;200.0;200.0;4.5;4.5;4.5;4.5;4.5;4.5;4.5;4.5;4.5;4.5
l3_solar_interface,"sw_central_expectation at zero, from the middle",0.0;230.0;230.0;230.0;230.0;20.5;150.0;150.0;200.0;200.0;4.5;4.5;4.5;4.5;4.5;4.5;4.5;4.5;4.5;4.5,refused
l3_solar_interface,"sw_central_expectation at not a number, from the middle",NaN;230.0;230.0;230.0;230.0;20.5;150.0;150.0;200.0;200.0;4.5;4.5;4.5;4.5;4.5;4.5;4.5;4.5;4.5;4.5,refused
l3_solar_interface,"sw_f107_design_long at lower end, from the middle",230.0;60.0;230.0;230.0;230.0;20.5;150.0;150.0;200.0;200.0;4.5;4.5;4.5;4.5;4.5;4.5;4.5;4.5;4.5;4.5,60.0;230.0;230.0;230.0;230.0;230.0;60.0;230.0;60.0;230.0;20.5;150.0;150.0;200.0;200.0;4.5;4.5;4.5;4.5;4.5;4.5;4.5;4.5;4.5;4.5
l3_solar_interface,"sw_f107_design_long at upper end, from the middle",230.0;400.0;230.0;230.0;230.0;20.5;150.0;150.0;200.0;200.0;4.5;4.5;4.5;4.5;4.5;4.5;4.5;4.5;4.5;4.5,400.0;230.0;230.0;230.0;230.0;230.0;400.0;230.0;400.0;230.0;20.5;150.0;150.0;200.0;200.0;4.5;4.5;4.5;4.5;4.5;4.5;4.5;4.5;4.5;4.5
l3_solar_interface,"sw_f107_design_long at zero, from the middle",230.0;0.0;230.0;230.0;230.0;20.5;150.0;150.0;200.0;200.0;4.5;4.5;4.5;4.5;4.5;4.5;4.5;4.5;4.5;4.5,refused
l3_solar_interface,"sw_f107_design_long at not a number, from the middle",230.0;NaN;230.0;230.0;230.0;20.5;150.0;150.0;200.0;200.0;4.5;4.5;4.5;4.5;4.5;4.5;4.5;4.5;4.5;4.5,refused
l3_solar_interface,"sw_f107_cold_long at lower end, from the middle",230.0;230.0;60.0;230.0;230.0;20.5;150.0;150.0;200.0;200.0;4.5;4.5;4.5;4.5;4.5;4.5;4.5;4.5;4.5;4.5,230.0;230.0;60.0;230.0;230.0;230.0;230.0;60.0;230.0;60.0;20.5;150.0;150.0;200.0;200.0;4.5;4.5;4.5;4.5;4.5;4.5;4.5;4.5;4.5;4.5
l3_solar_interface,"sw_f107_cold_long at upper end, from the middle",230.0;230.0;400.0;230.0;230.0;20.5;150.0;150.0;200.0;200.0;4.5;4.5;4.5;4.5;4.5;4.5;4.5;4.5;4.5;4.5,230.0;230.0;400.0;230.0;230.0;230.0;230.0;400.0;230.0;400.0;20.5;150.0;150.0;200.0;200.0;4.5;4.5;4.5;4.5;4.5;4.5;4.5;4.5;4.5;4.5
l3_solar_interface,"sw_f107_cold_long at zero, from the middle",230.0;230.0;0.0;230.0;230.0;20.5;150.0;150.0;200.0;200.0;4.5;4.5;4.5;4.5;4.5;4.5;4.5;4.5;4.5;4.5,refused
l3_solar_interface,"sw_f107_cold_long at not a number, from the middle",230.0;230.0;NaN;230.0;230.0;20.5;150.0;150.0;200.0;200.0;4.5;4.5;4.5;4.5;4.5;4.5;4.5;4.5;4.5;4.5,refused
l3_solar_interface,"sw_f107_design_short at lower end, from the middle",230.0;230.0;230.0;60.0;230.0;20.5;150.0;150.0;200.0;200.0;4.5;4.5;4.5;4.5;4.5;4.5;4.5;4.5;4.5;4.5,230.0;230.0;230.0;60.0;230.0;230.0;230.0;230.0;230.0;230.0;20.5;150.0;150.0;200.0;200.0;4.5;4.5;4.5;4.5;4.5;4.5;4.5;4.5;4.5;4.5
l3_solar_interface,"sw_f107_design_short at upper end, from the middle",230.0;230.0;230.0;400.0;230.0;20.5;150.0;150.0;200.0;200.0;4.5;4.5;4.5;4.5;4.5;4.5;4.5;4.5;4.5;4.5,230.0;230.0;230.0;400.0;230.0;230.0;230.0;230.0;230.0;230.0;20.5;150.0;150.0;200.0;200.0;4.5;4.5;4.5;4.5;4.5;4.5;4.5;4.5;4.5;4.5
l3_solar_interface,"sw_f107_design_short at zero, from the middle",230.0;230.0;230.0;0.0;230.0;20.5;150.0;150.0;200.0;200.0;4.5;4.5;4.5;4.5;4.5;4.5;4.5;4.5;4.5;4.5,refused
l3_solar_interface,"sw_f107_design_short at not a number, from the middle",230.0;230.0;230.0;NaN;230.0;20.5;150.0;150.0;200.0;200.0;4.5;4.5;4.5;4.5;4.5;4.5;4.5;4.5;4.5;4.5,refused
l3_solar_interface,"sw_f107_cold_short at lower end, from the middle",230.0;230.0;230.0;230.0;60.0;20.5;150.0;150.0;200.0;200.0;4.5;4.5;4.5;4.5;4.5;4.5;4.5;4.5;4.5;4.5,230.0;230.0;230.0;230.0;60.0;230.0;230.0;230.0;230.0;230.0;20.5;150.0;150.0;200.0;200.0;4.5;4.5;4.5;4.5;4.5;4.5;4.5;4.5;4.5;4.5
l3_solar_interface,"sw_f107_cold_short at upper end, from the middle",230.0;230.0;230.0;230.0;400.0;20.5;150.0;150.0;200.0;200.0;4.5;4.5;4.5;4.5;4.5;4.5;4.5;4.5;4.5;4.5,230.0;230.0;230.0;230.0;400.0;230.0;230.0;230.0;230.0;230.0;20.5;150.0;150.0;200.0;200.0;4.5;4.5;4.5;4.5;4.5;4.5;4.5;4.5;4.5;4.5
l3_solar_interface,"sw_f107_cold_short at zero, from the middle",230.0;230.0;230.0;230.0;0.0;20.5;150.0;150.0;200.0;200.0;4.5;4.5;4.5;4.5;4.5;4.5;4.5;4.5;4.5;4.5,refused
l3_solar_interface,"sw_f107_cold_short at not a number, from the middle",230.0;230.0;230.0;230.0;NaN;20.5;150.0;150.0;200.0;200.0;4.5;4.5;4.5;4.5;4.5;4.5;4.5;4.5;4.5;4.5,refused
l3_solar_interface,"sw_ap_central_expectation at lower end, from the middle",230.0;230.0;230.0;230.0;230.0;1.0;150.0;150.0;200.0;200.0;4.5;4.5;4.5;4.5;4.5;4.5;4.5;4.5;4.5;4.5,230.0;230.0;230.0;230.0;230.0;230.0;230.0;230.0;230.0;230.0;1.0;150.0;150.0;200.0;200.0;4.5;4.5;4.5;4.5;4.5;4.5;4.5;4.5;4.5;4.5
l3_solar_interface,"sw_ap_central_expectation at upper end, from the middle",230.0;230.0;230.0;230.0;230.0;40.0;150.0;150.0;200.0;200.0;4.5;4.5;4.5;4.5;4.5;4.5;4.5;4.5;4.5;4.5,230.0;230.0;230.0;230.0;230.0;230.0;230.0;230.0;230.0;230.0;40.0;150.0;150.0;200.0;200.0;4.5;4.5;4.5;4.5;4.5;4.5;4.5;4.5;4.5;4.5
l3_solar_interface,"sw_ap_central_expectation at zero, from the middle",230.0;230.0;230.0;230.0;230.0;0.0;150.0;150.0;200.0;200.0;4.5;4.5;4.5;4.5;4.5;4.5;4.5;4.5;4.5;4.5,230.0;230.0;230.0;230.0;230.0;230.0;230.0;230.0;230.0;230.0;0.0;150.0;150.0;200.0;200.0;4.5;4.5;4.5;4.5;4.5;4.5;4.5;4.5;4.5;4.5
l3_solar_interface,"sw_ap_central_expectation at not a number, from the middle",230.0;230.0;230.0;230.0;230.0;NaN;150.0;150.0;200.0;200.0;4.5;4.5;4.5;4.5;4.5;4.5;4.5;4.5;4.5;4.5,refused
l3_solar_interface,"sw_ap_design_long at lower end, from the middle",230.0;230.0;230.0;230.0;230.0;20.5;0.0;150.0;200.0;200.0;4.5;4.5;4.5;4.5;4.5;4.5;4.5;4.5;4.5;4.5,230.0;230.0;230.0;230.0;230.0;230.0;230.0;230.0;230.0;230.0;20.5;0.0;150.0;200.0;200.0;4.5;4.5;4.5;4.5;4.5;4.5;4.5;4.5;4.5;4.5
l3_solar_interface,"sw_ap_design_long at upper end, from the middle",230.0;230.0;230.0;230.0;230.0;20.5;300.0;150.0;200.0;200.0;4.5;4.5;4.5;4.5;4.5;4.5;4.5;4.5;4.5;4.5,230.0;230.0;230.0;230.0;230.0;230.0;230.0;230.0;230.0;230.0;20.5;300.0;150.0;200.0;200.0;4.5;4.5;4.5;4.5;4.5;4.5;4.5;4.5;4.5;4.5
l3_solar_interface,"sw_ap_design_long at zero, from the middle",230.0;230.0;230.0;230.0;230.0;20.5;0.0;150.0;200.0;200.0;4.5;4.5;4.5;4.5;4.5;4.5;4.5;4.5;4.5;4.5,230.0;230.0;230.0;230.0;230.0;230.0;230.0;230.0;230.0;230.0;20.5;0.0;150.0;200.0;200.0;4.5;4.5;4.5;4.5;4.5;4.5;4.5;4.5;4.5;4.5
l3_solar_interface,"sw_ap_design_long at not a number, from the middle",230.0;230.0;230.0;230.0;230.0;20.5;NaN;150.0;200.0;200.0;4.5;4.5;4.5;4.5;4.5;4.5;4.5;4.5;4.5;4.5,refused
l3_solar_interface,"sw_ap_cold_long at lower end, from the middle",230.0;230.0;230.0;230.0;230.0;20.5;150.0;0.0;200.0;200.0;4.5;4.5;4.5;4.5;4.5;4.5;4.5;4.5;4.5;4.5,230.0;230.0;230.0;230.0;230.0;230.0;230.0;230.0;230.0;230.0;20.5;150.0;0.0;200.0;200.0;4.5;4.5;4.5;4.5;4.5;4.5;4.5;4.5;4.5;4.5
l3_solar_interface,"sw_ap_cold_long at upper end, from the middle",230.0;230.0;230.0;230.0;230.0;20.5;150.0;300.0;200.0;200.0;4.5;4.5;4.5;4.5;4.5;4.5;4.5;4.5;4.5;4.5,230.0;230.0;230.0;230.0;230.0;230.0;230.0;230.0;230.0;230.0;20.5;150.0;300.0;200.0;200.0;4.5;4.5;4.5;4.5;4.5;4.5;4.5;4.5;4.5;4.5
l3_solar_interface,"sw_ap_cold_long at zero, from the middle",230.0;230.0;230.0;230.0;230.0;20.5;150.0;0.0;200.0;200.0;4.5;4.5;4.5;4.5;4.5;4.5;4.5;4.5;4.5;4.5,230.0;230.0;230.0;230.0;230.0;230.0;230.0;230.0;230.0;230.0;20.5;150.0;0.0;200.0;200.0;4.5;4.5;4.5;4.5;4.5;4.5;4.5;4.5;4.5;4.5
l3_solar_interface,"sw_ap_cold_long at not a number, from the middle",230.0;230.0;230.0;230.0;230.0;20.5;150.0;NaN;200.0;200.0;4.5;4.5;4.5;4.5;4.5;4.5;4.5;4.5;4.5;4.5,refused
l3_solar_interface,"sw_ap_design_short at lower end, from the middle",230.0;230.0;230.0;230.0;230.0;20.5;150.0;150.0;0.0;200.0;4.5;4.5;4.5;4.5;4.5;4.5;4.5;4.5;4.5;4.5,230.0;230.0;230.0;230.0;230.0;230.0;230.0;230.0;230.0;230.0;20.5;150.0;150.0;0.0;200.0;4.5;4.5;4.5;4.5;4.5;4.5;4.5;4.5;4.5;4.5
l3_solar_interface,"sw_ap_design_short at upper end, from the middle",230.0;230.0;230.0;230.0;230.0;20.5;150.0;150.0;400.0;200.0;4.5;4.5;4.5;4.5;4.5;4.5;4.5;4.5;4.5;4.5,230.0;230.0;230.0;230.0;230.0;230.0;230.0;230.0;230.0;230.0;20.5;150.0;150.0;400.0;200.0;4.5;4.5;4.5;4.5;4.5;4.5;4.5;4.5;4.5;4.5
l3_solar_interface,"sw_ap_design_short at zero, from the middle",230.0;230.0;230.0;230.0;230.0;20.5;150.0;150.0;0.0;200.0;4.5;4.5;4.5;4.5;4.5;4.5;4.5;4.5;4.5;4.5,230.0;230.0;230.0;230.0;230.0;230.0;230.0;230.0;230.0;230.0;20.5;150.0;150.0;0.0;200.0;4.5;4.5;4.5;4.5;4.5;4.5;4.5;4.5;4.5;4.5
l3_solar_interface,"sw_ap_design_short at not a number, from the middle",230.0;230.0;230.0;230.0;230.0;20.5;150.0;150.0;NaN;200.0;4.5;4.5;4.5;4.5;4.5;4.5;4.5;4.5;4.5;4.5,refused
l3_solar_interface,"sw_ap_cold_short at lower end, from the middle",230.0;230.0;230.0;230.0;230.0;20.5;150.0;150.0;200.0;0.0;4.5;4.5;4.5;4.5;4.5;4.5;4.5;4.5;4.5;4.5,230.0;230.0;230.0;230.0;230.0;230.0;230.0;230.0;230.0;230.0;20.5;150.0;150.0;200.0;0.0;4.5;4.5;4.5;4.5;4.5;4.5;4.5;4.5;4.5;4.5
l3_solar_interface,"sw_ap_cold_short at upper end, from the middle",230.0;230.0;230.0;230.0;230.0;20.5;150.0;150.0;200.0;400.0;4.5;4.5;4.5;4.5;4.5;4.5;4.5;4.5;4.5;4.5,230.0;230.0;230.0;230.0;230.0;230.0;230.0;230.0;230.0;230.0;20.5;150.0;150.0;200.0;400.0;4.5;4.5;4.5;4.5;4.5;4.5;4.5;4.5;4.5;4.5
l3_solar_interface,"sw_ap_cold_short at zero, from the middle",230.0;230.0;230.0;230.0;230.0;20.5;150.0;150.0;200.0;0.0;4.5;4.5;4.5;4.5;4.5;4.5;4.5;4.5;4.5;4.5,230.0;230.0;230.0;230.0;230.0;230.0;230.0;230.0;230.0;230.0;20.5;150.0;150.0;200.0;0.0;4.5;4.5;4.5;4.5;4.5;4.5;4.5;4.5;4.5;4.5
l3_solar_interface,"sw_ap_cold_short at not a number, from the middle",230.0;230.0;230.0;230.0;230.0;20.5;150.0;150.0;200.0;NaN;4.5;4.5;4.5;4.5;4.5;4.5;4.5;4.5;4.5;4.5,refused
l3_solar_interface,"sw_kp_scenarios.kp_mean_nominal at lower end, from the middle",230.0;230.0;230.0;230.0;230.0;20.5;150.0;150.0;200.0;200.0;0.0;4.5;4.5;4.5;4.5;4.5;4.5;4.5;4.5;4.5,230.0;230.0;230.0;230.0;230.0;230.0;230.0;230.0;230.0;230.0;20.5;150.0;150.0;200.0;200.0;0.0;4.5;4.5;4.5;4.5;4.5;4.5;4.5;4.5;4.5
l3_solar_interface,"sw_kp_scenarios.kp_mean_nominal at upper end, from the middle",230.0;230.0;230.0;230.0;230.0;20.5;150.0;150.0;200.0;200.0;9.0;4.5;4.5;4.5;4.5;4.5;4.5;4.5;4.5;4.5,230.0;230.0;230.0;230.0;230.0;230.0;230.0;230.0;230.0;230.0;20.5;150.0;150.0;200.0;200.0;9.0;4.5;4.5;4.5;4.5;4.5;4.5;4.5;4.5;4.5
l3_solar_interface,"sw_kp_scenarios.kp_mean_nominal at zero, from the middle",230.0;230.0;230.0;230.0;230.0;20.5;150.0;150.0;200.0;200.0;0.0;4.5;4.5;4.5;4.5;4.5;4.5;4.5;4.5;4.5,230.0;230.0;230.0;230.0;230.0;230.0;230.0;230.0;230.0;230.0;20.5;150.0;150.0;200.0;200.0;0.0;4.5;4.5;4.5;4.5;4.5;4.5;4.5;4.5;4.5
l3_solar_interface,"sw_kp_scenarios.kp_mean_nominal at not a number, from the middle",230.0;230.0;230.0;230.0;230.0;20.5;150.0;150.0;200.0;200.0;NaN;4.5;4.5;4.5;4.5;4.5;4.5;4.5;4.5;4.5,refused
l3_solar_interface,"sw_kp_scenarios.kp_mean_hotmean at lower end, from the middle",230.0;230.0;230.0;230.0;230.0;20.5;150.0;150.0;200.0;200.0;4.5;0.0;4.5;4.5;4.5;4.5;4.5;4.5;4.5;4.5,230.0;230.0;230.0;230.0;230.0;230.0;230.0;230.0;230.0;230.0;20.5;150.0;150.0;200.0;200.0;4.5;0.0;4.5;4.5;4.5;4.5;4.5;4.5;4.5;4.5
l3_solar_interface,"sw_kp_scenarios.kp_mean_hotmean at upper end, from the middle",230.0;230.0;230.0;230.0;230.0;20.5;150.0;150.0;200.0;200.0;4.5;9.0;4.5;4.5;4.5;4.5;4.5;4.5;4.5;4.5,230.0;230.0;230.0;230.0;230.0;230.0;230.0;230.0;230.0;230.0;20.5;150.0;150.0;200.0;200.0;4.5;9.0;4.5;4.5;4.5;4.5;4.5;4.5;4.5;4.5
l3_solar_interface,"sw_kp_scenarios.kp_mean_hotmean at zero, from the middle",230.0;230.0;230.0;230.0;230.0;20.5;150.0;150.0;200.0;200.0;4.5;0.0;4.5;4.5;4.5;4.5;4.5;4.5;4.5;4.5,230.0;230.0;230.0;230.0;230.0;230.0;230.0;230.0;230.0;230.0;20.5;150.0;150.0;200.0;200.0;4.5;0.0;4.5;4.5;4.5;4.5;4.5;4.5;4.5;4.5
l3_solar_interface,"sw_kp_scenarios.kp_mean_hotmean at not a number, from the middle",230.0;230.0;230.0;230.0;230.0;20.5;150.0;150.0;200.0;200.0;4.5;NaN;4.5;4.5;4.5;4.5;4.5;4.5;4.5;4.5,refused
l3_solar_interface,"sw_kp_scenarios.kp_mean_coldmean at lower end, from the middle",230.0;230.0;230.0;230.0;230.0;20.5;150.0;150.0;200.0;200.0;4.5;4.5;0.0;4.5;4.5;4.5;4.5;4.5;4.5;4.5,230.0;230.0;230.0;230.0;230.0;230.0;230.0;230.0;230.0;230.0;20.5;150.0;150.0;200.0;200.0;4.5;4.5;0.0;4.5;4.5;4.5;4.5;4.5;4.5;4.5
l3_solar_interface,"sw_kp_scenarios.kp_mean_coldmean at upper end, from the middle",230.0;230.0;230.0;230.0;230.0;20.5;150.0;150.0;200.0;200.0;4.5;4.5;9.0;4.5;4.5;4.5;4.5;4.5;4.5;4.5,230.0;230.0;230.0;230.0;230.0;230.0;230.0;230.0;230.0;230.0;20.5;150.0;150.0;200.0;200.0;4.5;4.5;9.0;4.5;4.5;4.5;4.5;4.5;4.5;4.5
l3_solar_interface,"sw_kp_scenarios.kp_mean_coldmean at zero, from the middle",230.0;230.0;230.0;230.0;230.0;20.5;150.0;150.0;200.0;200.0;4.5;4.5;0.0;4.5;4.5;4.5;4.5;4.5;4.5;4.5,230.0;230.0;230.0;230.0;230.0;230.0;230.0;230.0;230.0;230.0;20.5;150.0;150.0;200.0;200.0;4.5;4.5;0.0;4.5;4.5;4.5;4.5;4.5;4.5;4.5
l3_solar_interface,"sw_kp_scenarios.kp_mean_coldmean at not a number, from the middle",230.0;230.0;230.0;230.0;230.0;20.5;150.0;150.0;200.0;200.0;4.5;4.5;NaN;4.5;4.5;4.5;4.5;4.5;4.5;4.5,refused
l3_solar_interface,"sw_kp_scenarios.kp_mean_hotday at lower end, from the middle",230.0;230.0;230.0;230.0;230.0;20.5;150.0;150.0;200.0;200.0;4.5;4.5;4.5;0.0;4.5;4.5;4.5;4.5;4.5;4.5,230.0;230.0;230.0;230.0;230.0;230.0;230.0;230.0;230.0;230.0;20.5;150.0;150.0;200.0;200.0;4.5;4.5;4.5;0.0;4.5;4.5;4.5;4.5;4.5;4.5
l3_solar_interface,"sw_kp_scenarios.kp_mean_hotday at upper end, from the middle",230.0;230.0;230.0;230.0;230.0;20.5;150.0;150.0;200.0;200.0;4.5;4.5;4.5;9.0;4.5;4.5;4.5;4.5;4.5;4.5,230.0;230.0;230.0;230.0;230.0;230.0;230.0;230.0;230.0;230.0;20.5;150.0;150.0;200.0;200.0;4.5;4.5;4.5;9.0;4.5;4.5;4.5;4.5;4.5;4.5
l3_solar_interface,"sw_kp_scenarios.kp_mean_hotday at zero, from the middle",230.0;230.0;230.0;230.0;230.0;20.5;150.0;150.0;200.0;200.0;4.5;4.5;4.5;0.0;4.5;4.5;4.5;4.5;4.5;4.5,230.0;230.0;230.0;230.0;230.0;230.0;230.0;230.0;230.0;230.0;20.5;150.0;150.0;200.0;200.0;4.5;4.5;4.5;0.0;4.5;4.5;4.5;4.5;4.5;4.5
l3_solar_interface,"sw_kp_scenarios.kp_mean_hotday at not a number, from the middle",230.0;230.0;230.0;230.0;230.0;20.5;150.0;150.0;200.0;200.0;4.5;4.5;4.5;NaN;4.5;4.5;4.5;4.5;4.5;4.5,refused
l3_solar_interface,"sw_kp_scenarios.kp_mean_coldday at lower end, from the middle",230.0;230.0;230.0;230.0;230.0;20.5;150.0;150.0;200.0;200.0;4.5;4.5;4.5;4.5;0.0;4.5;4.5;4.5;4.5;4.5,230.0;230.0;230.0;230.0;230.0;230.0;230.0;230.0;230.0;230.0;20.5;150.0;150.0;200.0;200.0;4.5;4.5;4.5;4.5;0.0;4.5;4.5;4.5;4.5;4.5
l3_solar_interface,"sw_kp_scenarios.kp_mean_coldday at upper end, from the middle",230.0;230.0;230.0;230.0;230.0;20.5;150.0;150.0;200.0;200.0;4.5;4.5;4.5;4.5;9.0;4.5;4.5;4.5;4.5;4.5,230.0;230.0;230.0;230.0;230.0;230.0;230.0;230.0;230.0;230.0;20.5;150.0;150.0;200.0;200.0;4.5;4.5;4.5;4.5;9.0;4.5;4.5;4.5;4.5;4.5
l3_solar_interface,"sw_kp_scenarios.kp_mean_coldday at zero, from the middle",230.0;230.0;230.0;230.0;230.0;20.5;150.0;150.0;200.0;200.0;4.5;4.5;4.5;4.5;0.0;4.5;4.5;4.5;4.5;4.5,230.0;230.0;230.0;230.0;230.0;230.0;230.0;230.0;230.0;230.0;20.5;150.0;150.0;200.0;200.0;4.5;4.5;4.5;4.5;0.0;4.5;4.5;4.5;4.5;4.5
l3_solar_interface,"sw_kp_scenarios.kp_mean_coldday at not a number, from the middle",230.0;230.0;230.0;230.0;230.0;20.5;150.0;150.0;200.0;200.0;4.5;4.5;4.5;4.5;NaN;4.5;4.5;4.5;4.5;4.5,refused
l3_solar_interface,"sw_kp_scenarios.kp_peak_nominal at lower end, from the middle",230.0;230.0;230.0;230.0;230.0;20.5;150.0;150.0;200.0;200.0;4.5;4.5;4.5;4.5;4.5;0.0;4.5;4.5;4.5;4.5,230.0;230.0;230.0;230.0;230.0;230.0;230.0;230.0;230.0;230.0;20.5;150.0;150.0;200.0;200.0;4.5;4.5;4.5;4.5;4.5;0.0;4.5;4.5;4.5;4.5
l3_solar_interface,"sw_kp_scenarios.kp_peak_nominal at upper end, from the middle",230.0;230.0;230.0;230.0;230.0;20.5;150.0;150.0;200.0;200.0;4.5;4.5;4.5;4.5;4.5;9.0;4.5;4.5;4.5;4.5,230.0;230.0;230.0;230.0;230.0;230.0;230.0;230.0;230.0;230.0;20.5;150.0;150.0;200.0;200.0;4.5;4.5;4.5;4.5;4.5;9.0;4.5;4.5;4.5;4.5
l3_solar_interface,"sw_kp_scenarios.kp_peak_nominal at zero, from the middle",230.0;230.0;230.0;230.0;230.0;20.5;150.0;150.0;200.0;200.0;4.5;4.5;4.5;4.5;4.5;0.0;4.5;4.5;4.5;4.5,230.0;230.0;230.0;230.0;230.0;230.0;230.0;230.0;230.0;230.0;20.5;150.0;150.0;200.0;200.0;4.5;4.5;4.5;4.5;4.5;0.0;4.5;4.5;4.5;4.5
l3_solar_interface,"sw_kp_scenarios.kp_peak_nominal at not a number, from the middle",230.0;230.0;230.0;230.0;230.0;20.5;150.0;150.0;200.0;200.0;4.5;4.5;4.5;4.5;4.5;NaN;4.5;4.5;4.5;4.5,refused
l3_solar_interface,"sw_kp_scenarios.kp_peak_hotmean at lower end, from the middle",230.0;230.0;230.0;230.0;230.0;20.5;150.0;150.0;200.0;200.0;4.5;4.5;4.5;4.5;4.5;4.5;0.0;4.5;4.5;4.5,230.0;230.0;230.0;230.0;230.0;230.0;230.0;230.0;230.0;230.0;20.5;150.0;150.0;200.0;200.0;4.5;4.5;4.5;4.5;4.5;4.5;0.0;4.5;4.5;4.5
l3_solar_interface,"sw_kp_scenarios.kp_peak_hotmean at upper end, from the middle",230.0;230.0;230.0;230.0;230.0;20.5;150.0;150.0;200.0;200.0;4.5;4.5;4.5;4.5;4.5;4.5;9.0;4.5;4.5;4.5,230.0;230.0;230.0;230.0;230.0;230.0;230.0;230.0;230.0;230.0;20.5;150.0;150.0;200.0;200.0;4.5;4.5;4.5;4.5;4.5;4.5;9.0;4.5;4.5;4.5
l3_solar_interface,"sw_kp_scenarios.kp_peak_hotmean at zero, from the middle",230.0;230.0;230.0;230.0;230.0;20.5;150.0;150.0;200.0;200.0;4.5;4.5;4.5;4.5;4.5;4.5;0.0;4.5;4.5;4.5,230.0;230.0;230.0;230.0;230.0;230.0;230.0;230.0;230.0;230.0;20.5;150.0;150.0;200.0;200.0;4.5;4.5;4.5;4.5;4.5;4.5;0.0;4.5;4.5;4.5
l3_solar_interface,"sw_kp_scenarios.kp_peak_hotmean at not a number, from the middle",230.0;230.0;230.0;230.0;230.0;20.5;150.0;150.0;200.0;200.0;4.5;4.5;4.5;4.5;4.5;4.5;NaN;4.5;4.5;4.5,refused
l3_solar_interface,"sw_kp_scenarios.kp_peak_coldmean at lower end, from the middle",230.0;230.0;230.0;230.0;230.0;20.5;150.0;150.0;200.0;200.0;4.5;4.5;4.5;4.5;4.5;4.5;4.5;0.0;4.5;4.5,230.0;230.0;230.0;230.0;230.0;230.0;230.0;230.0;230.0;230.0;20.5;150.0;150.0;200.0;200.0;4.5;4.5;4.5;4.5;4.5;4.5;4.5;0.0;4.5;4.5
l3_solar_interface,"sw_kp_scenarios.kp_peak_coldmean at upper end, from the middle",230.0;230.0;230.0;230.0;230.0;20.5;150.0;150.0;200.0;200.0;4.5;4.5;4.5;4.5;4.5;4.5;4.5;9.0;4.5;4.5,230.0;230.0;230.0;230.0;230.0;230.0;230.0;230.0;230.0;230.0;20.5;150.0;150.0;200.0;200.0;4.5;4.5;4.5;4.5;4.5;4.5;4.5;9.0;4.5;4.5
l3_solar_interface,"sw_kp_scenarios.kp_peak_coldmean at zero, from the middle",230.0;230.0;230.0;230.0;230.0;20.5;150.0;150.0;200.0;200.0;4.5;4.5;4.5;4.5;4.5;4.5;4.5;0.0;4.5;4.5,230.0;230.0;230.0;230.0;230.0;230.0;230.0;230.0;230.0;230.0;20.5;150.0;150.0;200.0;200.0;4.5;4.5;4.5;4.5;4.5;4.5;4.5;0.0;4.5;4.5
l3_solar_interface,"sw_kp_scenarios.kp_peak_coldmean at not a number, from the middle",230.0;230.0;230.0;230.0;230.0;20.5;150.0;150.0;200.0;200.0;4.5;4.5;4.5;4.5;4.5;4.5;4.5;NaN;4.5;4.5,refused
l3_solar_interface,"sw_kp_scenarios at lower end, from the middle",230.0;230.0;230.0;230.0;230.0;20.5;150.0;150.0;200.0;200.0;4.5;4.5;4.5;4.5;4.5;4.5;4.5;4.5;0.0;4.5,230.0;230.0;230.0;230.0;230.0;230.0;230.0;230.0;230.0;230.0;20.5;150.0;150.0;200.0;200.0;4.5;4.5;4.5;4.5;4.5;4.5;4.5;4.5;0.0;4.5
l3_solar_interface,"sw_kp_scenarios at upper end, from the middle",230.0;230.0;230.0;230.0;230.0;20.5;150.0;150.0;200.0;200.0;4.5;4.5;4.5;4.5;4.5;4.5;4.5;4.5;9.0;4.5,230.0;230.0;230.0;230.0;230.0;230.0;230.0;230.0;230.0;230.0;20.5;150.0;150.0;200.0;200.0;4.5;4.5;4.5;4.5;4.5;4.5;4.5;4.5;9.0;4.5
l3_solar_interface,"sw_kp_scenarios at zero, from the middle",230.0;230.0;230.0;230.0;230.0;20.5;150.0;150.0;200.0;200.0;4.5;4.5;4.5;4.5;4.5;4.5;4.5;4.5;0.0;4.5,230.0;230.0;230.0;230.0;230.0;230.0;230.0;230.0;230.0;230.0;20.5;150.0;150.0;200.0;200.0;4.5;4.5;4.5;4.5;4.5;4.5;4.5;4.5;0.0;4.5
l3_solar_interface,"sw_kp_scenarios at not a number, from the middle",230.0;230.0;230.0;230.0;230.0;20.5;150.0;150.0;200.0;200.0;4.5;4.5;4.5;4.5;4.5;4.5;4.5;4.5;NaN;4.5,refused
l3_solar_interface,"sw_kp_scenarios.kp_peak_coldday at lower end, from the middle",230.0;230.0;230.0;230.0;230.0;20.5;150.0;150.0;200.0;200.0;4.5;4.5;4.5;4.5;4.5;4.5;4.5;4.5;4.5;0.0,230.0;230.0;230.0;230.0;230.0;230.0;230.0;230.0;230.0;230.0;20.5;150.0;150.0;200.0;200.0;4.5;4.5;4.5;4.5;4.5;4.5;4.5;4.5;4.5;0.0
l3_solar_interface,"sw_kp_scenarios.kp_peak_coldday at upper end, from the middle",230.0;230.0;230.0;230.0;230.0;20.5;150.0;150.0;200.0;200.0;4.5;4.5;4.5;4.5;4.5;4.5;4.5;4.5;4.5;9.0,230.0;230.0;230.0;230.0;230.0;230.0;230.0;230.0;230.0;230.0;20.5;150.0;150.0;200.0;200.0;4.5;4.5;4.5;4.5;4.5;4.5;4.5;4.5;4.5;9.0
l3_solar_interface,"sw_kp_scenarios.kp_peak_coldday at zero, from the middle",230.0;230.0;230.0;230.0;230.0;20.5;150.0;150.0;200.0;200.0;4.5;4.5;4.5;4.5;4.5;4.5;4.5;4.5;4.5;0.0,230.0;230.0;230.0;230.0;230.0;230.0;230.0;230.0;230.0;230.0;20.5;150.0;150.0;200.0;200.0;4.5;4.5;4.5;4.5;4.5;4.5;4.5;4.5;4.5;0.0
l3_solar_interface,"sw_kp_scenarios.kp_peak_coldday at not a number, from the middle",230.0;230.0;230.0;230.0;230.0;20.5;150.0;150.0;200.0;200.0;4.5;4.5;4.5;4.5;4.5;4.5;4.5;4.5;4.5;NaN,refused
mass_disposal_propellant,"today",0.0;0.0,0.0
mass_disposal_propellant,"the middle of every range",70.71067811865476;250.0,8.687342451226518
mass_disposal_propellant,"mass_dry at lower end, from today",1.0;0.0,0.0
mass_disposal_propellant,"mass_dry at upper end, from today",5000.0;0.0,0.0
mass_disposal_propellant,"mass_dry at zero, from today",0.0;0.0,0.0
mass_disposal_propellant,"mass_dry at not a number, from today",NaN;0.0,refused
mass_disposal_propellant,"orbit_deorbit_delta_v at lower end, from today",0.0;0.0,0.0
mass_disposal_propellant,"orbit_deorbit_delta_v at upper end, from today",0.0;500.0,0.0
mass_disposal_propellant,"orbit_deorbit_delta_v at zero, from today",0.0;0.0,0.0
mass_disposal_propellant,"orbit_deorbit_delta_v at not a number, from today",0.0;NaN,refused
mass_disposal_propellant,"mass_dry at lower end, from the middle",1.0;250.0,0.1228575751550407
mass_disposal_propellant,"mass_dry at upper end, from the middle",5000.0;250.0,614.2878757752035
mass_disposal_propellant,"mass_dry at zero, from the middle",0.0;250.0,0.0
mass_disposal_propellant,"mass_dry at not a number, from the middle",NaN;250.0,refused
mass_disposal_propellant,"orbit_deorbit_delta_v at lower end, from the middle",70.71067811865476;0.0,0.0
mass_disposal_propellant,"orbit_deorbit_delta_v at upper end, from the middle",70.71067811865476;500.0,18.441990730552156
mass_disposal_propellant,"orbit_deorbit_delta_v at zero, from the middle",70.71067811865476;0.0,0.0
mass_disposal_propellant,"orbit_deorbit_delta_v at not a number, from the middle",70.71067811865476;NaN,refused
mass_dry,"today",38.0;26.0;0.0;12.0;9.0;7.5;11.0;55.0;0.2,190.2
mass_dry,"the middle of every range",44.721359549995796;15.811388300841896;1000.0;7.745966692414834;10.0;6.324555320336759;10.0;22.360679774997898;0.25,1396.204937048234
mass_dry,"mass_structure at lower end, from today",1.0;26.0;0.0;12.0;9.0;7.5;11.0;55.0;0.2,145.79999999999998
mass_dry,"mass_structure at upper end, from today",2000.0;26.0;0.0;12.0;9.0;7.5;11.0;55.0;0.2,2544.6
mass_dry,"mass_structure at zero, from today",0.0;26.0;0.0;12.0;9.0;7.5;11.0;55.0;0.2,144.6
mass_dry,"mass_structure at not a number, from today",NaN;26.0;0.0;12.0;9.0;7.5;11.0;55.0;0.2,refused
mass_dry,"mass_propulsion_hw at lower end, from today",38.0;0.5;0.0;12.0;9.0;7.5;11.0;55.0;0.2,159.6
mass_dry,"mass_propulsion_hw at upper end, from today",38.0;500.0;0.0;12.0;9.0;7.5;11.0;55.0;0.2,759.0
mass_dry,"mass_propulsion_hw at zero, from today",38.0;0.0;0.0;12.0;9.0;7.5;11.0;55.0;0.2,159.0
mass_dry,"mass_propulsion_hw at not a number, from today",38.0;NaN;0.0;12.0;9.0;7.5;11.0;55.0;0.2,refused
mass_dry,"pwr_subsystem_mass at lower end, from today",38.0;26.0;0.0;12.0;9.0;7.5;11.0;55.0;0.2,190.2
mass_dry,"pwr_subsystem_mass at upper end, from today",38.0;26.0;2000.0;12.0;9.0;7.5;11.0;55.0;0.2,2590.2
mass_dry,"pwr_subsystem_mass at zero, from today",38.0;26.0;0.0;12.0;9.0;7.5;11.0;55.0;0.2,190.2
mass_dry,"pwr_subsystem_mass at not a number, from today",38.0;26.0;NaN;12.0;9.0;7.5;11.0;55.0;0.2,refused
mass_dry,"mass_harness at lower end, from today",38.0;26.0;0.0;0.2;9.0;7.5;11.0;55.0;0.2,176.04
mass_dry,"mass_harness at upper end, from today",38.0;26.0;0.0;300.0;9.0;7.5;11.0;55.0;0.2,535.8
mass_dry,"mass_harness at zero, from today",38.0;26.0;0.0;0.0;9.0;7.5;11.0;55.0;0.2,175.79999999999998
mass_dry,"mass_harness at not a number, from today",38.0;26.0;0.0;NaN;9.0;7.5;11.0;55.0;0.2,refused
mass_dry,"mass_avionics at lower end, from today",38.0;26.0;0.0;12.0;0.5;7.5;11.0;55.0;0.2,180.0
mass_dry,"mass_avionics at upper end, from today",38.0;26.0;0.0;12.0;200.0;7.5;11.0;55.0;0.2,419.4
mass_dry,"mass_avionics at zero, from today",38.0;26.0;0.0;12.0;0.0;7.5;11.0;55.0;0.2,179.4
mass_dry,"mass_avionics at not a number, from today",38.0;26.0;0.0;12.0;NaN;7.5;11.0;55.0;0.2,refused
mass_dry,"mass_comms_hw at lower end, from today",38.0;26.0;0.0;12.0;9.0;0.2;11.0;55.0;0.2,181.43999999999997
mass_dry,"mass_comms_hw at upper end, from today",38.0;26.0;0.0;12.0;9.0;200.0;11.0;55.0;0.2,421.2
mass_dry,"mass_comms_hw at zero, from today",38.0;26.0;0.0;12.0;9.0;0.0;11.0;55.0;0.2,181.2
mass_dry,"mass_comms_hw at not a number, from today",38.0;26.0;0.0;12.0;9.0;NaN;11.0;55.0;0.2,refused
mass_dry,"mass_gnc_hw at lower end, from today",38.0;26.0;0.0;12.0;9.0;7.5;0.5;55.0;0.2,177.6
mass_dry,"mass_gnc_hw at upper end, from today",38.0;26.0;0.0;12.0;9.0;7.5;200.0;55.0;0.2,417.0
mass_dry,"mass_gnc_hw at zero, from today",38.0;26.0;0.0;12.0;9.0;7.5;0.0;55.0;0.2,177.0
mass_dry,"mass_gnc_hw at not a number, from today",38.0;26.0;0.0;12.0;9.0;7.5;NaN;55.0;0.2,refused
mass_dry,"mass_payload at lower end, from today",38.0;26.0;0.0;12.0;9.0;7.5;11.0;0.5;0.2,124.8
mass_dry,"mass_payload at upper end, from today",38.0;26.0;0.0;12.0;9.0;7.5;11.0;1000.0;0.2,1324.2
mass_dry,"mass_payload at zero, from today",38.0;26.0;0.0;12.0;9.0;7.5;11.0;0.0;0.2,124.19999999999999
mass_dry,"mass_payload at not a number, from today",38.0;26.0;0.0;12.0;9.0;7.5;11.0;NaN;0.2,refused
mass_dry,"mass_system_margin at lower end, from today",38.0;26.0;0.0;12.0;9.0;7.5;11.0;55.0;0.0,158.5
mass_dry,"mass_system_margin at upper end, from today",38.0;26.0;0.0;12.0;9.0;7.5;11.0;55.0;0.5,237.75
mass_dry,"mass_system_margin at zero, from today",38.0;26.0;0.0;12.0;9.0;7.5;11.0;55.0;0.0,158.5
mass_dry,"mass_system_margin at not a number, from today",38.0;26.0;0.0;12.0;9.0;7.5;11.0;55.0;NaN,refused
mass_dry,"mass_structure at lower end, from the middle",1.0;15.811388300841896;1000.0;7.745966692414834;10.0;6.324555320336759;10.0;22.360679774997898;0.25,1341.553237610739
mass_dry,"mass_structure at upper end, from the middle",2000.0;15.811388300841896;1000.0;7.745966692414834;10.0;6.324555320336759;10.0;22.360679774997898;0.25,3840.3032376107394
mass_dry,"mass_structure at zero, from the middle",0.0;15.811388300841896;1000.0;7.745966692414834;10.0;6.324555320336759;10.0;22.360679774997898;0.25,1340.303237610739
mass_dry,"mass_structure at not a number, from the middle",NaN;15.811388300841896;1000.0;7.745966692414834;10.0;6.324555320336759;10.0;22.360679774997898;0.25,refused
mass_dry,"mass_propulsion_hw at lower end, from the middle",44.721359549995796;0.5;1000.0;7.745966692414834;10.0;6.324555320336759;10.0;22.360679774997898;0.25,1377.0657016721816
mass_dry,"mass_propulsion_hw at upper end, from the middle",44.721359549995796;500.0;1000.0;7.745966692414834;10.0;6.324555320336759;10.0;22.360679774997898;0.25,2001.4407016721814
mass_dry,"mass_propulsion_hw at zero, from the middle",44.721359549995796;0.0;1000.0;7.745966692414834;10.0;6.324555320336759;10.0;22.360679774997898;0.25,1376.4407016721816
mass_dry,"mass_propulsion_hw at not a number, from the middle",44.721359549995796;NaN;1000.0;7.745966692414834;10.0;6.324555320336759;10.0;22.360679774997898;0.25,refused
mass_dry,"pwr_subsystem_mass at lower end, from the middle",44.721359549995796;15.811388300841896;0.0;7.745966692414834;10.0;6.324555320336759;10.0;22.360679774997898;0.25,146.204937048234
mass_dry,"pwr_subsystem_mass at upper end, from the middle",44.721359549995796;15.811388300841896;2000.0;7.745966692414834;10.0;6.324555320336759;10.0;22.360679774997898;0.25,2646.2049370482337
mass_dry,"pwr_subsystem_mass at zero, from the middle",44.721359549995796;15.811388300841896;0.0;7.745966692414834;10.0;6.324555320336759;10.0;22.360679774997898;0.25,146.204937048234
mass_dry,"pwr_subsystem_mass at not a number, from the middle",44.721359549995796;15.811388300841896;NaN;7.745966692414834;10.0;6.324555320336759;10.0;22.360679774997898;0.25,refused
mass_dry,"mass_harness at lower end, from the middle",44.721359549995796;15.811388300841896;1000.0;0.2;10.0;6.324555320336759;10.0;22.360679774997898;0.25,1386.7724786827152
mass_dry,"mass_harness at upper end, from the middle",44.721359549995796;15.811388300841896;1000.0;300.0;10.0;6.324555320336759;10.0;22.360679774997898;0.25,1761.5224786827152
mass_dry,"mass_harness at zero, from the middle",44.721359549995796;15.811388300841896;1000.0;0.0;10.0;6.324555320336759;10.0;22.360679774997898;0.25,1386.5224786827152
mass_dry,"mass_harness at not a number, from the middle",44.721359549995796;15.811388300841896;1000.0;NaN;10.0;6.324555320336759;10.0;22.360679774997898;0.25,refused
mass_dry,"mass_avionics at lower end, from the middle",44.721359549995796;15.811388300841896;1000.0;7.745966692414834;0.5;6.324555320336759;10.0;22.360679774997898;0.25,1384.329937048234
mass_dry,"mass_avionics at upper end, from the middle",44.721359549995796;15.811388300841896;1000.0;7.745966692414834;200.0;6.324555320336759;10.0;22.360679774997898;0.25,1633.704937048234
mass_dry,"mass_avionics at zero, from the middle",44.721359549995796;15.811388300841896;1000.0;7.745966692414834;0.0;6.324555320336759;10.0;22.360679774997898;0.25,1383.704937048234
mass_dry,"mass_avionics at not a number, from the middle",44.721359549995796;15.811388300841896;1000.0;7.745966692414834;NaN;6.324555320336759;10.0;22.360679774997898;0.25,refused
mass_dry,"mass_comms_hw at lower end, from the middle",44.721359549995796;15.811388300841896;1000.0;7.745966692414834;10.0;0.2;10.0;22.360679774997898;0.25,1388.5492428978132
mass_dry,"mass_comms_hw at upper end, from the middle",44.721359549995796;15.811388300841896;1000.0;7.745966692414834;10.0;200.0;10.0;22.360679774997898;0.25,1638.299242897813
mass_dry,"mass_comms_hw at zero, from the middle",44.721359549995796;15.811388300841896;1000.0;7.745966692414834;10.0;0.0;10.0;22.360679774997898;0.25,1388.299242897813
mass_dry,"mass_comms_hw at not a number, from the middle",44.721359549995796;15.811388300841896;1000.0;7.745966692414834;10.0;NaN;10.0;22.360679774997898;0.25,refused
mass_dry,"mass_gnc_hw at lower end, from the middle",44.721359549995796;15.811388300841896;1000.0;7.745966692414834;10.0;6.324555320336759;0.5;22.360679774997898;0.25,1384.329937048234
mass_dry,"mass_gnc_hw at upper end, from the middle",44.721359549995796;15.811388300841896;1000.0;7.745966692414834;10.0;6.324555320336759;200.0;22.360679774997898;0.25,1633.704937048234
mass_dry,"mass_gnc_hw at zero, from the middle",44.721359549995796;15.811388300841896;1000.0;7.745966692414834;10.0;6.324555320336759;0.0;22.360679774997898;0.25,1383.704937048234
mass_dry,"mass_gnc_hw at not a number, from the middle",44.721359549995796;15.811388300841896;1000.0;7.745966692414834;10.0;6.324555320336759;NaN;22.360679774997898;0.25,refused
mass_dry,"mass_payload at lower end, from the middle",44.721359549995796;15.811388300841896;1000.0;7.745966692414834;10.0;6.324555320336759;10.0;0.5;0.25,1368.8790873294865
mass_dry,"mass_payload at upper end, from the middle",44.721359549995796;15.811388300841896;1000.0;7.745966692414834;10.0;6.324555320336759;10.0;1000.0;0.25,2618.2540873294865
mass_dry,"mass_payload at zero, from the middle",44.721359549995796;15.811388300841896;1000.0;7.745966692414834;10.0;6.324555320336759;10.0;0.0;0.25,1368.2540873294865
mass_dry,"mass_payload at not a number, from the middle",44.721359549995796;15.811388300841896;1000.0;7.745966692414834;10.0;6.324555320336759;10.0;NaN;0.25,refused
mass_dry,"mass_system_margin at lower end, from the middle",44.721359549995796;15.811388300841896;1000.0;7.745966692414834;10.0;6.324555320336759;10.0;22.360679774997898;0.0,1116.963949638587
mass_dry,"mass_system_margin at upper end, from the middle",44.721359549995796;15.811388300841896;1000.0;7.745966692414834;10.0;6.324555320336759;10.0;22.360679774997898;0.5,1675.4459244578807
mass_dry,"mass_system_margin at zero, from the middle",44.721359549995796;15.811388300841896;1000.0;7.745966692414834;10.0;6.324555320336759;10.0;22.360679774997898;0.0,1116.963949638587
mass_dry,"mass_system_margin at not a number, from the middle",44.721359549995796;15.811388300841896;1000.0;7.745966692414834;10.0;6.324555320336759;10.0;22.360679774997898;NaN,refused
mass_margin,"today",250.0;0.0,1.0
mass_margin,"the middle of every range",158.11388300841898;77.45966692414834,0.5101020514433644
mass_margin,"mass_limit at lower end, from today",5.0;0.0,1.0
mass_margin,"mass_limit at upper end, from today",5000.0;0.0,1.0
mass_margin,"mass_limit at zero, from today",0.0;0.0,refused
mass_margin,"mass_limit at not a number, from today",NaN;0.0,refused
mass_margin,"mass_wet at lower end, from today",250.0;1.0,0.996
mass_margin,"mass_wet at upper end, from today",250.0;6000.0,refused
mass_margin,"mass_wet at zero, from today",250.0;0.0,1.0
mass_margin,"mass_wet at not a number, from today",250.0;NaN,refused
mass_margin,"mass_limit at lower end, from the middle",5.0;77.45966692414834,refused
mass_margin,"mass_limit at upper end, from the middle",5000.0;77.45966692414834,0.9845080666151703
mass_margin,"mass_limit at zero, from the middle",0.0;77.45966692414834,refused
mass_margin,"mass_limit at not a number, from the middle",NaN;77.45966692414834,refused
mass_margin,"mass_wet at lower end, from the middle",158.11388300841898;1.0,0.9936754446796633
mass_margin,"mass_wet at upper end, from the middle",158.11388300841898;6000.0,refused
mass_margin,"mass_wet at zero, from the middle",158.11388300841898;0.0,1.0
mass_margin,"mass_wet at not a number, from the middle",158.11388300841898;NaN,refused
mass_wet,"today",0.0;0.0,refused
mass_wet,"the middle of every range",70.71067811865476;500.0,570.7106781186548
mass_wet,"mass_dry at lower end, from today",1.0;0.0,1.0
mass_wet,"mass_dry at upper end, from today",5000.0;0.0,5000.0
mass_wet,"mass_dry at zero, from today",0.0;0.0,refused
mass_wet,"mass_dry at not a number, from today",NaN;0.0,refused
mass_wet,"mass_disposal_propellant at lower end, from today",0.0;0.0,refused
mass_wet,"mass_disposal_propellant at upper end, from today",0.0;1000.0,1000.0
mass_wet,"mass_disposal_propellant at zero, from today",0.0;0.0,refused
mass_wet,"mass_disposal_propellant at not a number, from today",0.0;NaN,refused
mass_wet,"mass_dry at lower end, from the middle",1.0;500.0,501.0
mass_wet,"mass_dry at upper end, from the middle",5000.0;500.0,5500.0
mass_wet,"mass_dry at zero, from the middle",0.0;500.0,500.0
mass_wet,"mass_dry at not a number, from the middle",NaN;500.0,refused
mass_wet,"mass_disposal_propellant at lower end, from the middle",70.71067811865476;0.0,70.71067811865476
mass_wet,"mass_disposal_propellant at upper end, from the middle",70.71067811865476;1000.0,1070.7106781186549
mass_wet,"mass_disposal_propellant at zero, from the middle",70.71067811865476;0.0,70.71067811865476
mass_wet,"mass_disposal_propellant at not a number, from the middle",70.71067811865476;NaN,refused
mis_access_area,"today",0.0,0.0
mis_access_area,"the middle of every range",0.7504915783575618,68513655426859.414
mis_access_area,"orbit_earth_central_angle at lower end, from today",0.0,0.0
mis_access_area,"orbit_earth_central_angle at upper end, from today",1.5009831567151235,237242741869506.8
mis_access_area,"orbit_earth_central_angle at zero, from today",0.0,0.0
mis_access_area,"orbit_earth_central_angle at not a number, from today",NaN,refused
mis_access_area,"orbit_earth_central_angle at lower end, from the middle",0.0,0.0
mis_access_area,"orbit_earth_central_angle at upper end, from the middle",1.5009831567151235,237242741869506.8
mis_access_area,"orbit_earth_central_angle at zero, from the middle",0.0,0.0
mis_access_area,"orbit_earth_central_angle at not a number, from the middle",NaN,refused
mis_availability,"today",0.97;24.0,0.9993594403892045
mis_availability,"the middle of every range",0.74995;22.360679774997898,0.3232923605045947
mis_availability,"mis_unit_availability at lower end, from today",0.5;24.0,0.000771939754486084
mis_availability,"mis_unit_availability at upper end, from today",0.9999;24.0,0.9999999999999999
mis_availability,"mis_unit_availability at zero, from today",0.0;24.0,0.0
mis_availability,"mis_unit_availability at not a number, from today",NaN;24.0,refused
mis_availability,"mis_satellites at lower end, from today",0.97;1.0,0.97
mis_availability,"mis_satellites at upper end, from today",0.97;500.0,refused
mis_availability,"mis_satellites at zero, from today",0.97;0.0,1.0
mis_availability,"mis_satellites at not a number, from today",0.97;NaN,1.0
mis_availability,"mis_unit_availability at lower end, from the middle",0.5;22.360679774997898,0.002171754837036133
mis_availability,"mis_unit_availability at upper end, from the middle",0.9999;22.360679774997898,1.0
mis_availability,"mis_unit_availability at zero, from the middle",0.0;22.360679774997898,0.0
mis_availability,"mis_unit_availability at not a number, from the middle",NaN;22.360679774997898,refused
mis_availability,"mis_satellites at lower end, from the middle",0.74995;1.0,0.74995
mis_availability,"mis_satellites at upper end, from the middle",0.74995;500.0,0.0048679749157951495
mis_availability,"mis_satellites at zero, from the middle",0.74995;0.0,1.0
mis_availability,"mis_satellites at not a number, from the middle",0.74995;NaN,1.0
mis_coverage_fraction,"today",0.0,0.0
mis_coverage_fraction,"the middle of every range",0.7504915783575618,0.13432314919041477
mis_coverage_fraction,"orbit_earth_central_angle at lower end, from today",0.0,0.0
mis_coverage_fraction,"orbit_earth_central_angle at upper end, from today",1.5009831567151235,0.4651217631279374
mis_coverage_fraction,"orbit_earth_central_angle at zero, from today",0.0,0.0
mis_coverage_fraction,"orbit_earth_central_angle at not a number, from today",NaN,refused
mis_coverage_fraction,"orbit_earth_central_angle at lower end, from the middle",0.0,0.0
mis_coverage_fraction,"orbit_earth_central_angle at upper end, from the middle",1.5009831567151235,0.4651217631279374
mis_coverage_fraction,"orbit_earth_central_angle at zero, from the middle",0.0,0.0
mis_coverage_fraction,"orbit_earth_central_angle at not a number, from the middle",NaN,refused
mis_latency,"today",0.0;0.0;480.0;180.0,660.0
mis_latency,"the middle of every range",43200.0;1800.0;720.0;720.0,46440.0
mis_latency,"mis_time_to_downlink at lower end, from today",0.0;0.0;480.0;180.0,660.0
mis_latency,"mis_time_to_downlink at upper end, from today",86400.0;0.0;480.0;180.0,87060.0
mis_latency,"mis_time_to_downlink at zero, from today",0.0;0.0;480.0;180.0,660.0
mis_latency,"mis_time_to_downlink at not a number, from today",NaN;0.0;480.0;180.0,refused
mis_latency,"com_contact_time at lower end, from today",0.0;0.0;480.0;180.0,660.0
mis_latency,"com_contact_time at upper end, from today",0.0;3600.0;480.0;180.0,4260.0
mis_latency,"com_contact_time at zero, from today",0.0;0.0;480.0;180.0,660.0
mis_latency,"com_contact_time at not a number, from today",0.0;NaN;480.0;180.0,refused
mis_latency,"mis_processing_time at lower end, from today",0.0;0.0;6.0;180.0,186.0
mis_latency,"mis_processing_time at upper end, from today",0.0;0.0;86400.0;180.0,86580.0
mis_latency,"mis_processing_time at zero, from today",0.0;0.0;0.0;180.0,180.0
mis_latency,"mis_processing_time at not a number, from today",0.0;0.0;NaN;180.0,refused
mis_latency,"mis_delivery_time at lower end, from today",0.0;0.0;480.0;6.0,486.0
mis_latency,"mis_delivery_time at upper end, from today",0.0;0.0;480.0;86400.0,86880.0
mis_latency,"mis_delivery_time at zero, from today",0.0;0.0;480.0;0.0,480.0
mis_latency,"mis_delivery_time at not a number, from today",0.0;0.0;480.0;NaN,refused
mis_latency,"mis_time_to_downlink at lower end, from the middle",0.0;1800.0;720.0;720.0,3240.0
mis_latency,"mis_time_to_downlink at upper end, from the middle",86400.0;1800.0;720.0;720.0,89640.0
mis_latency,"mis_time_to_downlink at zero, from the middle",0.0;1800.0;720.0;720.0,3240.0
mis_latency,"mis_time_to_downlink at not a number, from the middle",NaN;1800.0;720.0;720.0,refused
mis_latency,"com_contact_time at lower end, from the middle",43200.0;0.0;720.0;720.0,44640.0
mis_latency,"com_contact_time at upper end, from the middle",43200.0;3600.0;720.0;720.0,48240.0
mis_latency,"com_contact_time at zero, from the middle",43200.0;0.0;720.0;720.0,44640.0
mis_latency,"com_contact_time at not a number, from the middle",43200.0;NaN;720.0;720.0,refused
mis_latency,"mis_processing_time at lower end, from the middle",43200.0;1800.0;6.0;720.0,45726.0
mis_latency,"mis_processing_time at upper end, from the middle",43200.0;1800.0;86400.0;720.0,132120.0
mis_latency,"mis_processing_time at zero, from the middle",43200.0;1800.0;0.0;720.0,45720.0
mis_latency,"mis_processing_time at not a number, from the middle",43200.0;1800.0;NaN;720.0,refused
mis_latency,"mis_delivery_time at lower end, from the middle",43200.0;1800.0;720.0;6.0,45726.0
mis_latency,"mis_delivery_time at upper end, from the middle",43200.0;1800.0;720.0;86400.0,132120.0
mis_latency,"mis_delivery_time at zero, from the middle",43200.0;1800.0;720.0;0.0,45720.0
mis_latency,"mis_delivery_time at not a number, from the middle",43200.0;1800.0;720.0;NaN,refused
mis_revisit,"today",0.0;0.0;24.0,refused
mis_revisit,"the middle of every range",10000.0;7000.0;22.360679774997898,325869.13795961655
mis_revisit,"pay_swath at lower end, from today",100.0;0.0;24.0,refused
mis_revisit,"pay_swath at upper end, from today",1000000.0;0.0;24.0,refused
mis_revisit,"pay_swath at zero, from today",0.0;0.0;24.0,refused
mis_revisit,"pay_swath at not a number, from today",NaN;0.0;24.0,refused
mis_revisit,"orbit_ground_track_speed at lower end, from today",0.0;6000.0;24.0,refused
mis_revisit,"orbit_ground_track_speed at upper end, from today",0.0;8000.0;24.0,refused
mis_revisit,"orbit_ground_track_speed at zero, from today",0.0;0.0;24.0,refused
mis_revisit,"orbit_ground_track_speed at not a number, from today",0.0;NaN;24.0,refused
mis_revisit,"mis_satellites at lower end, from today",0.0;0.0;1.0,refused
mis_revisit,"mis_satellites at upper end, from today",0.0;0.0;500.0,refused
mis_revisit,"mis_satellites at zero, from today",0.0;0.0;0.0,refused
mis_revisit,"mis_satellites at not a number, from today",0.0;0.0;NaN,refused
mis_revisit,"pay_swath at lower end, from the middle",100.0;7000.0;22.360679774997898,refused
mis_revisit,"pay_swath at upper end, from the middle",1000000.0;7000.0;22.360679774997898,3258.691379596166
mis_revisit,"pay_swath at zero, from the middle",0.0;7000.0;22.360679774997898,refused
mis_revisit,"pay_swath at not a number, from the middle",NaN;7000.0;22.360679774997898,refused
mis_revisit,"orbit_ground_track_speed at lower end, from the middle",10000.0;6000.0;22.360679774997898,380180.660952886
mis_revisit,"orbit_ground_track_speed at upper end, from the middle",10000.0;8000.0;22.360679774997898,285135.4957146645
mis_revisit,"orbit_ground_track_speed at zero, from the middle",10000.0;0.0;22.360679774997898,refused
mis_revisit,"orbit_ground_track_speed at not a number, from the middle",10000.0;NaN;22.360679774997898,refused
mis_revisit,"mis_satellites at lower end, from the middle",10000.0;7000.0;1.0,7286655.442469598
mis_revisit,"mis_satellites at upper end, from the middle",10000.0;7000.0;500.0,14573.310884939196
mis_revisit,"mis_satellites at zero, from the middle",10000.0;7000.0;0.0,refused
mis_revisit,"mis_satellites at not a number, from the middle",10000.0;7000.0;NaN,refused
mis_satellites_required,"today",21600.0;0.0;0.0,refused
mis_satellites_required,"the middle of every range",30547.012947258852;10000.0;7000.0,238.53904979352387
mis_satellites_required,"kpi_revisit_required at lower end, from today",360.0;0.0;0.0,refused
mis_satellites_required,"kpi_revisit_required at upper end, from today",2592000.0;0.0;0.0,refused
mis_satellites_required,"kpi_revisit_required at zero, from today",0.0;0.0;0.0,refused
mis_satellites_required,"kpi_revisit_required at not a number, from today",NaN;0.0;0.0,refused
mis_satellites_required,"pay_swath at lower end, from today",21600.0;100.0;0.0,refused
mis_satellites_required,"pay_swath at upper end, from today",21600.0;1000000.0;0.0,refused
mis_satellites_required,"pay_swath at zero, from today",21600.0;0.0;0.0,refused
mis_satellites_required,"pay_swath at not a number, from today",21600.0;NaN;0.0,refused
mis_satellites_required,"orbit_ground_track_speed at lower end, from today",21600.0;0.0;6000.0,refused
mis_satellites_required,"orbit_ground_track_speed at upper end, from today",21600.0;0.0;8000.0,refused
mis_satellites_required,"orbit_ground_track_speed at zero, from today",21600.0;0.0;0.0,refused
mis_satellites_required,"orbit_ground_track_speed at not a number, from today",21600.0;0.0;NaN,refused
mis_satellites_required,"kpi_revisit_required at lower end, from the middle",360.0;10000.0;7000.0,20240.70956241555
mis_satellites_required,"kpi_revisit_required at upper end, from the middle",2592000.0;10000.0;7000.0,2.8112096614466044
mis_satellites_required,"kpi_revisit_required at zero, from the middle",0.0;10000.0;7000.0,refused
mis_satellites_required,"kpi_revisit_required at not a number, from the middle",NaN;10000.0;7000.0,refused
mis_satellites_required,"pay_swath at lower end, from the middle",30547.012947258852;100.0;7000.0,23853.90497935239
mis_satellites_required,"pay_swath at upper end, from the middle",30547.012947258852;1000000.0;7000.0,2.385390497935239
mis_satellites_required,"pay_swath at zero, from the middle",30547.012947258852;0.0;7000.0,refused
mis_satellites_required,"pay_swath at not a number, from the middle",30547.012947258852;NaN;7000.0,refused
mis_satellites_required,"orbit_ground_track_speed at lower end, from the middle",30547.012947258852;10000.0;6000.0,278.29555809244454
mis_satellites_required,"orbit_ground_track_speed at upper end, from the middle",30547.012947258852;10000.0;8000.0,208.72166856933336
mis_satellites_required,"orbit_ground_track_speed at zero, from the middle",30547.012947258852;10000.0;0.0,refused
mis_satellites_required,"orbit_ground_track_speed at not a number, from the middle",30547.012947258852;10000.0;NaN,refused
mis_time_to_downlink,"today",9.0,4800.0
mis_time_to_downlink,"the middle of every range",5.477225575051661,7887.204828074392
mis_time_to_downlink,"com_passes_per_day at lower end, from today",0.5,86400.0
mis_time_to_downlink,"com_passes_per_day at upper end, from today",60.0,720.0
mis_time_to_downlink,"com_passes_per_day at zero, from today",0.0,refused
mis_time_to_downlink,"com_passes_per_day at not a number, from today",NaN,refused
mis_time_to_downlink,"com_passes_per_day at lower end, from the middle",0.5,86400.0
mis_time_to_downlink,"com_passes_per_day at upper end, from the middle",60.0,720.0
mis_time_to_downlink,"com_passes_per_day at zero, from the middle",0.0,refused
mis_time_to_downlink,"com_passes_per_day at not a number, from the middle",NaN,refused
orbit_decay_rate,"today",0.0;0.0;0.0,refused
orbit_decay_rate,"the middle of every range",3.1622776601683794e-11;252.5;6700000.0,-0.006472095348126121
orbit_decay_rate,"env_mass_density at lower end, from today",1e-15;0.0;0.0,refused
orbit_decay_rate,"env_mass_density at upper end, from today",1e-6;0.0;0.0,refused
orbit_decay_rate,"env_mass_density at zero, from today",0.0;0.0;0.0,refused
orbit_decay_rate,"env_mass_density at not a number, from today",NaN;0.0;0.0,refused
orbit_decay_rate,"aero_ballistic_coefficient at lower end, from today",0.0;5.0;0.0,-0.0
orbit_decay_rate,"aero_ballistic_coefficient at upper end, from today",0.0;500.0;0.0,-0.0
orbit_decay_rate,"aero_ballistic_coefficient at zero, from today",0.0;0.0;0.0,refused
orbit_decay_rate,"aero_ballistic_coefficient at not a number, from today",0.0;NaN;0.0,refused
orbit_decay_rate,"orbit_radius at lower end, from today",0.0;0.0;6400000.0,refused
orbit_decay_rate,"orbit_radius at upper end, from today",0.0;0.0;7000000.0,refused
orbit_decay_rate,"orbit_radius at zero, from today",0.0;0.0;0.0,refused
orbit_decay_rate,"orbit_radius at not a number, from today",0.0;0.0;NaN,refused
orbit_decay_rate,"env_mass_density at lower end, from the middle",1e-15;252.5;6700000.0,-2.0466562533858922e-7
orbit_decay_rate,"env_mass_density at upper end, from the middle",1e-6;252.5;6700000.0,refused
orbit_decay_rate,"env_mass_density at zero, from the middle",0.0;252.5;6700000.0,-0.0
orbit_decay_rate,"env_mass_density at not a number, from the middle",NaN;252.5;6700000.0,refused
orbit_decay_rate,"aero_ballistic_coefficient at lower end, from the middle",3.1622776601683794e-11;5.0;6700000.0,-0.3268408150803691
orbit_decay_rate,"aero_ballistic_coefficient at upper end, from the middle",3.1622776601683794e-11;500.0;6700000.0,-0.0032684081508036907
orbit_decay_rate,"aero_ballistic_coefficient at zero, from the middle",3.1622776601683794e-11;0.0;6700000.0,refused
orbit_decay_rate,"aero_ballistic_coefficient at not a number, from the middle",3.1622776601683794e-11;NaN;6700000.0,refused
orbit_decay_rate,"orbit_radius at lower end, from the middle",3.1622776601683794e-11;252.5;6400000.0,-0.006325538340012768
orbit_decay_rate,"orbit_radius at upper end, from the middle",3.1622776601683794e-11;252.5;7000000.0,-0.006615406344246742
orbit_decay_rate,"orbit_radius at zero, from the middle",3.1622776601683794e-11;252.5;0.0,-0.0
orbit_decay_rate,"orbit_radius at not a number, from the middle",3.1622776601683794e-11;252.5;NaN,refused
orbit_deorbit_delta_v,"today",250000.0,56.58905866246005
orbit_deorbit_delta_v,"the middle of every range",300000.0,71.0088420243901
orbit_deorbit_delta_v,"orbit_altitude at lower end, from today",150000.0,27.16609184976096
orbit_deorbit_delta_v,"orbit_altitude at upper end, from today",450000.0,113.14386967790506
orbit_deorbit_delta_v,"orbit_altitude at zero, from today",0.0,18.483066864459943
orbit_deorbit_delta_v,"orbit_altitude at not a number, from today",NaN,refused
orbit_deorbit_delta_v,"orbit_altitude at lower end, from the middle",150000.0,27.16609184976096
orbit_deorbit_delta_v,"orbit_altitude at upper end, from the middle",450000.0,113.14386967790506
orbit_deorbit_delta_v,"orbit_altitude at zero, from the middle",0.0,18.483066864459943
orbit_deorbit_delta_v,"orbit_altitude at not a number, from the middle",NaN,refused
orbit_earth_central_angle,"today",0.0;0.17453292519943295,refused
orbit_earth_central_angle,"the middle of every range",6700000.0;0.7853981633974483,0.04695435221429767
orbit_earth_central_angle,"case «250 km, 10 deg elevation»",6628137.0;0.17453293,0.15042930640903293
orbit_earth_central_angle,"orbit_radius at lower end, from today",6400000.0;0.17453292519943295,0.018413277418481006
orbit_earth_central_angle,"orbit_radius at upper end, from today",7000000.0;0.17453292519943295,0.28260412678209335
orbit_earth_central_angle,"orbit_radius at zero, from today",0.0;0.17453292519943295,refused
orbit_earth_central_angle,"orbit_radius at not a number, from today",NaN;0.17453292519943295,refused
orbit_earth_central_angle,"orbit_min_elevation at lower end, from today",0.0;0.0,refused
orbit_earth_central_angle,"orbit_min_elevation at upper end, from today",0.0;1.5707963267948966,refused
orbit_earth_central_angle,"orbit_min_elevation at zero, from today",0.0;0.0,refused
orbit_earth_central_angle,"orbit_min_elevation at not a number, from today",0.0;NaN,refused
orbit_earth_central_angle,"orbit_radius at lower end, from the middle",6400000.0;0.7853981633974483,0.0034102853428679136
orbit_earth_central_angle,"orbit_radius at upper end, from the middle",7000000.0;0.7853981633974483,0.08530474859935366
orbit_earth_central_angle,"orbit_radius at zero, from the middle",0.0;0.7853981633974483,refused
orbit_earth_central_angle,"orbit_radius at not a number, from the middle",NaN;0.7853981633974483,refused
orbit_earth_central_angle,"orbit_min_elevation at lower end, from the middle",6700000.0;0.0,0.31121981531707704
orbit_earth_central_angle,"orbit_min_elevation at upper end, from the middle",6700000.0;1.5707963267948966,0.0
orbit_earth_central_angle,"orbit_min_elevation at zero, from the middle",6700000.0;0.0,0.31121981531707704
orbit_earth_central_angle,"orbit_min_elevation at not a number, from the middle",6700000.0;NaN,refused
orbit_eclipse_fraction,"today",0.0;0.5235987755982988,refused
orbit_eclipse_fraction,"the middle of every range",6700000.0;0.0,0.4009356560082809
orbit_eclipse_fraction,"case «250 km, beta = 30 deg»",6628137.0;0.52359878,0.398283597039777
orbit_eclipse_fraction,"orbit_radius at lower end, from today",6400000.0;0.5235987755982988,refused
orbit_eclipse_fraction,"orbit_radius at upper end, from today",7000000.0;0.5235987755982988,0.3421617515421127
orbit_eclipse_fraction,"orbit_radius at zero, from today",0.0;0.5235987755982988,refused
orbit_eclipse_fraction,"orbit_radius at not a number, from today",NaN;0.5235987755982988,refused
orbit_eclipse_fraction,"orbit_beta_angle at lower end, from today",0.0;-1.5707963267948966,refused
orbit_eclipse_fraction,"orbit_beta_angle at upper end, from today",0.0;1.5707963267948966,refused
orbit_eclipse_fraction,"orbit_beta_angle at zero, from today",0.0;0.0,refused
orbit_eclipse_fraction,"orbit_beta_angle at not a number, from today",0.0;NaN,refused
orbit_eclipse_fraction,"orbit_radius at lower end, from the middle",6400000.0;0.0,refused
orbit_eclipse_fraction,"orbit_radius at upper end, from the middle",7000000.0;0.0,0.3648138225327496
orbit_eclipse_fraction,"orbit_radius at zero, from the middle",0.0;0.0,refused
orbit_eclipse_fraction,"orbit_radius at not a number, from the middle",NaN;0.0,refused
orbit_eclipse_fraction,"orbit_beta_angle at lower end, from the middle",6700000.0;-1.5707963267948966,0.0
orbit_eclipse_fraction,"orbit_beta_angle at upper end, from the middle",6700000.0;1.5707963267948966,0.0
orbit_eclipse_fraction,"orbit_beta_angle at zero, from the middle",6700000.0;0.0,0.4009356560082809
orbit_eclipse_fraction,"orbit_beta_angle at not a number, from the middle",6700000.0;NaN,refused
orbit_ground_track_speed,"today",0.0;0.0,refused
orbit_ground_track_speed,"the middle of every range",7600.0;6700000.0,7234.901671641791
orbit_ground_track_speed,"orbit_velocity at lower end, from today",7000.0;0.0,refused
orbit_ground_track_speed,"orbit_velocity at upper end, from today",8200.0;0.0,refused
orbit_ground_track_speed,"orbit_velocity at zero, from today",0.0;0.0,refused
orbit_ground_track_speed,"orbit_velocity at not a number, from today",NaN;0.0,refused
orbit_ground_track_speed,"orbit_radius at lower end, from today",0.0;6400000.0,refused
orbit_ground_track_speed,"orbit_radius at upper end, from today",0.0;7000000.0,refused
orbit_ground_track_speed,"orbit_radius at zero, from today",0.0;0.0,refused
orbit_ground_track_speed,"orbit_radius at not a number, from today",0.0;NaN,refused
orbit_ground_track_speed,"orbit_velocity at lower end, from the middle",7000.0;6700000.0,6663.725223880597
orbit_ground_track_speed,"orbit_velocity at upper end, from the middle",8200.0;6700000.0,7806.078119402985
orbit_ground_track_speed,"orbit_velocity at zero, from the middle",0.0;6700000.0,refused
orbit_ground_track_speed,"orbit_velocity at not a number, from the middle",NaN;6700000.0,refused
orbit_ground_track_speed,"orbit_radius at lower end, from the middle",7600.0;6400000.0,7574.0376875
orbit_ground_track_speed,"orbit_radius at upper end, from the middle",7600.0;7000000.0,6924.834457142857
orbit_ground_track_speed,"orbit_radius at zero, from the middle",7600.0;0.0,refused
orbit_ground_track_speed,"orbit_radius at not a number, from the middle",7600.0;NaN,refused
orbit_lifetime_uncontrolled,"today",250000.0;0.0;867.1547557941099,0.0
orbit_lifetime_uncontrolled,"the middle of every range",300000.0;252.5;1450.0,4201226.395480685
orbit_lifetime_uncontrolled,"orbit_altitude at lower end, from today",150000.0;0.0;867.1547557941099,0.0
orbit_lifetime_uncontrolled,"orbit_altitude at upper end, from today",450000.0;0.0;867.1547557941099,0.0
orbit_lifetime_uncontrolled,"orbit_altitude at zero, from today",0.0;0.0;867.1547557941099,0.0
orbit_lifetime_uncontrolled,"orbit_altitude at not a number, from today",NaN;0.0;867.1547557941099,refused
orbit_lifetime_uncontrolled,"aero_ballistic_coefficient at lower end, from today",250000.0;5.0;867.1547557941099,56283.273398408266
orbit_lifetime_uncontrolled,"aero_ballistic_coefficient at upper end, from today",250000.0;500.0;867.1547557941099,5628327.339840831
orbit_lifetime_uncontrolled,"aero_ballistic_coefficient at zero, from today",250000.0;0.0;867.1547557941099,0.0
orbit_lifetime_uncontrolled,"aero_ballistic_coefficient at not a number, from today",250000.0;NaN;867.1547557941099,refused
orbit_lifetime_uncontrolled,"env_exospheric_temperature at lower end, from today",250000.0;0.0;400.0,0.0
orbit_lifetime_uncontrolled,"env_exospheric_temperature at upper end, from today",250000.0;0.0;2500.0,0.0
orbit_lifetime_uncontrolled,"env_exospheric_temperature at zero, from today",250000.0;0.0;0.0,0.0
orbit_lifetime_uncontrolled,"env_exospheric_temperature at not a number, from today",250000.0;0.0;NaN,refused
orbit_lifetime_uncontrolled,"orbit_altitude at lower end, from the middle",150000.0;252.5;1450.0,30231.144332014446
orbit_lifetime_uncontrolled,"orbit_altitude at upper end, from the middle",450000.0;252.5;1450.0,47854101.41085045
orbit_lifetime_uncontrolled,"orbit_altitude at zero, from the middle",0.0;252.5;1450.0,24442.1131844376
orbit_lifetime_uncontrolled,"orbit_altitude at not a number, from the middle",NaN;252.5;1450.0,refused
orbit_lifetime_uncontrolled,"aero_ballistic_coefficient at lower end, from the middle",300000.0;5.0;1450.0,83192.6018907066
orbit_lifetime_uncontrolled,"aero_ballistic_coefficient at upper end, from the middle",300000.0;500.0;1450.0,8319260.189070665
orbit_lifetime_uncontrolled,"aero_ballistic_coefficient at zero, from the middle",300000.0;0.0;1450.0,0.0
orbit_lifetime_uncontrolled,"aero_ballistic_coefficient at not a number, from the middle",300000.0;NaN;1450.0,refused
orbit_lifetime_uncontrolled,"env_exospheric_temperature at lower end, from the middle",300000.0;252.5;400.0,139297643.3294096
orbit_lifetime_uncontrolled,"env_exospheric_temperature at upper end, from the middle",300000.0;252.5;2500.0,2138774.858035861
orbit_lifetime_uncontrolled,"env_exospheric_temperature at zero, from the middle",300000.0;252.5;0.0,refused
orbit_lifetime_uncontrolled,"env_exospheric_temperature at not a number, from the middle",300000.0;252.5;NaN,refused
orbit_makeup_delta_v,"today",0.0,0.0
orbit_makeup_delta_v,"the middle of every range",0.05,refused
orbit_makeup_delta_v,"aero_drag_acceleration at lower end, from today",0.0,0.0
orbit_makeup_delta_v,"aero_drag_acceleration at upper end, from today",0.1,refused
orbit_makeup_delta_v,"aero_drag_acceleration at zero, from today",0.0,0.0
orbit_makeup_delta_v,"aero_drag_acceleration at not a number, from today",NaN,refused
orbit_makeup_delta_v,"aero_drag_acceleration at lower end, from the middle",0.0,0.0
orbit_makeup_delta_v,"aero_drag_acceleration at upper end, from the middle",0.1,refused
orbit_makeup_delta_v,"aero_drag_acceleration at zero, from the middle",0.0,0.0
orbit_makeup_delta_v,"aero_drag_acceleration at not a number, from the middle",NaN,refused
orbit_mission_duration,"today",157788000.0,157788000.0
orbit_mission_duration,"the middle of every range",244571400.0,244571400.0
orbit_mission_duration,"sys_mission_requirements_mission_duration at lower end, from today",15778800.0,15778800.0
orbit_mission_duration,"sys_mission_requirements_mission_duration at upper end, from today",473364000.0,473364000.0
orbit_mission_duration,"sys_mission_requirements_mission_duration at zero, from today",0.0,refused
orbit_mission_duration,"sys_mission_requirements_mission_duration at not a number, from today",NaN,refused
orbit_mission_duration,"sys_mission_requirements_mission_duration at lower end, from the middle",15778800.0,15778800.0
orbit_mission_duration,"sys_mission_requirements_mission_duration at upper end, from the middle",473364000.0,473364000.0
orbit_mission_duration,"sys_mission_requirements_mission_duration at zero, from the middle",0.0,refused
orbit_mission_duration,"sys_mission_requirements_mission_duration at not a number, from the middle",NaN,refused
orbit_nodal_regression,"today",0.0;0.0;1.6859880574265222,refused
orbit_nodal_regression,"the middle of every range",6700000.0;0.025;1.5707963267948966,-1.0386964417432766e-22
orbit_nodal_regression,"case «250 km, 96.6 deg»",6628137.0;0.0;1.68598806,2.0221661088104008e-7
orbit_nodal_regression,"orbit_radius at lower end, from today",6400000.0;0.0;1.6859880574265222,2.2858992042594035e-7
orbit_nodal_regression,"orbit_radius at upper end, from today",7000000.0;0.0;1.6859880574265222,1.670489866020997e-7
orbit_nodal_regression,"orbit_radius at zero, from today",0.0;0.0;1.6859880574265222,refused
orbit_nodal_regression,"orbit_radius at not a number, from today",NaN;0.0;1.6859880574265222,refused
orbit_nodal_regression,"orbit_eccentricity at lower end, from today",0.0;0.0;1.6859880574265222,refused
orbit_nodal_regression,"orbit_eccentricity at upper end, from today",0.0;0.05;1.6859880574265222,refused
orbit_nodal_regression,"orbit_eccentricity at zero, from today",0.0;0.0;1.6859880574265222,refused
orbit_nodal_regression,"orbit_eccentricity at not a number, from today",0.0;NaN;1.6859880574265222,refused
orbit_nodal_regression,"orbit_inclination at lower end, from today",0.0;0.0;0.0,refused
orbit_nodal_regression,"orbit_inclination at upper end, from today",0.0;0.0;3.141592653589793,refused
orbit_nodal_regression,"orbit_inclination at zero, from today",0.0;0.0;0.0,refused
orbit_nodal_regression,"orbit_inclination at not a number, from today",0.0;0.0;NaN,refused
orbit_nodal_regression,"orbit_radius at lower end, from the middle",6400000.0;0.025;1.5707963267948966,-1.2193279931185362e-22
orbit_nodal_regression,"orbit_radius at upper end, from the middle",7000000.0;0.025;1.5707963267948966,-8.910607484638201e-23
orbit_nodal_regression,"orbit_radius at zero, from the middle",0.0;0.025;1.5707963267948966,refused
orbit_nodal_regression,"orbit_radius at not a number, from the middle",NaN;0.025;1.5707963267948966,refused
orbit_nodal_regression,"orbit_eccentricity at lower end, from the middle",6700000.0;0.0;1.5707963267948966,-1.0373984769318951e-22
orbit_nodal_regression,"orbit_eccentricity at upper end, from the middle",6700000.0;0.05;1.5707963267948966,-1.0426049855786283e-22
orbit_nodal_regression,"orbit_eccentricity at zero, from the middle",6700000.0;0.0;1.5707963267948966,-1.0373984769318951e-22
orbit_nodal_regression,"orbit_eccentricity at not a number, from the middle",6700000.0;NaN;1.5707963267948966,refused
orbit_nodal_regression,"orbit_inclination at lower end, from the middle",6700000.0;0.025;0.0,-1.69632002054218e-6
orbit_nodal_regression,"orbit_inclination at upper end, from the middle",6700000.0;0.025;3.141592653589793,1.69632002054218e-6
orbit_nodal_regression,"orbit_inclination at zero, from the middle",6700000.0;0.025;0.0,-1.69632002054218e-6
orbit_nodal_regression,"orbit_inclination at not a number, from the middle",6700000.0;0.025;NaN,refused
orbit_period,"today",0.0,refused
orbit_period,"the middle of every range",6700000.0,5457.8699681914095
orbit_period,"case «250 km circular»",6628137.0,5370.295646313364
orbit_period,"orbit_radius at lower end, from today",6400000.0,5095.431193851488
orbit_period,"orbit_radius at upper end, from today",7000000.0,5828.516637686015
orbit_period,"orbit_radius at zero, from today",0.0,refused
orbit_period,"orbit_radius at not a number, from today",NaN,refused
orbit_period,"orbit_radius at lower end, from the middle",6400000.0,5095.431193851488
orbit_period,"orbit_radius at upper end, from the middle",7000000.0,5828.516637686015
orbit_period,"orbit_radius at zero, from the middle",0.0,refused
orbit_period,"orbit_radius at not a number, from the middle",NaN,refused
orbit_radius,"today",250000.0,6628137.0
orbit_radius,"the middle of every range",300000.0,6678137.0
orbit_radius,"case «250 km»",250000.0,6628137.0
orbit_radius,"orbit_altitude at lower end, from today",150000.0,6528137.0
orbit_radius,"orbit_altitude at upper end, from today",450000.0,6828137.0
orbit_radius,"orbit_altitude at zero, from today",0.0,refused
orbit_radius,"orbit_altitude at not a number, from today",NaN,refused
orbit_radius,"orbit_altitude at lower end, from the middle",150000.0,6528137.0
orbit_radius,"orbit_altitude at upper end, from the middle",450000.0,6828137.0
orbit_radius,"orbit_altitude at zero, from the middle",0.0,refused
orbit_radius,"orbit_altitude at not a number, from the middle",NaN,refused
orbit_slant_range,"today",0.0;0.17453292519943295,refused
orbit_slant_range,"the middle of every range",6700000.0;0.7853981633974483,444739.8649460013
orbit_slant_range,"orbit_radius at lower end, from today",6400000.0;0.17453292519943295,119656.16236416221
orbit_slant_range,"orbit_radius at upper end, from today",7000000.0;0.17453292519943295,1982114.7084551356
orbit_slant_range,"orbit_radius at zero, from today",0.0;0.17453292519943295,refused
orbit_slant_range,"orbit_radius at not a number, from today",NaN;0.17453292519943295,refused
orbit_slant_range,"orbit_min_elevation at lower end, from today",0.0;0.0,refused
orbit_slant_range,"orbit_min_elevation at upper end, from today",0.0;1.5707963267948966,refused
orbit_slant_range,"orbit_min_elevation at zero, from today",0.0;0.0,refused
orbit_slant_range,"orbit_min_elevation at not a number, from today",0.0;NaN,refused
orbit_slant_range,"orbit_radius at lower end, from the middle",6400000.0;0.7853981633974483,refused
orbit_slant_range,"orbit_radius at upper end, from the middle",7000000.0;0.7853981633974483,843450.1073390192
orbit_slant_range,"orbit_radius at zero, from the middle",0.0;0.7853981633974483,refused
orbit_slant_range,"orbit_radius at not a number, from the middle",NaN;0.7853981633974483,refused
orbit_slant_range,"orbit_min_elevation at lower end, from the middle",6700000.0;0.0,2051674.5378424425
orbit_slant_range,"orbit_min_elevation at upper end, from the middle",6700000.0;1.5707963267948966,321863.0
orbit_slant_range,"orbit_min_elevation at zero, from the middle",6700000.0;0.0,2051674.5378424425
orbit_slant_range,"orbit_min_elevation at not a number, from the middle",6700000.0;NaN,refused
orbit_sun_sync_inclination,"today",0.0;0.0,1.5707963267948966
orbit_sun_sync_inclination,"the middle of every range",6700000.0;0.025,1.6884430103853891
orbit_sun_sync_inclination,"case «250 km circular»",6628137.0;0.0,1.6842086387522173
orbit_sun_sync_inclination,"orbit_radius at lower end, from today",6400000.0;0.0,1.6710768688294009
orbit_sun_sync_inclination,"orbit_radius at upper end, from today",7000000.0;0.0,1.708222559820728
orbit_sun_sync_inclination,"orbit_radius at zero, from today",0.0;0.0,1.5707963267948966
orbit_sun_sync_inclination,"orbit_radius at not a number, from today",NaN;0.0,refused
orbit_sun_sync_inclination,"orbit_eccentricity at lower end, from today",0.0;0.0,1.5707963267948966
orbit_sun_sync_inclination,"orbit_eccentricity at upper end, from today",0.0;0.05,1.5707963267948966
orbit_sun_sync_inclination,"orbit_eccentricity at zero, from today",0.0;0.0,1.5707963267948966
orbit_sun_sync_inclination,"orbit_eccentricity at not a number, from today",0.0;NaN,refused
orbit_sun_sync_inclination,"orbit_radius at lower end, from the middle",6400000.0;0.025,1.6709511363703948
orbit_sun_sync_inclination,"orbit_radius at upper end, from the middle",7000000.0;0.025,1.7080497434557482
orbit_sun_sync_inclination,"orbit_radius at zero, from the middle",0.0;0.025,1.5707963267948966
orbit_sun_sync_inclination,"orbit_radius at not a number, from the middle",NaN;0.025,refused
orbit_sun_sync_inclination,"orbit_eccentricity at lower end, from the middle",6700000.0;0.0,1.6885908908980312
orbit_sun_sync_inclination,"orbit_eccentricity at upper end, from the middle",6700000.0;0.05,1.6879999390333855
orbit_sun_sync_inclination,"orbit_eccentricity at zero, from the middle",6700000.0;0.0,1.6885908908980312
orbit_sun_sync_inclination,"orbit_eccentricity at not a number, from the middle",6700000.0;NaN,refused
orbit_swath_width,"today",0.0,refused
orbit_swath_width,"the middle of every range",0.7504915783575618,9562776.90008383
orbit_swath_width,"orbit_earth_central_angle at lower end, from today",0.0,refused
orbit_swath_width,"orbit_earth_central_angle at upper end, from today",1.5009831567151235,19125553.80016766
orbit_swath_width,"orbit_earth_central_angle at zero, from today",0.0,refused
orbit_swath_width,"orbit_earth_central_angle at not a number, from today",NaN,refused
orbit_swath_width,"orbit_earth_central_angle at lower end, from the middle",0.0,refused
orbit_swath_width,"orbit_earth_central_angle at upper end, from the middle",1.5009831567151235,19125553.80016766
orbit_swath_width,"orbit_earth_central_angle at zero, from the middle",0.0,refused
orbit_swath_width,"orbit_earth_central_angle at not a number, from the middle",NaN,refused
orbit_velocity,"today",0.0,refused
orbit_velocity,"the middle of every range",6700000.0,7713.144835521458
orbit_velocity,"case «250 km circular»",6628137.0,7754.845497372695
orbit_velocity,"case «400 km circular»",6778137.0,7668.558175407055
orbit_velocity,"orbit_radius at lower end, from today",6400000.0,7891.851432411155
orbit_velocity,"orbit_radius at upper end, from today",7000000.0,7546.053290107542
orbit_velocity,"orbit_radius at zero, from today",0.0,refused
orbit_velocity,"orbit_radius at not a number, from today",NaN,refused
orbit_velocity,"orbit_radius at lower end, from the middle",6400000.0,7891.851432411155
orbit_velocity,"orbit_radius at upper end, from the middle",7000000.0,7546.053290107542
orbit_velocity,"orbit_radius at zero, from the middle",0.0,refused
orbit_velocity,"orbit_radius at not a number, from the middle",NaN,refused
pay_dwell_time,"today",0.0;0.0,refused
pay_dwell_time,"the middle of every range",1.0;7000.0,0.00014285714285714287
pay_dwell_time,"pay_gsd at lower end, from today",0.001;0.0,refused
pay_dwell_time,"pay_gsd at upper end, from today",1000.0;0.0,refused
pay_dwell_time,"pay_gsd at zero, from today",0.0;0.0,refused
pay_dwell_time,"pay_gsd at not a number, from today",NaN;0.0,refused
pay_dwell_time,"orbit_ground_track_speed at lower end, from today",0.0;6000.0,refused
pay_dwell_time,"orbit_ground_track_speed at upper end, from today",0.0;8000.0,refused
pay_dwell_time,"orbit_ground_track_speed at zero, from today",0.0;0.0,refused
pay_dwell_time,"orbit_ground_track_speed at not a number, from today",0.0;NaN,refused
pay_dwell_time,"pay_gsd at lower end, from the middle",0.001;7000.0,1.4285714285714285e-7
pay_dwell_time,"pay_gsd at upper end, from the middle",1000.0;7000.0,0.14285714285714285
pay_dwell_time,"pay_gsd at zero, from the middle",0.0;7000.0,refused
pay_dwell_time,"pay_gsd at not a number, from the middle",NaN;7000.0,refused
pay_dwell_time,"orbit_ground_track_speed at lower end, from the middle",1.0;6000.0,0.00016666666666666666
pay_dwell_time,"orbit_ground_track_speed at upper end, from the middle",1.0;8000.0,0.000125
pay_dwell_time,"orbit_ground_track_speed at zero, from the middle",1.0;0.0,refused
pay_dwell_time,"orbit_ground_track_speed at not a number, from the middle",1.0;NaN,refused
pay_geolocation_error,"today",0.0;4.0,refused
pay_geolocation_error,"the middle of every range",3.162277660168379e-8;25.5,241.74688311819358
pay_geolocation_error,"pay_toa_uncertainty at lower end, from today",1e-15;4.0,refused
pay_geolocation_error,"pay_toa_uncertainty at upper end, from today",1.0;4.0,refused
pay_geolocation_error,"pay_toa_uncertainty at zero, from today",0.0;4.0,refused
pay_geolocation_error,"pay_toa_uncertainty at not a number, from today",NaN;4.0,refused
pay_geolocation_error,"pay_rf_gdop at lower end, from today",0.0;1.0,refused
pay_geolocation_error,"pay_rf_gdop at upper end, from today",0.0;50.0,refused
pay_geolocation_error,"pay_rf_gdop at zero, from today",0.0;0.0,refused
pay_geolocation_error,"pay_rf_gdop at not a number, from today",0.0;NaN,refused
pay_geolocation_error,"pay_toa_uncertainty at lower end, from the middle",1e-15;25.5,refused
pay_geolocation_error,"pay_toa_uncertainty at upper end, from the middle",1.0;25.5,refused
pay_geolocation_error,"pay_toa_uncertainty at zero, from the middle",0.0;25.5,refused
pay_geolocation_error,"pay_toa_uncertainty at not a number, from the middle",NaN;25.5,refused
pay_geolocation_error,"pay_rf_gdop at lower end, from the middle",3.162277660168379e-8;1.0,9.48026992620367
pay_geolocation_error,"pay_rf_gdop at upper end, from the middle",3.162277660168379e-8;50.0,474.0134963101835
pay_geolocation_error,"pay_rf_gdop at zero, from the middle",3.162277660168379e-8;0.0,refused
pay_geolocation_error,"pay_rf_gdop at not a number, from the middle",3.162277660168379e-8;NaN,refused
pay_gsd,"today",0.0;0.0,refused
pay_gsd,"the middle of every range",1.0;1.0,1.0
pay_gsd,"pay_gsd_diffraction at lower end, from today",0.001;0.0,0.001
pay_gsd,"pay_gsd_diffraction at upper end, from today",1000.0;0.0,1000.0
pay_gsd,"pay_gsd_diffraction at zero, from today",0.0;0.0,refused
pay_gsd,"pay_gsd_diffraction at not a number, from today",NaN;0.0,refused
pay_gsd,"pay_gsd_detector at lower end, from today",0.0;0.001,0.001
pay_gsd,"pay_gsd_detector at upper end, from today",0.0;1000.0,1000.0
pay_gsd,"pay_gsd_detector at zero, from today",0.0;0.0,refused
pay_gsd,"pay_gsd_detector at not a number, from today",0.0;NaN,refused
pay_gsd,"pay_gsd_diffraction at lower end, from the middle",0.001;1.0,1.0
pay_gsd,"pay_gsd_diffraction at upper end, from the middle",1000.0;1.0,1000.0
pay_gsd,"pay_gsd_diffraction at zero, from the middle",0.0;1.0,1.0
pay_gsd,"pay_gsd_diffraction at not a number, from the middle",NaN;1.0,1.0
pay_gsd,"pay_gsd_detector at lower end, from the middle",1.0;0.001,1.0
pay_gsd,"pay_gsd_detector at upper end, from the middle",1.0;1000.0,1000.0
pay_gsd,"pay_gsd_detector at zero, from the middle",1.0;0.0,1.0
pay_gsd,"pay_gsd_detector at not a number, from the middle",1.0;NaN,refused
pay_gsd_detector,"today",250000.0;5.5e-6;2.4,0.5729166666666667
pay_gsd_detector,"the middle of every range",300000.0;1.5499999999999997e-5;1.0,4.6499999999999995
pay_gsd_detector,"case «250 km, 5.5 um pixel, 2.4 m focal length»",250000.0;5.5e-6;2.4,0.5729166666666667
pay_gsd_detector,"orbit_altitude at lower end, from today",150000.0;5.5e-6;2.4,0.34375
pay_gsd_detector,"orbit_altitude at upper end, from today",450000.0;5.5e-6;2.4,1.03125
pay_gsd_detector,"orbit_altitude at zero, from today",0.0;5.5e-6;2.4,refused
pay_gsd_detector,"orbit_altitude at not a number, from today",NaN;5.5e-6;2.4,refused
pay_gsd_detector,"pay_pixel_pitch at lower end, from today",250000.0;1e-6;2.4,0.10416666666666667
pay_gsd_detector,"pay_pixel_pitch at upper end, from today",250000.0;2.9999999999999997e-5;2.4,3.1249999999999996
pay_gsd_detector,"pay_pixel_pitch at zero, from today",250000.0;0.0;2.4,refused
pay_gsd_detector,"pay_pixel_pitch at not a number, from today",250000.0;NaN;2.4,refused
pay_gsd_detector,"pay_focal_length at lower end, from today",250000.0;5.5e-6;0.05,27.5
pay_gsd_detector,"pay_focal_length at upper end, from today",250000.0;5.5e-6;20.0,0.06875
pay_gsd_detector,"pay_focal_length at zero, from today",250000.0;5.5e-6;0.0,refused
pay_gsd_detector,"pay_focal_length at not a number, from today",250000.0;5.5e-6;NaN,refused
pay_gsd_detector,"orbit_altitude at lower end, from the middle",150000.0;1.5499999999999997e-5;1.0,2.3249999999999997
pay_gsd_detector,"orbit_altitude at upper end, from the middle",450000.0;1.5499999999999997e-5;1.0,6.974999999999999
pay_gsd_detector,"orbit_altitude at zero, from the middle",0.0;1.5499999999999997e-5;1.0,refused
pay_gsd_detector,"orbit_altitude at not a number, from the middle",NaN;1.5499999999999997e-5;1.0,refused
pay_gsd_detector,"pay_pixel_pitch at lower end, from the middle",300000.0;1e-6;1.0,0.3
pay_gsd_detector,"pay_pixel_pitch at upper end, from the middle",300000.0;2.9999999999999997e-5;1.0,9.0
pay_gsd_detector,"pay_pixel_pitch at zero, from the middle",300000.0;0.0;1.0,refused
pay_gsd_detector,"pay_pixel_pitch at not a number, from the middle",300000.0;NaN;1.0,refused
pay_gsd_detector,"pay_focal_length at lower end, from the middle",300000.0;1.5499999999999997e-5;0.05,92.99999999999999
pay_gsd_detector,"pay_focal_length at upper end, from the middle",300000.0;1.5499999999999997e-5;20.0,0.23249999999999998
pay_gsd_detector,"pay_focal_length at zero, from the middle",300000.0;1.5499999999999997e-5;0.0,refused
pay_gsd_detector,"pay_focal_length at not a number, from the middle",300000.0;1.5499999999999997e-5;NaN,refused
pay_gsd_diffraction,"today",250000.0;5.5e-7;0.3,0.5591666666666667
pay_gsd_diffraction,"the middle of every range",300000.0;1.4250000000000001e-6;0.76,0.6862500000000001
pay_gsd_diffraction,"case «250 km, 550 nm, 0.3 m aperture»",250000.0;5.5e-7;0.3,0.5591666666666667
pay_gsd_diffraction,"orbit_altitude at lower end, from today",150000.0;5.5e-7;0.3,0.3355
pay_gsd_diffraction,"orbit_altitude at upper end, from today",450000.0;5.5e-7;0.3,1.0065
pay_gsd_diffraction,"orbit_altitude at zero, from today",0.0;5.5e-7;0.3,refused
pay_gsd_diffraction,"orbit_altitude at not a number, from today",NaN;5.5e-7;0.3,refused
pay_gsd_diffraction,"pay_wavelength at lower end, from today",250000.0;3.5000000000000004e-7;0.3,0.3558333333333334
pay_gsd_diffraction,"pay_wavelength at upper end, from today",250000.0;2.5e-6;0.3,2.5416666666666665
pay_gsd_diffraction,"pay_wavelength at zero, from today",250000.0;0.0;0.3,refused
pay_gsd_diffraction,"pay_wavelength at not a number, from today",250000.0;NaN;0.3,refused
pay_gsd_diffraction,"pay_aperture at lower end, from today",250000.0;5.5e-7;0.02,8.387500000000001
pay_gsd_diffraction,"pay_aperture at upper end, from today",250000.0;5.5e-7;1.5,0.11183333333333334
pay_gsd_diffraction,"pay_aperture at zero, from today",250000.0;5.5e-7;0.0,refused
pay_gsd_diffraction,"pay_aperture at not a number, from today",250000.0;5.5e-7;NaN,refused
pay_gsd_diffraction,"orbit_altitude at lower end, from the middle",150000.0;1.4250000000000001e-6;0.76,0.34312500000000007
pay_gsd_diffraction,"orbit_altitude at upper end, from the middle",450000.0;1.4250000000000001e-6;0.76,1.0293750000000002
pay_gsd_diffraction,"orbit_altitude at zero, from the middle",0.0;1.4250000000000001e-6;0.76,refused
pay_gsd_diffraction,"orbit_altitude at not a number, from the middle",NaN;1.4250000000000001e-6;0.76,refused
pay_gsd_diffraction,"pay_wavelength at lower end, from the middle",300000.0;3.5000000000000004e-7;0.76,0.1685526315789474
pay_gsd_diffraction,"pay_wavelength at upper end, from the middle",300000.0;2.5e-6;0.76,1.2039473684210527
pay_gsd_diffraction,"pay_wavelength at zero, from the middle",300000.0;0.0;0.76,refused
pay_gsd_diffraction,"pay_wavelength at not a number, from the middle",300000.0;NaN;0.76,refused
pay_gsd_diffraction,"pay_aperture at lower end, from the middle",300000.0;1.4250000000000001e-6;0.02,26.077500000000004
pay_gsd_diffraction,"pay_aperture at upper end, from the middle",300000.0;1.4250000000000001e-6;1.5,0.34770000000000006
pay_gsd_diffraction,"pay_aperture at zero, from the middle",300000.0;1.4250000000000001e-6;0.0,refused
pay_gsd_diffraction,"pay_aperture at not a number, from the middle",300000.0;1.4250000000000001e-6;NaN,refused
pay_scene_volume,"today",8192.0;12.0;3.0,1073741824.0
pay_scene_volume,"the middle of every range",3200.0;12.0;10.5,46811428.571428575
pay_scene_volume,"pay_pixels_across at lower end, from today",256.0;12.0;3.0,1048576.0
pay_scene_volume,"pay_pixels_across at upper end, from today",40000.0;12.0;3.0,25600000000.0
pay_scene_volume,"pay_pixels_across at zero, from today",0.0;12.0;3.0,0.0
pay_scene_volume,"pay_pixels_across at not a number, from today",NaN;12.0;3.0,refused
pay_scene_volume,"pay_bits_per_pixel at lower end, from today",8192.0;8.0;3.0,715827882.6666666
pay_scene_volume,"pay_bits_per_pixel at upper end, from today",8192.0;16.0;3.0,1431655765.3333333
pay_scene_volume,"pay_bits_per_pixel at zero, from today",8192.0;0.0;3.0,0.0
pay_scene_volume,"pay_bits_per_pixel at not a number, from today",8192.0;NaN;3.0,refused
pay_scene_volume,"pay_compression at lower end, from today",8192.0;12.0;1.0,3221225472.0
pay_scene_volume,"pay_compression at upper end, from today",8192.0;12.0;20.0,161061273.6
pay_scene_volume,"pay_compression at zero, from today",8192.0;12.0;0.0,refused
pay_scene_volume,"pay_compression at not a number, from today",8192.0;12.0;NaN,refused
pay_scene_volume,"pay_pixels_across at lower end, from the middle",256.0;12.0;10.5,299593.14285714284
pay_scene_volume,"pay_pixels_across at upper end, from the middle",40000.0;12.0;10.5,7314285714.285714
pay_scene_volume,"pay_pixels_across at zero, from the middle",0.0;12.0;10.5,0.0
pay_scene_volume,"pay_pixels_across at not a number, from the middle",NaN;12.0;10.5,refused
pay_scene_volume,"pay_bits_per_pixel at lower end, from the middle",3200.0;8.0;10.5,31207619.04761905
pay_scene_volume,"pay_bits_per_pixel at upper end, from the middle",3200.0;16.0;10.5,62415238.0952381
pay_scene_volume,"pay_bits_per_pixel at zero, from the middle",3200.0;0.0;10.5,0.0
pay_scene_volume,"pay_bits_per_pixel at not a number, from the middle",3200.0;NaN;10.5,refused
pay_scene_volume,"pay_compression at lower end, from the middle",3200.0;12.0;1.0,491520000.0
pay_scene_volume,"pay_compression at upper end, from the middle",3200.0;12.0;20.0,24576000.0
pay_scene_volume,"pay_compression at zero, from the middle",3200.0;12.0;0.0,refused
pay_scene_volume,"pay_compression at not a number, from the middle",3200.0;12.0;NaN,refused
pay_signal_electrons,"today",60.0;0.3;2.4;5.5e-6;0.72;0.75;0.0;5.5e-7,0.0
pay_signal_electrons,"the middle of every range",7.0710678118654755;0.76;1.0;1.5499999999999997e-5;0.54;0.5;3.1622776601683795e-5;1.4250000000000001e-6,4720.275646784043
pay_signal_electrons,"pay_radiance at lower end, from today",0.1;0.3;2.4;5.5e-6;0.72;0.75;0.0;5.5e-7,0.0
pay_signal_electrons,"pay_radiance at upper end, from today",500.0;0.3;2.4;5.5e-6;0.72;0.75;0.0;5.5e-7,0.0
pay_signal_electrons,"pay_radiance at zero, from today",0.0;0.3;2.4;5.5e-6;0.72;0.75;0.0;5.5e-7,0.0
pay_signal_electrons,"pay_radiance at not a number, from today",NaN;0.3;2.4;5.5e-6;0.72;0.75;0.0;5.5e-7,refused
pay_signal_electrons,"pay_aperture at lower end, from today",60.0;0.02;2.4;5.5e-6;0.72;0.75;0.0;5.5e-7,0.0
pay_signal_electrons,"pay_aperture at upper end, from today",60.0;1.5;2.4;5.5e-6;0.72;0.75;0.0;5.5e-7,0.0
pay_signal_electrons,"pay_aperture at zero, from today",60.0;0.0;2.4;5.5e-6;0.72;0.75;0.0;5.5e-7,0.0
pay_signal_electrons,"pay_aperture at not a number, from today",60.0;NaN;2.4;5.5e-6;0.72;0.75;0.0;5.5e-7,refused
pay_signal_electrons,"pay_focal_length at lower end, from today",60.0;0.3;0.05;5.5e-6;0.72;0.75;0.0;5.5e-7,0.0
pay_signal_electrons,"pay_focal_length at upper end, from today",60.0;0.3;20.0;5.5e-6;0.72;0.75;0.0;5.5e-7,0.0
pay_signal_electrons,"pay_focal_length at zero, from today",60.0;0.3;0.0;5.5e-6;0.72;0.75;0.0;5.5e-7,refused
pay_signal_electrons,"pay_focal_length at not a number, from today",60.0;0.3;NaN;5.5e-6;0.72;0.75;0.0;5.5e-7,refused
pay_signal_electrons,"pay_pixel_pitch at lower end, from today",60.0;0.3;2.4;1e-6;0.72;0.75;0.0;5.5e-7,0.0
pay_signal_electrons,"pay_pixel_pitch at upper end, from today",60.0;0.3;2.4;2.9999999999999997e-5;0.72;0.75;0.0;5.5e-7,0.0
pay_signal_electrons,"pay_pixel_pitch at zero, from today",60.0;0.3;2.4;0.0;0.72;0.75;0.0;5.5e-7,0.0
pay_signal_electrons,"pay_pixel_pitch at not a number, from today",60.0;0.3;2.4;NaN;0.72;0.75;0.0;5.5e-7,refused
pay_signal_electrons,"pay_transmission at lower end, from today",60.0;0.3;2.4;5.5e-6;0.1;0.75;0.0;5.5e-7,0.0
pay_signal_electrons,"pay_transmission at upper end, from today",60.0;0.3;2.4;5.5e-6;0.98;0.75;0.0;5.5e-7,0.0
pay_signal_electrons,"pay_transmission at zero, from today",60.0;0.3;2.4;5.5e-6;0.0;0.75;0.0;5.5e-7,0.0
pay_signal_electrons,"pay_transmission at not a number, from today",60.0;0.3;2.4;5.5e-6;NaN;0.75;0.0;5.5e-7,refused
pay_signal_electrons,"pay_quantum_efficiency at lower end, from today",60.0;0.3;2.4;5.5e-6;0.72;0.05;0.0;5.5e-7,0.0
pay_signal_electrons,"pay_quantum_efficiency at upper end, from today",60.0;0.3;2.4;5.5e-6;0.72;0.95;0.0;5.5e-7,0.0
pay_signal_electrons,"pay_quantum_efficiency at zero, from today",60.0;0.3;2.4;5.5e-6;0.72;0.0;0.0;5.5e-7,0.0
pay_signal_electrons,"pay_quantum_efficiency at not a number, from today",60.0;0.3;2.4;5.5e-6;0.72;NaN;0.0;5.5e-7,refused
pay_signal_electrons,"pay_dwell_time at lower end, from today",60.0;0.3;2.4;5.5e-6;0.72;0.75;1e-9;5.5e-7,0.0033301688465871924
pay_signal_electrons,"pay_dwell_time at upper end, from today",60.0;0.3;2.4;5.5e-6;0.72;0.75;1.0;5.5e-7,3330168.8465871923
pay_signal_electrons,"pay_dwell_time at zero, from today",60.0;0.3;2.4;5.5e-6;0.72;0.75;0.0;5.5e-7,0.0
pay_signal_electrons,"pay_dwell_time at not a number, from today",60.0;0.3;2.4;5.5e-6;0.72;0.75;NaN;5.5e-7,refused
pay_signal_electrons,"pay_wavelength at lower end, from today",60.0;0.3;2.4;5.5e-6;0.72;0.75;0.0;3.5000000000000004e-7,0.0
pay_signal_electrons,"pay_wavelength at upper end, from today",60.0;0.3;2.4;5.5e-6;0.72;0.75;0.0;2.5e-6,0.0
pay_signal_electrons,"pay_wavelength at zero, from today",60.0;0.3;2.4;5.5e-6;0.72;0.75;0.0;0.0,0.0
pay_signal_electrons,"pay_wavelength at not a number, from today",60.0;0.3;2.4;5.5e-6;0.72;0.75;0.0;NaN,refused
pay_signal_electrons,"pay_radiance at lower end, from the middle",0.1;0.76;1.0;1.5499999999999997e-5;0.54;0.5;3.1622776601683795e-5;1.4250000000000001e-6,66.75477837821427
pay_signal_electrons,"pay_radiance at upper end, from the middle",500.0;0.76;1.0;1.5499999999999997e-5;0.54;0.5;3.1622776601683795e-5;1.4250000000000001e-6,333773.8918910712
pay_signal_electrons,"pay_radiance at zero, from the middle",0.0;0.76;1.0;1.5499999999999997e-5;0.54;0.5;3.1622776601683795e-5;1.4250000000000001e-6,0.0
pay_signal_electrons,"pay_radiance at not a number, from the middle",NaN;0.76;1.0;1.5499999999999997e-5;0.54;0.5;3.1622776601683795e-5;1.4250000000000001e-6,refused
pay_signal_electrons,"pay_aperture at lower end, from the middle",7.0710678118654755;0.02;1.0;1.5499999999999997e-5;0.54;0.5;3.1622776601683795e-5;1.4250000000000001e-6,3.2688889520665128
pay_signal_electrons,"pay_aperture at upper end, from the middle",7.0710678118654755;1.5;1.0;1.5499999999999997e-5;0.54;0.5;3.1622776601683795e-5;1.4250000000000001e-6,18387.50035537413
pay_signal_electrons,"pay_aperture at zero, from the middle",7.0710678118654755;0.0;1.0;1.5499999999999997e-5;0.54;0.5;3.1622776601683795e-5;1.4250000000000001e-6,0.0
pay_signal_electrons,"pay_aperture at not a number, from the middle",7.0710678118654755;NaN;1.0;1.5499999999999997e-5;0.54;0.5;3.1622776601683795e-5;1.4250000000000001e-6,refused
pay_signal_electrons,"pay_focal_length at lower end, from the middle",7.0710678118654755;0.76;0.05;1.5499999999999997e-5;0.54;0.5;3.1622776601683795e-5;1.4250000000000001e-6,1888110.2587136175
pay_signal_electrons,"pay_focal_length at upper end, from the middle",7.0710678118654755;0.76;20.0;1.5499999999999997e-5;0.54;0.5;3.1622776601683795e-5;1.4250000000000001e-6,11.800689116960111
pay_signal_electrons,"pay_focal_length at zero, from the middle",7.0710678118654755;0.76;0.0;1.5499999999999997e-5;0.54;0.5;3.1622776601683795e-5;1.4250000000000001e-6,refused
pay_signal_electrons,"pay_focal_length at not a number, from the middle",7.0710678118654755;0.76;NaN;1.5499999999999997e-5;0.54;0.5;3.1622776601683795e-5;1.4250000000000001e-6,refused
pay_signal_electrons,"pay_pixel_pitch at lower end, from the middle",7.0710678118654755;0.76;1.0;1e-6;0.54;0.5;3.1622776601683795e-5;1.4250000000000001e-6,19.647349206177086
pay_signal_electrons,"pay_pixel_pitch at upper end, from the middle",7.0710678118654755;0.76;1.0;2.9999999999999997e-5;0.54;0.5;3.1622776601683795e-5;1.4250000000000001e-6,17682.614285559368
pay_signal_electrons,"pay_pixel_pitch at zero, from the middle",7.0710678118654755;0.76;1.0;0.0;0.54;0.5;3.1622776601683795e-5;1.4250000000000001e-6,0.0
pay_signal_electrons,"pay_pixel_pitch at not a number, from the middle",7.0710678118654755;0.76;1.0;NaN;0.54;0.5;3.1622776601683795e-5;1.4250000000000001e-6,refused
pay_signal_electrons,"pay_transmission at lower end, from the middle",7.0710678118654755;0.76;1.0;1.5499999999999997e-5;0.1;0.5;3.1622776601683795e-5;1.4250000000000001e-6,874.1251197748227
pay_signal_electrons,"pay_transmission at upper end, from the middle",7.0710678118654755;0.76;1.0;1.5499999999999997e-5;0.98;0.5;3.1622776601683795e-5;1.4250000000000001e-6,8566.426173793261
pay_signal_electrons,"pay_transmission at zero, from the middle",7.0710678118654755;0.76;1.0;1.5499999999999997e-5;0.0;0.5;3.1622776601683795e-5;1.4250000000000001e-6,0.0
pay_signal_electrons,"pay_transmission at not a number, from the middle",7.0710678118654755;0.76;1.0;1.5499999999999997e-5;NaN;0.5;3.1622776601683795e-5;1.4250000000000001e-6,refused
pay_signal_electrons,"pay_quantum_efficiency at lower end, from the middle",7.0710678118654755;0.76;1.0;1.5499999999999997e-5;0.54;0.05;3.1622776601683795e-5;1.4250000000000001e-6,472.02756467840425
pay_signal_electrons,"pay_quantum_efficiency at upper end, from the middle",7.0710678118654755;0.76;1.0;1.5499999999999997e-5;0.54;0.95;3.1622776601683795e-5;1.4250000000000001e-6,8968.52372888968
pay_signal_electrons,"pay_quantum_efficiency at zero, from the middle",7.0710678118654755;0.76;1.0;1.5499999999999997e-5;0.54;0.0;3.1622776601683795e-5;1.4250000000000001e-6,0.0
pay_signal_electrons,"pay_quantum_efficiency at not a number, from the middle",7.0710678118654755;0.76;1.0;1.5499999999999997e-5;0.54;NaN;3.1622776601683795e-5;1.4250000000000001e-6,refused
pay_signal_electrons,"pay_dwell_time at lower end, from the middle",7.0710678118654755;0.76;1.0;1.5499999999999997e-5;0.54;0.5;1e-9;1.4250000000000001e-6,0.14926822227662026
pay_signal_electrons,"pay_dwell_time at upper end, from the middle",7.0710678118654755;0.76;1.0;1.5499999999999997e-5;0.54;0.5;1.0;1.4250000000000001e-6,149268222.27662024
pay_signal_electrons,"pay_dwell_time at zero, from the middle",7.0710678118654755;0.76;1.0;1.5499999999999997e-5;0.54;0.5;0.0;1.4250000000000001e-6,0.0
pay_signal_electrons,"pay_dwell_time at not a number, from the middle",7.0710678118654755;0.76;1.0;1.5499999999999997e-5;0.54;0.5;NaN;1.4250000000000001e-6,refused
pay_signal_electrons,"pay_wavelength at lower end, from the middle",7.0710678118654755;0.76;1.0;1.5499999999999997e-5;0.54;0.5;3.1622776601683795e-5;3.5000000000000004e-7,1159.3659483329227
pay_signal_electrons,"pay_wavelength at upper end, from the middle",7.0710678118654755;0.76;1.0;1.5499999999999997e-5;0.54;0.5;3.1622776601683795e-5;2.5e-6,8281.185345235162
pay_signal_electrons,"pay_wavelength at zero, from the middle",7.0710678118654755;0.76;1.0;1.5499999999999997e-5;0.54;0.5;3.1622776601683795e-5;0.0,0.0
pay_signal_electrons,"pay_wavelength at not a number, from the middle",7.0710678118654755;0.76;1.0;1.5499999999999997e-5;0.54;0.5;3.1622776601683795e-5;NaN,refused
pay_snr,"today",0.0;8.0,0.0
pay_snr,"the middle of every range",500000000.0;50.5,refused
pay_snr,"pay_signal_electrons at lower end, from today",0.0;8.0,0.0
pay_snr,"pay_signal_electrons at upper end, from today",1000000000.0;8.0,refused
pay_snr,"pay_signal_electrons at zero, from today",0.0;8.0,0.0
pay_snr,"pay_signal_electrons at not a number, from today",NaN;8.0,refused
pay_snr,"pay_read_noise at lower end, from today",0.0;1.0,0.0
pay_snr,"pay_read_noise at upper end, from today",0.0;100.0,0.0
pay_snr,"pay_read_noise at zero, from today",0.0;0.0,0.0
pay_snr,"pay_read_noise at not a number, from today",0.0;NaN,refused
pay_snr,"pay_signal_electrons at lower end, from the middle",0.0;50.5,0.0
pay_snr,"pay_signal_electrons at upper end, from the middle",1000000000.0;50.5,refused
pay_snr,"pay_signal_electrons at zero, from the middle",0.0;50.5,0.0
pay_snr,"pay_signal_electrons at not a number, from the middle",NaN;50.5,refused
pay_snr,"pay_read_noise at lower end, from the middle",500000000.0;1.0,refused
pay_snr,"pay_read_noise at upper end, from the middle",500000000.0;100.0,refused
pay_snr,"pay_read_noise at zero, from the middle",500000000.0;0.0,refused
pay_snr,"pay_read_noise at not a number, from the middle",500000000.0;NaN,refused
pay_swath,"today",0.0;8192.0,refused
pay_swath,"the middle of every range",1.0;3200.0,3200.0
pay_swath,"pay_gsd at lower end, from today",0.001;8192.0,refused
pay_swath,"pay_gsd at upper end, from today",1000.0;8192.0,refused
pay_swath,"pay_gsd at zero, from today",0.0;8192.0,refused
pay_swath,"pay_gsd at not a number, from today",NaN;8192.0,refused
pay_swath,"pay_pixels_across at lower end, from today",0.0;256.0,refused
pay_swath,"pay_pixels_across at upper end, from today",0.0;40000.0,refused
pay_swath,"pay_pixels_across at zero, from today",0.0;0.0,refused
pay_swath,"pay_pixels_across at not a number, from today",0.0;NaN,refused
pay_swath,"pay_gsd at lower end, from the middle",0.001;3200.0,refused
pay_swath,"pay_gsd at upper end, from the middle",1000.0;3200.0,refused
pay_swath,"pay_gsd at zero, from the middle",0.0;3200.0,refused
pay_swath,"pay_gsd at not a number, from the middle",NaN;3200.0,refused
pay_swath,"pay_pixels_across at lower end, from the middle",1.0;256.0,256.0
pay_swath,"pay_pixels_across at upper end, from the middle",1.0;40000.0,40000.0
pay_swath,"pay_pixels_across at zero, from the middle",1.0;0.0,refused
pay_swath,"pay_pixels_across at not a number, from the middle",1.0;NaN,refused
pay_toa_uncertainty,"today",20000000.0;10.0;0.01,3.978873577297383e-12
pay_toa_uncertainty,"the middle of every range",7071067.811865475;10.0;0.0031622776601683794,3.365717265197769e-11
pay_toa_uncertainty,"pay_rf_bandwidth at lower end, from today",100000.0;10.0;0.01,1.1253953951963826e-8
pay_toa_uncertainty,"pay_rf_bandwidth at upper end, from today",500000000.0;10.0;0.01,3.1830988618379065e-14
pay_toa_uncertainty,"pay_rf_bandwidth at zero, from today",0.0;10.0;0.01,refused
pay_toa_uncertainty,"pay_rf_bandwidth at not a number, from today",NaN;10.0;0.01,refused
pay_toa_uncertainty,"pay_rf_snr at lower end, from today",20000000.0;0.1;0.01,3.978873577297384e-11
pay_toa_uncertainty,"pay_rf_snr at upper end, from today",20000000.0;1000.0;0.01,3.9788735772973834e-13
pay_toa_uncertainty,"pay_rf_snr at zero, from today",20000000.0;0.0;0.01,refused
pay_toa_uncertainty,"pay_rf_snr at not a number, from today",20000000.0;NaN;0.01,refused
pay_toa_uncertainty,"pay_rf_integration at lower end, from today",20000000.0;10.0;1e-6,3.978873577297383e-10
pay_toa_uncertainty,"pay_rf_integration at upper end, from today",20000000.0;10.0;10.0,1.2582303026121758e-13
pay_toa_uncertainty,"pay_rf_integration at zero, from today",20000000.0;10.0;0.0,refused
pay_toa_uncertainty,"pay_rf_integration at not a number, from today",20000000.0;10.0;NaN,refused
pay_toa_uncertainty,"pay_rf_bandwidth at lower end, from the middle",100000.0;10.0;0.0031622776601683794,2.001267459430344e-8
pay_toa_uncertainty,"pay_rf_bandwidth at upper end, from the middle",500000000.0;10.0;0.0031622776601683794,5.660439166124679e-14
pay_toa_uncertainty,"pay_rf_bandwidth at zero, from the middle",0.0;10.0;0.0031622776601683794,refused
pay_toa_uncertainty,"pay_rf_bandwidth at not a number, from the middle",NaN;10.0;0.0031622776601683794,refused
pay_toa_uncertainty,"pay_rf_snr at lower end, from the middle",7071067.811865475;0.1;0.0031622776601683794,3.365717265197769e-10
pay_toa_uncertainty,"pay_rf_snr at upper end, from the middle",7071067.811865475;1000.0;0.0031622776601683794,3.3657172651977696e-12
pay_toa_uncertainty,"pay_rf_snr at zero, from the middle",7071067.811865475;0.0;0.0031622776601683794,refused
pay_toa_uncertainty,"pay_rf_snr at not a number, from the middle",7071067.811865475;NaN;0.0031622776601683794,refused
pay_toa_uncertainty,"pay_rf_integration at lower end, from the middle",7071067.811865475;10.0;1e-6,1.892681907127351e-9
pay_toa_uncertainty,"pay_rf_integration at upper end, from the middle",7071067.811865475;10.0;10.0,5.985185712713704e-13
pay_toa_uncertainty,"pay_rf_integration at zero, from the middle",7071067.811865475;10.0;0.0,refused
pay_toa_uncertainty,"pay_rf_integration at not a number, from the middle",7071067.811865475;10.0;NaN,refused
prop_bus_power,"today",0.0;0.9,0.0
prop_bus_power,"the middle of every range",50000.0;0.74,67567.56756756757
prop_bus_power,"prop_input_power at lower end, from today",0.0;0.9,0.0
prop_bus_power,"prop_input_power at upper end, from today",100000.0;0.9,refused
prop_bus_power,"prop_input_power at zero, from today",0.0;0.9,0.0
prop_bus_power,"prop_input_power at not a number, from today",NaN;0.9,refused
prop_bus_power,"prop_ppu_efficiency at lower end, from today",0.0;0.5,0.0
prop_bus_power,"prop_ppu_efficiency at upper end, from today",0.0;0.98,0.0
prop_bus_power,"prop_ppu_efficiency at zero, from today",0.0;0.0,refused
prop_bus_power,"prop_ppu_efficiency at not a number, from today",0.0;NaN,refused
prop_bus_power,"prop_input_power at lower end, from the middle",0.0;0.74,0.0
prop_bus_power,"prop_input_power at upper end, from the middle",100000.0;0.74,refused
prop_bus_power,"prop_input_power at zero, from the middle",0.0;0.74,0.0
prop_bus_power,"prop_input_power at not a number, from the middle",NaN;0.74,refused
prop_bus_power,"prop_ppu_efficiency at lower end, from the middle",50000.0;0.5,100000.0
prop_bus_power,"prop_ppu_efficiency at upper end, from the middle",50000.0;0.98,51020.40816326531
prop_bus_power,"prop_ppu_efficiency at zero, from the middle",50000.0;0.0,refused
prop_bus_power,"prop_ppu_efficiency at not a number, from the middle",50000.0;NaN,refused
prop_capture_efficiency,"today",0.2;0.01;0.9;0.06;600.0;0.0;0.0;0.0,0.40909090909090917
prop_capture_efficiency,"the middle of every range",0.22360679774997896;0.01;0.55;0.022360679774997897;900.0;0.016;100000000000000.0;7600.0,0.3666666666666667
prop_capture_efficiency,"case «IRS-class baseline intake»",0.2;0.01;0.9;0.06;600.0;0.01872;2133000000000000.0;7754.6,0.40909090909090917
prop_capture_efficiency,"prop_intake_area at lower end, from today",0.01;0.01;0.9;0.06;600.0;0.0;0.0;0.0,0.849056603773585
prop_capture_efficiency,"prop_intake_area at upper end, from today",5.0;0.01;0.9;0.06;600.0;0.0;0.0;0.0,0.029032258064516134
prop_capture_efficiency,"prop_intake_area at zero, from today",0.0;0.01;0.9;0.06;600.0;0.0;0.0;0.0,0.9000000000000001
prop_capture_efficiency,"prop_intake_area at not a number, from today",NaN;0.01;0.9;0.06;600.0;0.0;0.0;0.0,refused
prop_capture_efficiency,"prop_throat_area at lower end, from today",0.2;0.0001;0.9;0.06;600.0;0.0;0.0;0.0,0.007438016528925621
prop_capture_efficiency,"prop_throat_area at upper end, from today",0.2;1.0;0.9;0.06;600.0;0.0;0.0;0.0,0.8893280632411067
prop_capture_efficiency,"prop_throat_area at zero, from today",0.2;0.0;0.9;0.06;600.0;0.0;0.0;0.0,0.0
prop_capture_efficiency,"prop_throat_area at not a number, from today",0.2;NaN;0.9;0.06;600.0;0.0;0.0;0.0,refused
prop_capture_efficiency,"prop_eta_geo at lower end, from today",0.2;0.01;0.1;0.06;600.0;0.0;0.0;0.0,0.045454545454545456
prop_capture_efficiency,"prop_eta_geo at upper end, from today",0.2;0.01;1.0;0.06;600.0;0.0;0.0;0.0,0.4545454545454546
prop_capture_efficiency,"prop_eta_geo at zero, from today",0.2;0.01;0.0;0.06;600.0;0.0;0.0;0.0,0.0
prop_capture_efficiency,"prop_eta_geo at not a number, from today",0.2;0.01;NaN;0.06;600.0;0.0;0.0;0.0,refused
prop_capture_efficiency,"prop_beta_backflow at lower end, from today",0.2;0.01;0.9;0.001;600.0;0.0;0.0;0.0,0.8823529411764707
prop_capture_efficiency,"prop_beta_backflow at upper end, from today",0.2;0.01;0.9;0.5;600.0;0.0;0.0;0.0,0.08181818181818183
prop_capture_efficiency,"prop_beta_backflow at zero, from today",0.2;0.01;0.9;0.0;600.0;0.0;0.0;0.0,0.9000000000000001
prop_capture_efficiency,"prop_beta_backflow at not a number, from today",0.2;0.01;0.9;NaN;600.0;0.0;0.0;0.0,refused
prop_capture_efficiency,"env_chamber_temperature at lower end, from today",0.2;0.01;0.9;0.06;300.0;0.0;0.0;0.0,0.40909090909090917
prop_capture_efficiency,"env_chamber_temperature at upper end, from today",0.2;0.01;0.9;0.06;1500.0;0.0;0.0;0.0,0.40909090909090917
prop_capture_efficiency,"env_chamber_temperature at zero, from today",0.2;0.01;0.9;0.06;0.0;0.0;0.0;0.0,0.40909090909090917
prop_capture_efficiency,"env_chamber_temperature at not a number, from today",0.2;0.01;0.9;0.06;NaN;0.0;0.0;0.0,0.40909090909090917
prop_capture_efficiency,"env_mean_molar_mass at lower end, from today",0.2;0.01;0.9;0.06;600.0;0.002;0.0;0.0,0.40909090909090917
prop_capture_efficiency,"env_mean_molar_mass at upper end, from today",0.2;0.01;0.9;0.06;600.0;0.03;0.0;0.0,0.40909090909090917
prop_capture_efficiency,"env_mean_molar_mass at zero, from today",0.2;0.01;0.9;0.06;600.0;0.0;0.0;0.0,0.40909090909090917
prop_capture_efficiency,"env_mean_molar_mass at not a number, from today",0.2;0.01;0.9;0.06;600.0;NaN;0.0;0.0,0.40909090909090917
prop_capture_efficiency,"env_number_density at lower end, from today",0.2;0.01;0.9;0.06;600.0;0.0;100000000.0;0.0,0.40909090909090917
prop_capture_efficiency,"env_number_density at upper end, from today",0.2;0.01;0.9;0.06;600.0;0.0;1e20;0.0,0.40909090909090917
prop_capture_efficiency,"env_number_density at zero, from today",0.2;0.01;0.9;0.06;600.0;0.0;0.0;0.0,0.40909090909090917
prop_capture_efficiency,"env_number_density at not a number, from today",0.2;0.01;0.9;0.06;600.0;0.0;NaN;0.0,0.40909090909090917
prop_capture_efficiency,"orbit_velocity at lower end, from today",0.2;0.01;0.9;0.06;600.0;0.0;0.0;7000.0,0.40909090909090917
prop_capture_efficiency,"orbit_velocity at upper end, from today",0.2;0.01;0.9;0.06;600.0;0.0;0.0;8200.0,0.40909090909090917
prop_capture_efficiency,"orbit_velocity at zero, from today",0.2;0.01;0.9;0.06;600.0;0.0;0.0;0.0,0.40909090909090917
prop_capture_efficiency,"orbit_velocity at not a number, from today",0.2;0.01;0.9;0.06;600.0;0.0;0.0;NaN,0.40909090909090917
prop_capture_efficiency,"prop_intake_area at lower end, from the middle",0.01;0.01;0.55;0.022360679774997897;900.0;0.016;100000000000000.0;7600.0,0.537970611429466
prop_capture_efficiency,"prop_intake_area at upper end, from the middle",5.0;0.01;0.55;0.022360679774997897;900.0;0.016;100000000000000.0;7600.0,0.04515473337197115
prop_capture_efficiency,"prop_intake_area at zero, from the middle",0.0;0.01;0.55;0.022360679774997897;900.0;0.016;100000000000000.0;7600.0,0.55
prop_capture_efficiency,"prop_intake_area at not a number, from the middle",NaN;0.01;0.55;0.022360679774997897;900.0;0.016;100000000000000.0;7600.0,refused
prop_capture_efficiency,"prop_throat_area at lower end, from the middle",0.22360679774997896;0.0001;0.55;0.022360679774997897;900.0;0.016;100000000000000.0;7600.0,0.010784313725490198
prop_capture_efficiency,"prop_throat_area at upper end, from the middle",0.22360679774997896;1.0;0.55;0.022360679774997897;900.0;0.016;100000000000000.0;7600.0,0.5472636815920399
prop_capture_efficiency,"prop_throat_area at zero, from the middle",0.22360679774997896;0.0;0.55;0.022360679774997897;900.0;0.016;100000000000000.0;7600.0,0.0
prop_capture_efficiency,"prop_throat_area at not a number, from the middle",0.22360679774997896;NaN;0.55;0.022360679774997897;900.0;0.016;100000000000000.0;7600.0,refused
prop_capture_efficiency,"prop_eta_geo at lower end, from the middle",0.22360679774997896;0.01;0.1;0.022360679774997897;900.0;0.016;100000000000000.0;7600.0,0.06666666666666667
prop_capture_efficiency,"prop_eta_geo at upper end, from the middle",0.22360679774997896;0.01;1.0;0.022360679774997897;900.0;0.016;100000000000000.0;7600.0,0.6666666666666667
prop_capture_efficiency,"prop_eta_geo at zero, from the middle",0.22360679774997896;0.01;0.0;0.022360679774997897;900.0;0.016;100000000000000.0;7600.0,0.0
prop_capture_efficiency,"prop_eta_geo at not a number, from the middle",0.22360679774997896;0.01;NaN;0.022360679774997897;900.0;0.016;100000000000000.0;7600.0,refused
prop_capture_efficiency,"prop_beta_backflow at lower end, from the middle",0.22360679774997896;0.01;0.55;0.001;900.0;0.016;100000000000000.0;7600.0,0.537970611429466
prop_capture_efficiency,"prop_beta_backflow at upper end, from the middle",0.22360679774997896;0.01;0.55;0.5;900.0;0.016;100000000000000.0;7600.0,0.04515473337197115
prop_capture_efficiency,"prop_beta_backflow at zero, from the middle",0.22360679774997896;0.01;0.55;0.0;900.0;0.016;100000000000000.0;7600.0,0.55
prop_capture_efficiency,"prop_beta_backflow at not a number, from the middle",0.22360679774997896;0.01;0.55;NaN;900.0;0.016;100000000000000.0;7600.0,refused
prop_capture_efficiency,"env_chamber_temperature at lower end, from the middle",0.22360679774997896;0.01;0.55;0.022360679774997897;300.0;0.016;100000000000000.0;7600.0,0.3666666666666667
prop_capture_efficiency,"env_chamber_temperature at upper end, from the middle",0.22360679774997896;0.01;0.55;0.022360679774997897;1500.0;0.016;100000000000000.0;7600.0,0.3666666666666667
prop_capture_efficiency,"env_chamber_temperature at zero, from the middle",0.22360679774997896;0.01;0.55;0.022360679774997897;0.0;0.016;100000000000000.0;7600.0,0.3666666666666667
prop_capture_efficiency,"env_chamber_temperature at not a number, from the middle",0.22360679774997896;0.01;0.55;0.022360679774997897;NaN;0.016;100000000000000.0;7600.0,0.3666666666666667
prop_capture_efficiency,"env_mean_molar_mass at lower end, from the middle",0.22360679774997896;0.01;0.55;0.022360679774997897;900.0;0.002;100000000000000.0;7600.0,0.3666666666666667
prop_capture_efficiency,"env_mean_molar_mass at upper end, from the middle",0.22360679774997896;0.01;0.55;0.022360679774997897;900.0;0.03;100000000000000.0;7600.0,0.3666666666666667
prop_capture_efficiency,"env_mean_molar_mass at zero, from the middle",0.22360679774997896;0.01;0.55;0.022360679774997897;900.0;0.0;100000000000000.0;7600.0,0.3666666666666667
prop_capture_efficiency,"env_mean_molar_mass at not a number, from the middle",0.22360679774997896;0.01;0.55;0.022360679774997897;900.0;NaN;100000000000000.0;7600.0,0.3666666666666667
prop_capture_efficiency,"env_number_density at lower end, from the middle",0.22360679774997896;0.01;0.55;0.022360679774997897;900.0;0.016;100000000.0;7600.0,0.3666666666666667
prop_capture_efficiency,"env_number_density at upper end, from the middle",0.22360679774997896;0.01;0.55;0.022360679774997897;900.0;0.016;1e20;7600.0,0.3666666666666667
prop_capture_efficiency,"env_number_density at zero, from the middle",0.22360679774997896;0.01;0.55;0.022360679774997897;900.0;0.016;0.0;7600.0,0.3666666666666667
prop_capture_efficiency,"env_number_density at not a number, from the middle",0.22360679774997896;0.01;0.55;0.022360679774997897;900.0;0.016;NaN;7600.0,0.3666666666666667
prop_capture_efficiency,"orbit_velocity at lower end, from the middle",0.22360679774997896;0.01;0.55;0.022360679774997897;900.0;0.016;100000000000000.0;7000.0,0.3666666666666667
prop_capture_efficiency,"orbit_velocity at upper end, from the middle",0.22360679774997896;0.01;0.55;0.022360679774997897;900.0;0.016;100000000000000.0;8200.0,0.3666666666666667
prop_capture_efficiency,"orbit_velocity at zero, from the middle",0.22360679774997896;0.01;0.55;0.022360679774997897;900.0;0.016;100000000000000.0;0.0,0.3666666666666667
prop_capture_efficiency,"orbit_velocity at not a number, from the middle",0.22360679774997896;0.01;0.55;0.022360679774997897;900.0;0.016;100000000000000.0;NaN,0.3666666666666667
prop_chamber_density,"today",0.0;0.0,refused
prop_chamber_density,"the middle of every range",100000000000000.0;316.22776601683796,3.1622776601683796e16
prop_chamber_density,"env_number_density at lower end, from today",100000000.0;0.0,refused
prop_chamber_density,"env_number_density at upper end, from today",1e20;0.0,refused
prop_chamber_density,"env_number_density at zero, from today",0.0;0.0,refused
prop_chamber_density,"env_number_density at not a number, from today",NaN;0.0,refused
prop_chamber_density,"prop_compression_ratio at lower end, from today",0.0;1.0,refused
prop_chamber_density,"prop_compression_ratio at upper end, from today",0.0;100000.0,refused
prop_chamber_density,"prop_compression_ratio at zero, from today",0.0;0.0,refused
prop_chamber_density,"prop_compression_ratio at not a number, from today",0.0;NaN,refused
prop_chamber_density,"env_number_density at lower end, from the middle",100000000.0;316.22776601683796,refused
prop_chamber_density,"env_number_density at upper end, from the middle",1e20;316.22776601683796,refused
prop_chamber_density,"env_number_density at zero, from the middle",0.0;316.22776601683796,refused
prop_chamber_density,"env_number_density at not a number, from the middle",NaN;316.22776601683796,refused
prop_chamber_density,"prop_compression_ratio at lower end, from the middle",100000000000000.0;1.0,100000000000000.0
prop_chamber_density,"prop_compression_ratio at upper end, from the middle",100000000000000.0;100000.0,1e19
prop_chamber_density,"prop_compression_ratio at zero, from the middle",100000000000000.0;0.0,refused
prop_chamber_density,"prop_compression_ratio at not a number, from the middle",100000000000000.0;NaN,refused
prop_collected_flow,"today",0.0;0.0;0.2;0.0,0.0
prop_collected_flow,"the middle of every range",3.1622776601683794e-11;7600.0;0.22360679774997896;0.5,2.6870057685088807e-8
prop_collected_flow,"env_mass_density at lower end, from today",1e-15;0.0;0.2;0.0,0.0
prop_collected_flow,"env_mass_density at upper end, from today",1e-6;0.0;0.2;0.0,0.0
prop_collected_flow,"env_mass_density at zero, from today",0.0;0.0;0.2;0.0,0.0
prop_collected_flow,"env_mass_density at not a number, from today",NaN;0.0;0.2;0.0,refused
prop_collected_flow,"orbit_velocity at lower end, from today",0.0;7000.0;0.2;0.0,0.0
prop_collected_flow,"orbit_velocity at upper end, from today",0.0;8200.0;0.2;0.0,0.0
prop_collected_flow,"orbit_velocity at zero, from today",0.0;0.0;0.2;0.0,0.0
prop_collected_flow,"orbit_velocity at not a number, from today",0.0;NaN;0.2;0.0,refused
prop_collected_flow,"prop_intake_area at lower end, from today",0.0;0.0;0.01;0.0,0.0
prop_collected_flow,"prop_intake_area at upper end, from today",0.0;0.0;5.0;0.0,0.0
prop_collected_flow,"prop_intake_area at zero, from today",0.0;0.0;0.0;0.0,0.0
prop_collected_flow,"prop_intake_area at not a number, from today",0.0;0.0;NaN;0.0,refused
prop_collected_flow,"prop_capture_efficiency at lower end, from today",0.0;0.0;0.2;0.0,0.0
prop_collected_flow,"prop_capture_efficiency at upper end, from today",0.0;0.0;0.2;1.0,0.0
prop_collected_flow,"prop_capture_efficiency at zero, from today",0.0;0.0;0.2;0.0,0.0
prop_collected_flow,"prop_capture_efficiency at not a number, from today",0.0;0.0;0.2;NaN,refused
prop_collected_flow,"env_mass_density at lower end, from the middle",1e-15;7600.0;0.22360679774997896;0.5,8.497058314499201e-13
prop_collected_flow,"env_mass_density at upper end, from the middle",1e-6;7600.0;0.22360679774997896;0.5,refused
prop_collected_flow,"env_mass_density at zero, from the middle",0.0;7600.0;0.22360679774997896;0.5,0.0
prop_collected_flow,"env_mass_density at not a number, from the middle",NaN;7600.0;0.22360679774997896;0.5,refused
prop_collected_flow,"orbit_velocity at lower end, from the middle",3.1622776601683794e-11;7000.0;0.22360679774997896;0.5,2.4748737341529165e-8
prop_collected_flow,"orbit_velocity at upper end, from the middle",3.1622776601683794e-11;8200.0;0.22360679774997896;0.5,2.8991378028648447e-8
prop_collected_flow,"orbit_velocity at zero, from the middle",3.1622776601683794e-11;0.0;0.22360679774997896;0.5,0.0
prop_collected_flow,"orbit_velocity at not a number, from the middle",3.1622776601683794e-11;NaN;0.22360679774997896;0.5,refused
prop_collected_flow,"prop_intake_area at lower end, from the middle",3.1622776601683794e-11;7600.0;0.01;0.5,1.2016655108639843e-9
prop_collected_flow,"prop_intake_area at upper end, from the middle",3.1622776601683794e-11;7600.0;5.0;0.5,6.008327554319922e-7
prop_collected_flow,"prop_intake_area at zero, from the middle",3.1622776601683794e-11;7600.0;0.0;0.5,0.0
prop_collected_flow,"prop_intake_area at not a number, from the middle",3.1622776601683794e-11;7600.0;NaN;0.5,refused
prop_collected_flow,"prop_capture_efficiency at lower end, from the middle",3.1622776601683794e-11;7600.0;0.22360679774997896;0.0,0.0
prop_collected_flow,"prop_capture_efficiency at upper end, from the middle",3.1622776601683794e-11;7600.0;0.22360679774997896;1.0,5.3740115370177615e-8
prop_collected_flow,"prop_capture_efficiency at zero, from the middle",3.1622776601683794e-11;7600.0;0.22360679774997896;0.0,0.0
prop_collected_flow,"prop_capture_efficiency at not a number, from the middle",3.1622776601683794e-11;7600.0;0.22360679774997896;NaN,refused
prop_compression_ratio,"today",0.2;0.01;0.9;0.06;600.0;0.0;0.0;0.0,refused
prop_compression_ratio,"the middle of every range",0.22360679774997896;0.01;0.55;0.022360679774997897;900.0;0.016;100000000000000.0;7600.0,228.39237630302492
prop_compression_ratio,"case «IRS-class baseline intake»",0.2;0.01;0.9;0.06;600.0;0.01872;2133000000000000.0;7754.6,308.0770618652835
prop_compression_ratio,"prop_intake_area at lower end, from today",0.01;0.01;0.9;0.06;600.0;0.0;0.0;0.0,refused
prop_compression_ratio,"prop_intake_area at upper end, from today",5.0;0.01;0.9;0.06;600.0;0.0;0.0;0.0,refused
prop_compression_ratio,"prop_intake_area at zero, from today",0.0;0.01;0.9;0.06;600.0;0.0;0.0;0.0,refused
prop_compression_ratio,"prop_intake_area at not a number, from today",NaN;0.01;0.9;0.06;600.0;0.0;0.0;0.0,refused
prop_compression_ratio,"prop_throat_area at lower end, from today",0.2;0.0001;0.9;0.06;600.0;0.0;0.0;0.0,refused
prop_compression_ratio,"prop_throat_area at upper end, from today",0.2;1.0;0.9;0.06;600.0;0.0;0.0;0.0,refused
prop_compression_ratio,"prop_throat_area at zero, from today",0.2;0.0;0.9;0.06;600.0;0.0;0.0;0.0,refused
prop_compression_ratio,"prop_throat_area at not a number, from today",0.2;NaN;0.9;0.06;600.0;0.0;0.0;0.0,refused
prop_compression_ratio,"prop_eta_geo at lower end, from today",0.2;0.01;0.1;0.06;600.0;0.0;0.0;0.0,refused
prop_compression_ratio,"prop_eta_geo at upper end, from today",0.2;0.01;1.0;0.06;600.0;0.0;0.0;0.0,refused
prop_compression_ratio,"prop_eta_geo at zero, from today",0.2;0.01;0.0;0.06;600.0;0.0;0.0;0.0,refused
prop_compression_ratio,"prop_eta_geo at not a number, from today",0.2;0.01;NaN;0.06;600.0;0.0;0.0;0.0,refused
prop_compression_ratio,"prop_beta_backflow at lower end, from today",0.2;0.01;0.9;0.001;600.0;0.0;0.0;0.0,refused
prop_compression_ratio,"prop_beta_backflow at upper end, from today",0.2;0.01;0.9;0.5;600.0;0.0;0.0;0.0,refused
prop_compression_ratio,"prop_beta_backflow at zero, from today",0.2;0.01;0.9;0.0;600.0;0.0;0.0;0.0,refused
prop_compression_ratio,"prop_beta_backflow at not a number, from today",0.2;0.01;0.9;NaN;600.0;0.0;0.0;0.0,refused
prop_compression_ratio,"env_chamber_temperature at lower end, from today",0.2;0.01;0.9;0.06;300.0;0.0;0.0;0.0,refused
prop_compression_ratio,"env_chamber_temperature at upper end, from today",0.2;0.01;0.9;0.06;1500.0;0.0;0.0;0.0,refused
prop_compression_ratio,"env_chamber_temperature at zero, from today",0.2;0.01;0.9;0.06;0.0;0.0;0.0;0.0,refused
prop_compression_ratio,"env_chamber_temperature at not a number, from today",0.2;0.01;0.9;0.06;NaN;0.0;0.0;0.0,refused
prop_compression_ratio,"env_mean_molar_mass at lower end, from today",0.2;0.01;0.9;0.06;600.0;0.002;0.0;0.0,refused
prop_compression_ratio,"env_mean_molar_mass at upper end, from today",0.2;0.01;0.9;0.06;600.0;0.03;0.0;0.0,refused
prop_compression_ratio,"env_mean_molar_mass at zero, from today",0.2;0.01;0.9;0.06;600.0;0.0;0.0;0.0,refused
prop_compression_ratio,"env_mean_molar_mass at not a number, from today",0.2;0.01;0.9;0.06;600.0;NaN;0.0;0.0,refused
prop_compression_ratio,"env_number_density at lower end, from today",0.2;0.01;0.9;0.06;600.0;0.0;100000000.0;0.0,refused
prop_compression_ratio,"env_number_density at upper end, from today",0.2;0.01;0.9;0.06;600.0;0.0;1e20;0.0,refused
prop_compression_ratio,"env_number_density at zero, from today",0.2;0.01;0.9;0.06;600.0;0.0;0.0;0.0,refused
prop_compression_ratio,"env_number_density at not a number, from today",0.2;0.01;0.9;0.06;600.0;0.0;NaN;0.0,refused
prop_compression_ratio,"orbit_velocity at lower end, from today",0.2;0.01;0.9;0.06;600.0;0.0;0.0;7000.0,refused
prop_compression_ratio,"orbit_velocity at upper end, from today",0.2;0.01;0.9;0.06;600.0;0.0;0.0;8200.0,refused
prop_compression_ratio,"orbit_velocity at zero, from today",0.2;0.01;0.9;0.06;600.0;0.0;0.0;0.0,refused
prop_compression_ratio,"orbit_velocity at not a number, from today",0.2;0.01;0.9;0.06;600.0;0.0;0.0;NaN,refused
prop_compression_ratio,"prop_intake_area at lower end, from the middle",0.01;0.01;0.55;0.022360679774997897;900.0;0.016;100000000000000.0;7600.0,14.985930769618546
prop_compression_ratio,"prop_intake_area at upper end, from the middle",5.0;0.01;0.55;0.022360679774997897;900.0;0.016;100000000000000.0;7600.0,628.9244187845984
prop_compression_ratio,"prop_intake_area at zero, from the middle",0.0;0.01;0.55;0.022360679774997897;900.0;0.016;100000000000000.0;7600.0,refused
prop_compression_ratio,"prop_intake_area at not a number, from the middle",NaN;0.01;0.55;0.022360679774997897;900.0;0.016;100000000000000.0;7600.0,refused
prop_compression_ratio,"prop_throat_area at lower end, from the middle",0.22360679774997896;0.0001;0.55;0.022360679774997897;900.0;0.016;100000000000000.0;7600.0,671.742283244191
prop_compression_ratio,"prop_throat_area at upper end, from the middle",0.22360679774997896;1.0;0.55;0.022360679774997897;900.0;0.016;100000000000000.0;7600.0,3.4088414373585807
prop_compression_ratio,"prop_throat_area at zero, from the middle",0.22360679774997896;0.0;0.55;0.022360679774997897;900.0;0.016;100000000000000.0;7600.0,685.1771289090747
prop_compression_ratio,"prop_throat_area at not a number, from the middle",0.22360679774997896;NaN;0.55;0.022360679774997897;900.0;0.016;100000000000000.0;7600.0,refused
prop_compression_ratio,"prop_eta_geo at lower end, from the middle",0.22360679774997896;0.01;0.1;0.022360679774997897;900.0;0.016;100000000000000.0;7600.0,41.52588660054999
prop_compression_ratio,"prop_eta_geo at upper end, from the middle",0.22360679774997896;0.01;1.0;0.022360679774997897;900.0;0.016;100000000000000.0;7600.0,415.25886600549984
prop_compression_ratio,"prop_eta_geo at zero, from the middle",0.22360679774997896;0.01;0.0;0.022360679774997897;900.0;0.016;100000000000000.0;7600.0,refused
prop_compression_ratio,"prop_eta_geo at not a number, from the middle",0.22360679774997896;0.01;NaN;0.022360679774997897;900.0;0.016;100000000000000.0;7600.0,refused
prop_compression_ratio,"prop_beta_backflow at lower end, from the middle",0.22360679774997896;0.01;0.55;0.001;900.0;0.016;100000000000000.0;7600.0,335.0955990697281
prop_compression_ratio,"prop_beta_backflow at upper end, from the middle",0.22360679774997896;0.01;0.55;0.5;900.0;0.016;100000000000000.0;7600.0,28.126355062238158
prop_compression_ratio,"prop_beta_backflow at zero, from the middle",0.22360679774997896;0.01;0.55;0.0;900.0;0.016;100000000000000.0;7600.0,342.58856445453733
prop_compression_ratio,"prop_beta_backflow at not a number, from the middle",0.22360679774997896;0.01;0.55;NaN;900.0;0.016;100000000000000.0;7600.0,refused
prop_compression_ratio,"env_chamber_temperature at lower end, from the middle",0.22360679774997896;0.01;0.55;0.022360679774997897;300.0;0.016;100000000000000.0;7600.0,395.5871998182292
prop_compression_ratio,"env_chamber_temperature at upper end, from the middle",0.22360679774997896;0.01;0.55;0.022360679774997897;1500.0;0.016;100000000000000.0;7600.0,176.9119739644706
prop_compression_ratio,"env_chamber_temperature at zero, from the middle",0.22360679774997896;0.01;0.55;0.022360679774997897;0.0;0.016;100000000000000.0;7600.0,refused
prop_compression_ratio,"env_chamber_temperature at not a number, from the middle",0.22360679774997896;0.01;0.55;0.022360679774997897;NaN;0.016;100000000000000.0;7600.0,refused
prop_compression_ratio,"env_mean_molar_mass at lower end, from the middle",0.22360679774997896;0.01;0.55;0.022360679774997897;900.0;0.002;100000000000000.0;7600.0,80.74889902758933
prop_compression_ratio,"env_mean_molar_mass at upper end, from the middle",0.22360679774997896;0.01;0.55;0.022360679774997897;900.0;0.03;100000000000000.0;7600.0,312.73914115843775
prop_compression_ratio,"env_mean_molar_mass at zero, from the middle",0.22360679774997896;0.01;0.55;0.022360679774997897;900.0;0.0;100000000000000.0;7600.0,refused
prop_compression_ratio,"env_mean_molar_mass at not a number, from the middle",0.22360679774997896;0.01;0.55;0.022360679774997897;900.0;NaN;100000000000000.0;7600.0,refused
prop_compression_ratio,"env_number_density at lower end, from the middle",0.22360679774997896;0.01;0.55;0.022360679774997897;900.0;0.016;100000000.0;7600.0,228.39237630302492
prop_compression_ratio,"env_number_density at upper end, from the middle",0.22360679774997896;0.01;0.55;0.022360679774997897;900.0;0.016;1e20;7600.0,228.39237630302492
prop_compression_ratio,"env_number_density at zero, from the middle",0.22360679774997896;0.01;0.55;0.022360679774997897;900.0;0.016;0.0;7600.0,228.39237630302492
prop_compression_ratio,"env_number_density at not a number, from the middle",0.22360679774997896;0.01;0.55;0.022360679774997897;900.0;0.016;NaN;7600.0,228.39237630302492
prop_compression_ratio,"orbit_velocity at lower end, from the middle",0.22360679774997896;0.01;0.55;0.022360679774997897;900.0;0.016;100000000000000.0;7000.0,210.36139922647033
prop_compression_ratio,"orbit_velocity at upper end, from the middle",0.22360679774997896;0.01;0.55;0.022360679774997897;900.0;0.016;100000000000000.0;8200.0,246.4233533795795
prop_compression_ratio,"orbit_velocity at zero, from the middle",0.22360679774997896;0.01;0.55;0.022360679774997897;900.0;0.016;100000000000000.0;0.0,refused
prop_compression_ratio,"orbit_velocity at not a number, from the middle",0.22360679774997896;0.01;0.55;0.022360679774997897;900.0;0.016;100000000000000.0;NaN,refused
prop_delivered_bus_power,"today",0.0;0.0,0.0
prop_delivered_bus_power,"the middle of every range",50000.0;0.5,25000.0
prop_delivered_bus_power,"prop_bus_power at lower end, from today",0.0;0.0,0.0
prop_delivered_bus_power,"prop_bus_power at upper end, from today",100000.0;0.0,0.0
prop_delivered_bus_power,"prop_bus_power at zero, from today",0.0;0.0,0.0
prop_delivered_bus_power,"prop_bus_power at not a number, from today",NaN;0.0,refused
prop_delivered_bus_power,"prop_throttle at lower end, from today",0.0;0.0,0.0
prop_delivered_bus_power,"prop_throttle at upper end, from today",0.0;1.0,0.0
prop_delivered_bus_power,"prop_throttle at zero, from today",0.0;0.0,0.0
prop_delivered_bus_power,"prop_throttle at not a number, from today",0.0;NaN,refused
prop_delivered_bus_power,"prop_bus_power at lower end, from the middle",0.0;0.5,0.0
prop_delivered_bus_power,"prop_bus_power at upper end, from the middle",100000.0;0.5,50000.0
prop_delivered_bus_power,"prop_bus_power at zero, from the middle",0.0;0.5,0.0
prop_delivered_bus_power,"prop_bus_power at not a number, from the middle",NaN;0.5,refused
prop_delivered_bus_power,"prop_throttle at lower end, from the middle",50000.0;0.0,0.0
prop_delivered_bus_power,"prop_throttle at upper end, from the middle",50000.0;1.0,50000.0
prop_delivered_bus_power,"prop_throttle at zero, from the middle",50000.0;0.0,0.0
prop_delivered_bus_power,"prop_throttle at not a number, from the middle",50000.0;NaN,refused
prop_delivered_thrust,"today",0.0;0.0,0.0
prop_delivered_thrust,"the middle of every range",0.5;0.5,0.25
prop_delivered_thrust,"prop_thrust at lower end, from today",0.0;0.0,0.0
prop_delivered_thrust,"prop_thrust at upper end, from today",1.0;0.0,0.0
prop_delivered_thrust,"prop_thrust at zero, from today",0.0;0.0,0.0
prop_delivered_thrust,"prop_thrust at not a number, from today",NaN;0.0,refused
prop_delivered_thrust,"prop_throttle at lower end, from today",0.0;0.0,0.0
prop_delivered_thrust,"prop_throttle at upper end, from today",0.0;1.0,0.0
prop_delivered_thrust,"prop_throttle at zero, from today",0.0;0.0,0.0
prop_delivered_thrust,"prop_throttle at not a number, from today",0.0;NaN,refused
prop_delivered_thrust,"prop_thrust at lower end, from the middle",0.0;0.5,0.0
prop_delivered_thrust,"prop_thrust at upper end, from the middle",1.0;0.5,0.5
prop_delivered_thrust,"prop_thrust at zero, from the middle",0.0;0.5,0.0
prop_delivered_thrust,"prop_thrust at not a number, from the middle",NaN;0.5,refused
prop_delivered_thrust,"prop_throttle at lower end, from the middle",0.5;0.0,0.0
prop_delivered_thrust,"prop_throttle at upper end, from the middle",0.5;1.0,0.5
prop_delivered_thrust,"prop_throttle at zero, from the middle",0.5;0.0,0.0
prop_delivered_thrust,"prop_throttle at not a number, from the middle",0.5;NaN,refused
prop_exhaust_velocity,"today",300.0;0.0,refused
prop_exhaust_velocity,"the middle of every range",1025.0;0.016,111185.3550531683
prop_exhaust_velocity,"case «300 V, atomic oxygen mixture»",300.0;0.01872,55610.05838601353
prop_exhaust_velocity,"prop_beam_voltage at lower end, from today",50.0;0.0,refused
prop_exhaust_velocity,"prop_beam_voltage at upper end, from today",2000.0;0.0,refused
prop_exhaust_velocity,"prop_beam_voltage at zero, from today",0.0;0.0,refused
prop_exhaust_velocity,"prop_beam_voltage at not a number, from today",NaN;0.0,refused
prop_exhaust_velocity,"env_mean_molar_mass at lower end, from today",300.0;0.002,170134.06371739024
prop_exhaust_velocity,"env_mean_molar_mass at upper end, from today",300.0;0.03,43928.42636000293
prop_exhaust_velocity,"env_mean_molar_mass at zero, from today",300.0;0.0,refused
prop_exhaust_velocity,"env_mean_molar_mass at not a number, from today",300.0;NaN,refused
prop_exhaust_velocity,"prop_beam_voltage at lower end, from the middle",50.0;0.016,24556.73687139005
prop_exhaust_velocity,"prop_beam_voltage at upper end, from the middle",2000.0;0.016,155310.4408300598
prop_exhaust_velocity,"prop_beam_voltage at zero, from the middle",0.0;0.016,refused
prop_exhaust_velocity,"prop_beam_voltage at not a number, from the middle",NaN;0.016,refused
prop_exhaust_velocity,"env_mean_molar_mass at lower end, from the middle",1025.0;0.002,314479.6741069171
prop_exhaust_velocity,"env_mean_molar_mass at upper end, from the middle",1025.0;0.03,81198.30270245504
prop_exhaust_velocity,"env_mean_molar_mass at zero, from the middle",1025.0;0.0,refused
prop_exhaust_velocity,"env_mean_molar_mass at not a number, from the middle",1025.0;NaN,refused
prop_incident_flux,"today",0.0;0.0,0.0
prop_incident_flux,"the middle of every range",3.1622776601683794e-11;7600.0,2.4033310217279685e-7
prop_incident_flux,"env_mass_density at lower end, from today",1e-15;0.0,0.0
prop_incident_flux,"env_mass_density at upper end, from today",1e-6;0.0,0.0
prop_incident_flux,"env_mass_density at zero, from today",0.0;0.0,0.0
prop_incident_flux,"env_mass_density at not a number, from today",NaN;0.0,refused
prop_incident_flux,"orbit_velocity at lower end, from today",0.0;7000.0,0.0
prop_incident_flux,"orbit_velocity at upper end, from today",0.0;8200.0,0.0
prop_incident_flux,"orbit_velocity at zero, from today",0.0;0.0,0.0
prop_incident_flux,"orbit_velocity at not a number, from today",0.0;NaN,refused
prop_incident_flux,"env_mass_density at lower end, from the middle",1e-15;7600.0,7.6e-12
prop_incident_flux,"env_mass_density at upper end, from the middle",1e-6;7600.0,0.0076
prop_incident_flux,"env_mass_density at zero, from the middle",0.0;7600.0,0.0
prop_incident_flux,"env_mass_density at not a number, from the middle",NaN;7600.0,refused
prop_incident_flux,"orbit_velocity at lower end, from the middle",3.1622776601683794e-11;7000.0,2.2135943621178657e-7
prop_incident_flux,"orbit_velocity at upper end, from the middle",3.1622776601683794e-11;8200.0,2.593067681338071e-7
prop_incident_flux,"orbit_velocity at zero, from the middle",3.1622776601683794e-11;0.0,0.0
prop_incident_flux,"orbit_velocity at not a number, from the middle",3.1622776601683794e-11;NaN,refused
prop_input_power,"today",0.0;0.0;0.15,0.0
prop_input_power,"the middle of every range",50000.0;50000.0;0.3,refused
prop_input_power,"prop_jet_power at lower end, from today",0.0;0.0;0.15,0.0
prop_input_power,"prop_jet_power at upper end, from today",100000.0;0.0;0.15,refused
prop_input_power,"prop_jet_power at zero, from today",0.0;0.0;0.15,0.0
prop_input_power,"prop_jet_power at not a number, from today",NaN;0.0;0.15,refused
prop_input_power,"prop_ionisation_power at lower end, from today",0.0;0.0;0.15,0.0
prop_input_power,"prop_ionisation_power at upper end, from today",0.0;100000.0;0.15,refused
prop_input_power,"prop_ionisation_power at zero, from today",0.0;0.0;0.15,0.0
prop_input_power,"prop_ionisation_power at not a number, from today",0.0;NaN;0.15,refused
prop_input_power,"prop_other_losses at lower end, from today",0.0;0.0;0.0,0.0
prop_input_power,"prop_other_losses at upper end, from today",0.0;0.0;0.6,0.0
prop_input_power,"prop_other_losses at zero, from today",0.0;0.0;0.0,0.0
prop_input_power,"prop_other_losses at not a number, from today",0.0;0.0;NaN,refused
prop_input_power,"prop_jet_power at lower end, from the middle",0.0;50000.0;0.3,71428.57142857143
prop_input_power,"prop_jet_power at upper end, from the middle",100000.0;50000.0;0.3,refused
prop_input_power,"prop_jet_power at zero, from the middle",0.0;50000.0;0.3,71428.57142857143
prop_input_power,"prop_jet_power at not a number, from the middle",NaN;50000.0;0.3,refused
prop_input_power,"prop_ionisation_power at lower end, from the middle",50000.0;0.0;0.3,71428.57142857143
prop_input_power,"prop_ionisation_power at upper end, from the middle",50000.0;100000.0;0.3,refused
prop_input_power,"prop_ionisation_power at zero, from the middle",50000.0;0.0;0.3,71428.57142857143
prop_input_power,"prop_ionisation_power at not a number, from the middle",50000.0;NaN;0.3,refused
prop_input_power,"prop_other_losses at lower end, from the middle",50000.0;50000.0;0.0,100000.0
prop_input_power,"prop_other_losses at upper end, from the middle",50000.0;50000.0;0.6,refused
prop_input_power,"prop_other_losses at zero, from the middle",50000.0;50000.0;0.0,100000.0
prop_input_power,"prop_other_losses at not a number, from the middle",50000.0;50000.0;NaN,refused
prop_ion_flow,"today",0.0;0.4,0.0
prop_ion_flow,"the middle of every range",4.9999999999999996e-6;0.5,2.4999999999999998e-6
prop_ion_flow,"prop_collected_flow at lower end, from today",0.0;0.4,0.0
prop_ion_flow,"prop_collected_flow at upper end, from today",9.999999999999999e-6;0.4,4e-6
prop_ion_flow,"prop_collected_flow at zero, from today",0.0;0.4,0.0
prop_ion_flow,"prop_collected_flow at not a number, from today",NaN;0.4,refused
prop_ion_flow,"prop_utilisation at lower end, from today",0.0;0.05,0.0
prop_ion_flow,"prop_utilisation at upper end, from today",0.0;0.95,0.0
prop_ion_flow,"prop_utilisation at zero, from today",0.0;0.0,0.0
prop_ion_flow,"prop_utilisation at not a number, from today",0.0;NaN,refused
prop_ion_flow,"prop_collected_flow at lower end, from the middle",0.0;0.5,0.0
prop_ion_flow,"prop_collected_flow at upper end, from the middle",9.999999999999999e-6;0.5,4.9999999999999996e-6
prop_ion_flow,"prop_collected_flow at zero, from the middle",0.0;0.5,0.0
prop_ion_flow,"prop_collected_flow at not a number, from the middle",NaN;0.5,refused
prop_ion_flow,"prop_utilisation at lower end, from the middle",4.9999999999999996e-6;0.05,2.5e-7
prop_ion_flow,"prop_utilisation at upper end, from the middle",4.9999999999999996e-6;0.95,4.749999999999999e-6
prop_ion_flow,"prop_utilisation at zero, from the middle",4.9999999999999996e-6;0.0,0.0
prop_ion_flow,"prop_utilisation at not a number, from the middle",4.9999999999999996e-6;NaN,refused
prop_ionisation_power,"today",0.0;0.0;250.0,refused
prop_ionisation_power,"the middle of every range",4.9999999999999996e-6;0.016;510.0,15377.349807152532
prop_ionisation_power,"prop_ion_flow at lower end, from today",0.0;0.0;250.0,refused
prop_ionisation_power,"prop_ion_flow at upper end, from today",9.999999999999999e-6;0.0;250.0,refused
prop_ionisation_power,"prop_ion_flow at zero, from today",0.0;0.0;250.0,refused
prop_ionisation_power,"prop_ion_flow at not a number, from today",NaN;0.0;250.0,refused
prop_ionisation_power,"env_mean_molar_mass at lower end, from today",0.0;0.002;250.0,0.0
prop_ionisation_power,"env_mean_molar_mass at upper end, from today",0.0;0.03;250.0,0.0
prop_ionisation_power,"env_mean_molar_mass at zero, from today",0.0;0.0;250.0,refused
prop_ionisation_power,"env_mean_molar_mass at not a number, from today",0.0;NaN;250.0,refused
prop_ionisation_power,"prop_ionisation_cost at lower end, from today",0.0;0.0;20.0,refused
prop_ionisation_power,"prop_ionisation_cost at upper end, from today",0.0;0.0;1000.0,refused
prop_ionisation_power,"prop_ionisation_cost at zero, from today",0.0;0.0;0.0,refused
prop_ionisation_power,"prop_ionisation_cost at not a number, from today",0.0;0.0;NaN,refused
prop_ionisation_power,"prop_ion_flow at lower end, from the middle",0.0;0.016;510.0,0.0
prop_ionisation_power,"prop_ion_flow at upper end, from the middle",9.999999999999999e-6;0.016;510.0,30754.699614305064
prop_ionisation_power,"prop_ion_flow at zero, from the middle",0.0;0.016;510.0,0.0
prop_ionisation_power,"prop_ion_flow at not a number, from the middle",NaN;0.016;510.0,refused
prop_ionisation_power,"env_mean_molar_mass at lower end, from the middle",4.9999999999999996e-6;0.002;510.0,refused
prop_ionisation_power,"env_mean_molar_mass at upper end, from the middle",4.9999999999999996e-6;0.03;510.0,8201.253230481352
prop_ionisation_power,"env_mean_molar_mass at zero, from the middle",4.9999999999999996e-6;0.0;510.0,refused
prop_ionisation_power,"env_mean_molar_mass at not a number, from the middle",4.9999999999999996e-6;NaN;510.0,refused
prop_ionisation_power,"prop_ionisation_cost at lower end, from the middle",4.9999999999999996e-6;0.016;20.0,603.0333257706875
prop_ionisation_power,"prop_ionisation_cost at upper end, from the middle",4.9999999999999996e-6;0.016;1000.0,30151.666288534376
prop_ionisation_power,"prop_ionisation_cost at zero, from the middle",4.9999999999999996e-6;0.016;0.0,0.0
prop_ionisation_power,"prop_ionisation_cost at not a number, from the middle",4.9999999999999996e-6;0.016;NaN,refused
prop_jet_power,"today",0.0;0.0,refused
prop_jet_power,"the middle of every range",0.5;4.9999999999999996e-6,25000.000000000004
prop_jet_power,"prop_thrust at lower end, from today",0.0;0.0,refused
prop_jet_power,"prop_thrust at upper end, from today",1.0;0.0,refused
prop_jet_power,"prop_thrust at zero, from today",0.0;0.0,refused
prop_jet_power,"prop_thrust at not a number, from today",NaN;0.0,refused
prop_jet_power,"prop_ion_flow at lower end, from today",0.0;0.0,refused
prop_jet_power,"prop_ion_flow at upper end, from today",0.0;9.999999999999999e-6,0.0
prop_jet_power,"prop_ion_flow at zero, from today",0.0;0.0,refused
prop_jet_power,"prop_ion_flow at not a number, from today",0.0;NaN,refused
prop_jet_power,"prop_thrust at lower end, from the middle",0.0;4.9999999999999996e-6,0.0
prop_jet_power,"prop_thrust at upper end, from the middle",1.0;4.9999999999999996e-6,refused
prop_jet_power,"prop_thrust at zero, from the middle",0.0;4.9999999999999996e-6,0.0
prop_jet_power,"prop_thrust at not a number, from the middle",NaN;4.9999999999999996e-6,refused
prop_jet_power,"prop_ion_flow at lower end, from the middle",0.5;0.0,refused
prop_jet_power,"prop_ion_flow at upper end, from the middle",0.5;9.999999999999999e-6,12500.000000000002
prop_jet_power,"prop_ion_flow at zero, from the middle",0.5;0.0,refused
prop_jet_power,"prop_ion_flow at not a number, from the middle",0.5;NaN,refused
prop_specific_impulse,"today",0.0;0.0,refused
prop_specific_impulse,"the middle of every range",0.5;4.9999999999999996e-6,10197.162129779284
prop_specific_impulse,"prop_thrust at lower end, from today",0.0;0.0,refused
prop_specific_impulse,"prop_thrust at upper end, from today",1.0;0.0,refused
prop_specific_impulse,"prop_thrust at zero, from today",0.0;0.0,refused
prop_specific_impulse,"prop_thrust at not a number, from today",NaN;0.0,refused
prop_specific_impulse,"prop_collected_flow at lower end, from today",0.0;0.0,refused
prop_specific_impulse,"prop_collected_flow at upper end, from today",0.0;9.999999999999999e-6,refused
prop_specific_impulse,"prop_collected_flow at zero, from today",0.0;0.0,refused
prop_specific_impulse,"prop_collected_flow at not a number, from today",0.0;NaN,refused
prop_specific_impulse,"prop_thrust at lower end, from the middle",0.0;4.9999999999999996e-6,refused
prop_specific_impulse,"prop_thrust at upper end, from the middle",1.0;4.9999999999999996e-6,20394.32425955857
prop_specific_impulse,"prop_thrust at zero, from the middle",0.0;4.9999999999999996e-6,refused
prop_specific_impulse,"prop_thrust at not a number, from the middle",NaN;4.9999999999999996e-6,refused
prop_specific_impulse,"prop_collected_flow at lower end, from the middle",0.5;0.0,refused
prop_specific_impulse,"prop_collected_flow at upper end, from the middle",0.5;9.999999999999999e-6,5098.581064889642
prop_specific_impulse,"prop_collected_flow at zero, from the middle",0.5;0.0,refused
prop_specific_impulse,"prop_collected_flow at not a number, from the middle",0.5;NaN,refused
prop_throttle,"today",0.0;0.0;120.0;35.0;8.0;15.0;0.06,0.0
prop_throttle,"the middle of every range",25000.0;50000.0;1500.0;252.5;4.47213595499958;150.0;0.125,0.4570931269410125
prop_throttle,"pwr_available at lower end, from today",0.0;0.0;120.0;35.0;8.0;15.0;0.06,0.0
prop_throttle,"pwr_available at upper end, from today",50000.0;0.0;120.0;35.0;8.0;15.0;0.06,0.0
prop_throttle,"pwr_available at zero, from today",0.0;0.0;120.0;35.0;8.0;15.0;0.06,0.0
prop_throttle,"pwr_available at not a number, from today",NaN;0.0;120.0;35.0;8.0;15.0;0.06,0.0
prop_throttle,"prop_bus_power at lower end, from today",0.0;0.0;120.0;35.0;8.0;15.0;0.06,0.0
prop_throttle,"prop_bus_power at upper end, from today",0.0;100000.0;120.0;35.0;8.0;15.0;0.06,0.0
prop_throttle,"prop_bus_power at zero, from today",0.0;0.0;120.0;35.0;8.0;15.0;0.06,0.0
prop_throttle,"prop_bus_power at not a number, from today",0.0;NaN;120.0;35.0;8.0;15.0;0.06,refused
prop_throttle,"pay_power at lower end, from today",0.0;0.0;0.0;35.0;8.0;15.0;0.06,0.0
prop_throttle,"pay_power at upper end, from today",0.0;0.0;3000.0;35.0;8.0;15.0;0.06,0.0
prop_throttle,"pay_power at zero, from today",0.0;0.0;0.0;35.0;8.0;15.0;0.06,0.0
prop_throttle,"pay_power at not a number, from today",0.0;0.0;NaN;35.0;8.0;15.0;0.06,0.0
prop_throttle,"pwr_avionics_load at lower end, from today",0.0;0.0;120.0;5.0;8.0;15.0;0.06,0.0
prop_throttle,"pwr_avionics_load at upper end, from today",0.0;0.0;120.0;500.0;8.0;15.0;0.06,0.0
prop_throttle,"pwr_avionics_load at zero, from today",0.0;0.0;120.0;0.0;8.0;15.0;0.06,0.0
prop_throttle,"pwr_avionics_load at not a number, from today",0.0;0.0;120.0;NaN;8.0;15.0;0.06,0.0
prop_throttle,"com_tx_power at lower end, from today",0.0;0.0;120.0;35.0;0.1;15.0;0.06,0.0
prop_throttle,"com_tx_power at upper end, from today",0.0;0.0;120.0;35.0;200.0;15.0;0.06,0.0
prop_throttle,"com_tx_power at zero, from today",0.0;0.0;120.0;35.0;0.0;15.0;0.06,0.0
prop_throttle,"com_tx_power at not a number, from today",0.0;0.0;120.0;35.0;NaN;15.0;0.06,0.0
prop_throttle,"pwr_thermal_load at lower end, from today",0.0;0.0;120.0;35.0;8.0;0.0;0.06,0.0
prop_throttle,"pwr_thermal_load at upper end, from today",0.0;0.0;120.0;35.0;8.0;300.0;0.06,0.0
prop_throttle,"pwr_thermal_load at zero, from today",0.0;0.0;120.0;35.0;8.0;0.0;0.06,0.0
prop_throttle,"pwr_thermal_load at not a number, from today",0.0;0.0;120.0;35.0;8.0;NaN;0.06,0.0
prop_throttle,"pwr_harness_loss at lower end, from today",0.0;0.0;120.0;35.0;8.0;15.0;0.0,0.0
prop_throttle,"pwr_harness_loss at upper end, from today",0.0;0.0;120.0;35.0;8.0;15.0;0.25,0.0
prop_throttle,"pwr_harness_loss at zero, from today",0.0;0.0;120.0;35.0;8.0;15.0;0.0,0.0
prop_throttle,"pwr_harness_loss at not a number, from today",0.0;0.0;120.0;35.0;8.0;15.0;NaN,0.0
prop_throttle,"pwr_available at lower end, from the middle",0.0;50000.0;1500.0;252.5;4.47213595499958;150.0;0.125,0.0
prop_throttle,"pwr_available at upper end, from the middle",50000.0;50000.0;1500.0;252.5;4.47213595499958;150.0;0.125,0.9570931269410125
prop_throttle,"pwr_available at zero, from the middle",0.0;50000.0;1500.0;252.5;4.47213595499958;150.0;0.125,0.0
prop_throttle,"pwr_available at not a number, from the middle",NaN;50000.0;1500.0;252.5;4.47213595499958;150.0;0.125,refused
prop_throttle,"prop_bus_power at lower end, from the middle",25000.0;0.0;1500.0;252.5;4.47213595499958;150.0;0.125,0.0
prop_throttle,"prop_bus_power at upper end, from the middle",25000.0;100000.0;1500.0;252.5;4.47213595499958;150.0;0.125,0.22854656347050625
prop_throttle,"prop_bus_power at zero, from the middle",25000.0;0.0;1500.0;252.5;4.47213595499958;150.0;0.125,0.0
prop_throttle,"prop_bus_power at not a number, from the middle",25000.0;NaN;1500.0;252.5;4.47213595499958;150.0;0.125,refused
prop_throttle,"pay_power at lower end, from the middle",25000.0;50000.0;0.0;252.5;4.47213595499958;150.0;0.125,0.4908431269410125
prop_throttle,"pay_power at upper end, from the middle",25000.0;50000.0;3000.0;252.5;4.47213595499958;150.0;0.125,0.4233431269410125
prop_throttle,"pay_power at zero, from the middle",25000.0;50000.0;0.0;252.5;4.47213595499958;150.0;0.125,0.4908431269410125
prop_throttle,"pay_power at not a number, from the middle",25000.0;50000.0;NaN;252.5;4.47213595499958;150.0;0.125,refused
prop_throttle,"pwr_avionics_load at lower end, from the middle",25000.0;50000.0;1500.0;5.0;4.47213595499958;150.0;0.125,0.4626618769410125
prop_throttle,"pwr_avionics_load at upper end, from the middle",25000.0;50000.0;1500.0;500.0;4.47213595499958;150.0;0.125,0.45152437694101255
prop_throttle,"pwr_avionics_load at zero, from the middle",25000.0;50000.0;1500.0;0.0;4.47213595499958;150.0;0.125,0.46277437694101253
prop_throttle,"pwr_avionics_load at not a number, from the middle",25000.0;50000.0;1500.0;NaN;4.47213595499958;150.0;0.125,refused
prop_throttle,"com_tx_power at lower end, from the middle",25000.0;50000.0;1500.0;252.5;0.1;150.0;0.125,0.45719150000000003
prop_throttle,"com_tx_power at upper end, from the middle",25000.0;50000.0;1500.0;252.5;200.0;150.0;0.125,0.45269375
prop_throttle,"com_tx_power at zero, from the middle",25000.0;50000.0;1500.0;252.5;0.0;150.0;0.125,0.45719375
prop_throttle,"com_tx_power at not a number, from the middle",25000.0;50000.0;1500.0;252.5;NaN;150.0;0.125,refused
prop_throttle,"pwr_thermal_load at lower end, from the middle",25000.0;50000.0;1500.0;252.5;4.47213595499958;0.0;0.125,0.4604681269410125
prop_throttle,"pwr_thermal_load at upper end, from the middle",25000.0;50000.0;1500.0;252.5;4.47213595499958;300.0;0.125,0.45371812694101255
prop_throttle,"pwr_thermal_load at zero, from the middle",25000.0;50000.0;1500.0;252.5;4.47213595499958;0.0;0.125,0.4604681269410125
prop_throttle,"pwr_thermal_load at not a number, from the middle",25000.0;50000.0;1500.0;252.5;4.47213595499958;NaN;0.125,refused
prop_throttle,"pwr_harness_loss at lower end, from the middle",25000.0;50000.0;1500.0;252.5;4.47213595499958;150.0;0.0,0.46186055728090003
prop_throttle,"pwr_harness_loss at upper end, from the middle",25000.0;50000.0;1500.0;252.5;4.47213595499958;150.0;0.25,0.45232569660112504
prop_throttle,"pwr_harness_loss at zero, from the middle",25000.0;50000.0;1500.0;252.5;4.47213595499958;150.0;0.0,0.46186055728090003
prop_throttle,"pwr_harness_loss at not a number, from the middle",25000.0;50000.0;1500.0;252.5;4.47213595499958;150.0;NaN,refused
prop_thrust,"today",0.0;0.0;0.97;0.97,0.0
prop_thrust,"the middle of every range",4.9999999999999996e-6;22360.679774997898;0.85;0.9,0.08552960013936696
prop_thrust,"prop_ion_flow at lower end, from today",0.0;0.0;0.97;0.97,0.0
prop_thrust,"prop_ion_flow at upper end, from today",9.999999999999999e-6;0.0;0.97;0.97,0.0
prop_thrust,"prop_ion_flow at zero, from today",0.0;0.0;0.97;0.97,0.0
prop_thrust,"prop_ion_flow at not a number, from today",NaN;0.0;0.97;0.97,refused
prop_thrust,"prop_exhaust_velocity at lower end, from today",0.0;1000.0;0.97;0.97,0.0
prop_thrust,"prop_exhaust_velocity at upper end, from today",0.0;500000.0;0.97;0.97,0.0
prop_thrust,"prop_exhaust_velocity at zero, from today",0.0;0.0;0.97;0.97,0.0
prop_thrust,"prop_exhaust_velocity at not a number, from today",0.0;NaN;0.97;0.97,refused
prop_thrust,"prop_div_efficiency at lower end, from today",0.0;0.0;0.7;0.97,0.0
prop_thrust,"prop_div_efficiency at upper end, from today",0.0;0.0;1.0;0.97,0.0
prop_thrust,"prop_div_efficiency at zero, from today",0.0;0.0;0.0;0.97,0.0
prop_thrust,"prop_div_efficiency at not a number, from today",0.0;0.0;NaN;0.97,refused
prop_thrust,"prop_double_ion_factor at lower end, from today",0.0;0.0;0.97;0.8,0.0
prop_thrust,"prop_double_ion_factor at upper end, from today",0.0;0.0;0.97;1.0,0.0
prop_thrust,"prop_double_ion_factor at zero, from today",0.0;0.0;0.97;0.0,0.0
prop_thrust,"prop_double_ion_factor at not a number, from today",0.0;0.0;0.97;NaN,refused
prop_thrust,"prop_ion_flow at lower end, from the middle",0.0;22360.679774997898;0.85;0.9,0.0
prop_thrust,"prop_ion_flow at upper end, from the middle",9.999999999999999e-6;22360.679774997898;0.85;0.9,0.17105920027873392
prop_thrust,"prop_ion_flow at zero, from the middle",0.0;22360.679774997898;0.85;0.9,0.0
prop_thrust,"prop_ion_flow at not a number, from the middle",NaN;22360.679774997898;0.85;0.9,refused
prop_thrust,"prop_exhaust_velocity at lower end, from the middle",4.9999999999999996e-6;1000.0;0.85;0.9,0.0038249999999999994
prop_thrust,"prop_exhaust_velocity at upper end, from the middle",4.9999999999999996e-6;500000.0;0.85;0.9,refused
prop_thrust,"prop_exhaust_velocity at zero, from the middle",4.9999999999999996e-6;0.0;0.85;0.9,0.0
prop_thrust,"prop_exhaust_velocity at not a number, from the middle",4.9999999999999996e-6;NaN;0.85;0.9,refused
prop_thrust,"prop_div_efficiency at lower end, from the middle",4.9999999999999996e-6;22360.679774997898;0.7;0.9,0.07043614129124337
prop_thrust,"prop_div_efficiency at upper end, from the middle",4.9999999999999996e-6;22360.679774997898;1.0;0.9,0.10062305898749054
prop_thrust,"prop_div_efficiency at zero, from the middle",4.9999999999999996e-6;22360.679774997898;0.0;0.9,0.0
prop_thrust,"prop_div_efficiency at not a number, from the middle",4.9999999999999996e-6;22360.679774997898;NaN;0.9,refused
prop_thrust,"prop_double_ion_factor at lower end, from the middle",4.9999999999999996e-6;22360.679774997898;0.85;0.8,0.07602631123499286
prop_thrust,"prop_double_ion_factor at upper end, from the middle",4.9999999999999996e-6;22360.679774997898;0.85;1.0,0.09503288904374106
prop_thrust,"prop_double_ion_factor at zero, from the middle",4.9999999999999996e-6;22360.679774997898;0.85;0.0,0.0
prop_thrust,"prop_double_ion_factor at not a number, from the middle",4.9999999999999996e-6;22360.679774997898;0.85;NaN,refused
prop_thrust_to_drag,"today",0.0;0.0,refused
prop_thrust_to_drag,"the middle of every range",0.5;5.0,0.1
prop_thrust_to_drag,"prop_delivered_thrust at lower end, from today",0.0;0.0,refused
prop_thrust_to_drag,"prop_delivered_thrust at upper end, from today",1.0;0.0,refused
prop_thrust_to_drag,"prop_delivered_thrust at zero, from today",0.0;0.0,refused
prop_thrust_to_drag,"prop_delivered_thrust at not a number, from today",NaN;0.0,refused
prop_thrust_to_drag,"aero_drag_force at lower end, from today",0.0;0.0,refused
prop_thrust_to_drag,"aero_drag_force at upper end, from today",0.0;10.0,0.0
prop_thrust_to_drag,"aero_drag_force at zero, from today",0.0;0.0,refused
prop_thrust_to_drag,"aero_drag_force at not a number, from today",0.0;NaN,refused
prop_thrust_to_drag,"prop_delivered_thrust at lower end, from the middle",0.0;5.0,0.0
prop_thrust_to_drag,"prop_delivered_thrust at upper end, from the middle",1.0;5.0,0.2
prop_thrust_to_drag,"prop_delivered_thrust at zero, from the middle",0.0;5.0,0.0
prop_thrust_to_drag,"prop_delivered_thrust at not a number, from the middle",NaN;5.0,refused
prop_thrust_to_drag,"aero_drag_force at lower end, from the middle",0.5;0.0,refused
prop_thrust_to_drag,"aero_drag_force at upper end, from the middle",0.5;10.0,0.05
prop_thrust_to_drag,"aero_drag_force at zero, from the middle",0.5;0.0,refused
prop_thrust_to_drag,"aero_drag_force at not a number, from the middle",0.5;NaN,refused
prop_total_efficiency,"today",0.0;0.0,refused
prop_total_efficiency,"the middle of every range",50000.0;50000.0,1.0
prop_total_efficiency,"prop_jet_power at lower end, from today",0.0;0.0,refused
prop_total_efficiency,"prop_jet_power at upper end, from today",100000.0;0.0,refused
prop_total_efficiency,"prop_jet_power at zero, from today",0.0;0.0,refused
prop_total_efficiency,"prop_jet_power at not a number, from today",NaN;0.0,refused
prop_total_efficiency,"prop_bus_power at lower end, from today",0.0;0.0,refused
prop_total_efficiency,"prop_bus_power at upper end, from today",0.0;100000.0,0.0
prop_total_efficiency,"prop_bus_power at zero, from today",0.0;0.0,refused
prop_total_efficiency,"prop_bus_power at not a number, from today",0.0;NaN,refused
prop_total_efficiency,"prop_jet_power at lower end, from the middle",0.0;50000.0,0.0
prop_total_efficiency,"prop_jet_power at upper end, from the middle",100000.0;50000.0,refused
prop_total_efficiency,"prop_jet_power at zero, from the middle",0.0;50000.0,0.0
prop_total_efficiency,"prop_jet_power at not a number, from the middle",NaN;50000.0,refused
prop_total_efficiency,"prop_bus_power at lower end, from the middle",50000.0;0.0,refused
prop_total_efficiency,"prop_bus_power at upper end, from the middle",50000.0;100000.0,0.5
prop_total_efficiency,"prop_bus_power at zero, from the middle",50000.0;0.0,refused
prop_total_efficiency,"prop_bus_power at not a number, from the middle",50000.0;NaN,refused
pwr_array_mass,"today",6.0;2.8,16.799999999999997
pwr_array_mass,"the middle of every range",20.25;5.25,106.3125
pwr_array_mass,"pwr_array_area at lower end, from today",0.5;2.8,1.4
pwr_array_mass,"pwr_array_area at upper end, from today",40.0;2.8,112.0
pwr_array_mass,"pwr_array_area at zero, from today",0.0;2.8,0.0
pwr_array_mass,"pwr_array_area at not a number, from today",NaN;2.8,refused
pwr_array_mass,"pwr_array_areal_density at lower end, from today",6.0;0.5,3.0
pwr_array_mass,"pwr_array_areal_density at upper end, from today",6.0;10.0,60.0
pwr_array_mass,"pwr_array_areal_density at zero, from today",6.0;0.0,0.0
pwr_array_mass,"pwr_array_areal_density at not a number, from today",6.0;NaN,refused
pwr_array_mass,"pwr_array_area at lower end, from the middle",0.5;5.25,2.625
pwr_array_mass,"pwr_array_area at upper end, from the middle",40.0;5.25,210.0
pwr_array_mass,"pwr_array_area at zero, from the middle",0.0;5.25,0.0
pwr_array_mass,"pwr_array_area at not a number, from the middle",NaN;5.25,refused
pwr_array_mass,"pwr_array_areal_density at lower end, from the middle",20.25;0.5,10.125
pwr_array_mass,"pwr_array_areal_density at upper end, from the middle",20.25;10.0,202.5
pwr_array_mass,"pwr_array_areal_density at zero, from the middle",20.25;0.0,0.0
pwr_array_mass,"pwr_array_areal_density at not a number, from the middle",20.25;NaN,refused
pwr_array_power_bol,"today",6.0;0.3;0.88;0.4363323129985824,1953.8400786804984
pwr_array_power_bol,"the middle of every range",20.25;0.25;0.74;0.7417649320975901,3759.1163285369253
pwr_array_power_bol,"pwr_array_area at lower end, from today",0.5;0.3;0.88;0.4363323129985824,162.82000655670825
pwr_array_power_bol,"pwr_array_area at upper end, from today",40.0;0.3;0.88;0.4363323129985824,13025.600524536658
pwr_array_power_bol,"pwr_array_area at zero, from today",0.0;0.3;0.88;0.4363323129985824,0.0
pwr_array_power_bol,"pwr_array_area at not a number, from today",NaN;0.3;0.88;0.4363323129985824,refused
pwr_array_power_bol,"pwr_cell_efficiency at lower end, from today",6.0;0.1;0.88;0.4363323129985824,651.280026226833
pwr_array_power_bol,"pwr_cell_efficiency at upper end, from today",6.0;0.4;0.88;0.4363323129985824,2605.120104907332
pwr_array_power_bol,"pwr_cell_efficiency at zero, from today",6.0;0.0;0.88;0.4363323129985824,0.0
pwr_array_power_bol,"pwr_cell_efficiency at not a number, from today",6.0;NaN;0.88;0.4363323129985824,refused
pwr_array_power_bol,"pwr_packing at lower end, from today",6.0;0.3;0.5;0.4363323129985824,1110.1364083411925
pwr_array_power_bol,"pwr_packing at upper end, from today",6.0;0.3;0.98;0.4363323129985824,2175.867360348737
pwr_array_power_bol,"pwr_packing at zero, from today",6.0;0.3;0.0;0.4363323129985824,0.0
pwr_array_power_bol,"pwr_packing at not a number, from today",6.0;0.3;NaN;0.4363323129985824,refused
pwr_array_power_bol,"pwr_array_incidence at lower end, from today",6.0;0.3;0.88;0.0,2155.8239999999996
pwr_array_power_bol,"pwr_array_incidence at upper end, from today",6.0;0.3;0.88;1.4835298641951802,187.8924419532273
pwr_array_power_bol,"pwr_array_incidence at zero, from today",6.0;0.3;0.88;0.0,2155.8239999999996
pwr_array_power_bol,"pwr_array_incidence at not a number, from today",6.0;0.3;0.88;NaN,refused
pwr_array_power_bol,"pwr_array_area at lower end, from the middle",0.5;0.25;0.74;0.7417649320975901,92.81768712436853
pwr_array_power_bol,"pwr_array_area at upper end, from the middle",40.0;0.25;0.74;0.7417649320975901,7425.414969949482
pwr_array_power_bol,"pwr_array_area at zero, from the middle",0.0;0.25;0.74;0.7417649320975901,0.0
pwr_array_power_bol,"pwr_array_area at not a number, from the middle",NaN;0.25;0.74;0.7417649320975901,refused
pwr_array_power_bol,"pwr_cell_efficiency at lower end, from the middle",20.25;0.1;0.74;0.7417649320975901,1503.6465314147702
pwr_array_power_bol,"pwr_cell_efficiency at upper end, from the middle",20.25;0.4;0.74;0.7417649320975901,6014.586125659081
pwr_array_power_bol,"pwr_cell_efficiency at zero, from the middle",20.25;0.0;0.74;0.7417649320975901,0.0
pwr_array_power_bol,"pwr_cell_efficiency at not a number, from the middle",20.25;NaN;0.74;0.7417649320975901,refused
pwr_array_power_bol,"pwr_packing at lower end, from the middle",20.25;0.25;0.5;0.7417649320975901,2539.9434652276523
pwr_array_power_bol,"pwr_packing at upper end, from the middle",20.25;0.25;0.98;0.7417649320975901,4978.289191846198
pwr_array_power_bol,"pwr_packing at zero, from the middle",20.25;0.25;0.0;0.7417649320975901,0.0
pwr_array_power_bol,"pwr_packing at not a number, from the middle",20.25;0.25;NaN;0.7417649320975901,refused
pwr_array_power_bol,"pwr_array_incidence at lower end, from the middle",20.25;0.25;0.74;0.0,5098.64625
pwr_array_power_bol,"pwr_array_incidence at upper end, from the middle",20.25;0.25;0.74;1.4835298641951802,444.3763009263118
pwr_array_power_bol,"pwr_array_incidence at zero, from the middle",20.25;0.25;0.74;0.0,5098.64625
pwr_array_power_bol,"pwr_array_incidence at not a number, from the middle",20.25;0.25;0.74;NaN,refused
pwr_array_power_eol,"today",0.0;0.0;0.0,0.0
pwr_array_power_eol,"the middle of every range",25000.0;0.5;0.75,9375.0
pwr_array_power_eol,"pwr_array_power_bol at lower end, from today",0.0;0.0;0.0,0.0
pwr_array_power_eol,"pwr_array_power_bol at upper end, from today",50000.0;0.0;0.0,0.0
pwr_array_power_eol,"pwr_array_power_bol at zero, from today",0.0;0.0;0.0,0.0
pwr_array_power_eol,"pwr_array_power_bol at not a number, from today",NaN;0.0;0.0,refused
pwr_array_power_eol,"pwr_degradation at lower end, from today",0.0;0.0;0.0,0.0
pwr_array_power_eol,"pwr_degradation at upper end, from today",0.0;1.0;0.0,0.0
pwr_array_power_eol,"pwr_degradation at zero, from today",0.0;0.0;0.0,0.0
pwr_array_power_eol,"pwr_degradation at not a number, from today",0.0;NaN;0.0,refused
pwr_array_power_eol,"pwr_cell_derating at lower end, from today",0.0;0.0;0.0,0.0
pwr_array_power_eol,"pwr_cell_derating at upper end, from today",0.0;0.0;1.5,0.0
pwr_array_power_eol,"pwr_cell_derating at zero, from today",0.0;0.0;0.0,0.0
pwr_array_power_eol,"pwr_cell_derating at not a number, from today",0.0;0.0;NaN,refused
pwr_array_power_eol,"pwr_array_power_bol at lower end, from the middle",0.0;0.5;0.75,0.0
pwr_array_power_eol,"pwr_array_power_bol at upper end, from the middle",50000.0;0.5;0.75,18750.0
pwr_array_power_eol,"pwr_array_power_bol at zero, from the middle",0.0;0.5;0.75,0.0
pwr_array_power_eol,"pwr_array_power_bol at not a number, from the middle",NaN;0.5;0.75,refused
pwr_array_power_eol,"pwr_degradation at lower end, from the middle",25000.0;0.0;0.75,0.0
pwr_array_power_eol,"pwr_degradation at upper end, from the middle",25000.0;1.0;0.75,18750.0
pwr_array_power_eol,"pwr_degradation at zero, from the middle",25000.0;0.0;0.75,0.0
pwr_array_power_eol,"pwr_degradation at not a number, from the middle",25000.0;NaN;0.75,refused
pwr_array_power_eol,"pwr_cell_derating at lower end, from the middle",25000.0;0.5;0.0,0.0
pwr_array_power_eol,"pwr_cell_derating at upper end, from the middle",25000.0;0.5;1.5,18750.0
pwr_array_power_eol,"pwr_cell_derating at zero, from the middle",25000.0;0.5;0.0,0.0
pwr_array_power_eol,"pwr_cell_derating at not a number, from the middle",25000.0;0.5;NaN,refused
pwr_available,"today",0.0;0.0;0.92,0.0
pwr_available,"the middle of every range",25000.0;0.225;0.7949999999999999,23042.03125
pwr_available,"pwr_array_power_eol at lower end, from today",0.0;0.0;0.92,0.0
pwr_available,"pwr_array_power_eol at upper end, from today",50000.0;0.0;0.92,48500.0
pwr_available,"pwr_array_power_eol at zero, from today",0.0;0.0;0.92,0.0
pwr_available,"pwr_array_power_eol at not a number, from today",NaN;0.0;0.92,refused
pwr_available,"orbit_eclipse_fraction at lower end, from today",0.0;0.0;0.92,0.0
pwr_available,"orbit_eclipse_fraction at upper end, from today",0.0;0.45;0.92,0.0
pwr_available,"orbit_eclipse_fraction at zero, from today",0.0;0.0;0.92,0.0
pwr_available,"orbit_eclipse_fraction at not a number, from today",0.0;NaN;0.92,refused
pwr_available,"pwr_discharge_efficiency at lower end, from today",0.0;0.0;0.6,0.0
pwr_available,"pwr_discharge_efficiency at upper end, from today",0.0;0.0;0.99,0.0
pwr_available,"pwr_discharge_efficiency at zero, from today",0.0;0.0;0.0,0.0
pwr_available,"pwr_discharge_efficiency at not a number, from today",0.0;0.0;NaN,refused
pwr_available,"pwr_array_power_eol at lower end, from the middle",0.0;0.225;0.7949999999999999,0.0
pwr_available,"pwr_array_power_eol at upper end, from the middle",50000.0;0.225;0.7949999999999999,46084.0625
pwr_available,"pwr_array_power_eol at zero, from the middle",0.0;0.225;0.7949999999999999,0.0
pwr_available,"pwr_array_power_eol at not a number, from the middle",NaN;0.225;0.7949999999999999,refused
pwr_available,"orbit_eclipse_fraction at lower end, from the middle",25000.0;0.0;0.7949999999999999,24250.0
pwr_available,"orbit_eclipse_fraction at upper end, from the middle",25000.0;0.45;0.7949999999999999,21834.0625
pwr_available,"orbit_eclipse_fraction at zero, from the middle",25000.0;0.0;0.7949999999999999,24250.0
pwr_available,"orbit_eclipse_fraction at not a number, from the middle",25000.0;NaN;0.7949999999999999,refused
pwr_available,"pwr_discharge_efficiency at lower end, from the middle",25000.0;0.225;0.6,22000.0
pwr_available,"pwr_discharge_efficiency at upper end, from the middle",25000.0;0.225;0.99,24084.0625
pwr_available,"pwr_discharge_efficiency at zero, from the middle",25000.0;0.225;0.0,18793.75
pwr_available,"pwr_discharge_efficiency at not a number, from the middle",25000.0;0.225;NaN,refused
pwr_battery_cycles,"today",157788000.0;0.0,refused
pwr_battery_cycles,"the middle of every range",244571400.0;5610.0,43595.61497326203
pwr_battery_cycles,"orbit_mission_duration at lower end, from today",15778800.0;0.0,refused
pwr_battery_cycles,"orbit_mission_duration at upper end, from today",473364000.0;0.0,refused
pwr_battery_cycles,"orbit_mission_duration at zero, from today",0.0;0.0,refused
pwr_battery_cycles,"orbit_mission_duration at not a number, from today",NaN;0.0,refused
pwr_battery_cycles,"orbit_period at lower end, from today",157788000.0;4980.0,31684.33734939759
pwr_battery_cycles,"orbit_period at upper end, from today",157788000.0;6240.0,25286.53846153846
pwr_battery_cycles,"orbit_period at zero, from today",157788000.0;0.0,refused
pwr_battery_cycles,"orbit_period at not a number, from today",157788000.0;NaN,refused
pwr_battery_cycles,"orbit_mission_duration at lower end, from the middle",15778800.0;5610.0,2812.620320855615
pwr_battery_cycles,"orbit_mission_duration at upper end, from the middle",473364000.0;5610.0,84378.60962566845
pwr_battery_cycles,"orbit_mission_duration at zero, from the middle",0.0;5610.0,0.0
pwr_battery_cycles,"orbit_mission_duration at not a number, from the middle",NaN;5610.0,refused
pwr_battery_cycles,"orbit_period at lower end, from the middle",244571400.0;4980.0,49110.72289156626
pwr_battery_cycles,"orbit_period at upper end, from the middle",244571400.0;6240.0,39194.13461538462
pwr_battery_cycles,"orbit_period at zero, from the middle",244571400.0;0.0,refused
pwr_battery_cycles,"orbit_period at not a number, from the middle",244571400.0;NaN,refused
pwr_battery_energy,"today",0.0;0.0;0.0;0.2;0.92,0.0
pwr_battery_energy,"the middle of every range",25000.0;0.225;5610.0;0.42500000000000004;0.7949999999999999,93396226.41509435
pwr_battery_energy,"pwr_demand at lower end, from today",0.0;0.0;0.0;0.2;0.92,0.0
pwr_battery_energy,"pwr_demand at upper end, from today",50000.0;0.0;0.0;0.2;0.92,0.0
pwr_battery_energy,"pwr_demand at zero, from today",0.0;0.0;0.0;0.2;0.92,0.0
pwr_battery_energy,"pwr_demand at not a number, from today",NaN;0.0;0.0;0.2;0.92,refused
pwr_battery_energy,"orbit_eclipse_fraction at lower end, from today",0.0;0.0;0.0;0.2;0.92,0.0
pwr_battery_energy,"orbit_eclipse_fraction at upper end, from today",0.0;0.45;0.0;0.2;0.92,0.0
pwr_battery_energy,"orbit_eclipse_fraction at zero, from today",0.0;0.0;0.0;0.2;0.92,0.0
pwr_battery_energy,"orbit_eclipse_fraction at not a number, from today",0.0;NaN;0.0;0.2;0.92,refused
pwr_battery_energy,"orbit_period at lower end, from today",0.0;0.0;4980.0;0.2;0.92,0.0
pwr_battery_energy,"orbit_period at upper end, from today",0.0;0.0;6240.0;0.2;0.92,0.0
pwr_battery_energy,"orbit_period at zero, from today",0.0;0.0;0.0;0.2;0.92,0.0
pwr_battery_energy,"orbit_period at not a number, from today",0.0;0.0;NaN;0.2;0.92,refused
pwr_battery_energy,"pwr_dod at lower end, from today",0.0;0.0;0.0;0.05;0.92,0.0
pwr_battery_energy,"pwr_dod at upper end, from today",0.0;0.0;0.0;0.8;0.92,0.0
pwr_battery_energy,"pwr_dod at zero, from today",0.0;0.0;0.0;0.0;0.92,refused
pwr_battery_energy,"pwr_dod at not a number, from today",0.0;0.0;0.0;NaN;0.92,refused
pwr_battery_energy,"pwr_discharge_efficiency at lower end, from today",0.0;0.0;0.0;0.2;0.6,0.0
pwr_battery_energy,"pwr_discharge_efficiency at upper end, from today",0.0;0.0;0.0;0.2;0.99,0.0
pwr_battery_energy,"pwr_discharge_efficiency at zero, from today",0.0;0.0;0.0;0.2;0.0,refused
pwr_battery_energy,"pwr_discharge_efficiency at not a number, from today",0.0;0.0;0.0;0.2;NaN,refused
pwr_battery_energy,"pwr_demand at lower end, from the middle",0.0;0.225;5610.0;0.42500000000000004;0.7949999999999999,0.0
pwr_battery_energy,"pwr_demand at upper end, from the middle",50000.0;0.225;5610.0;0.42500000000000004;0.7949999999999999,refused
pwr_battery_energy,"pwr_demand at zero, from the middle",0.0;0.225;5610.0;0.42500000000000004;0.7949999999999999,0.0
pwr_battery_energy,"pwr_demand at not a number, from the middle",NaN;0.225;5610.0;0.42500000000000004;0.7949999999999999,refused
pwr_battery_energy,"orbit_eclipse_fraction at lower end, from the middle",25000.0;0.0;5610.0;0.42500000000000004;0.7949999999999999,0.0
pwr_battery_energy,"orbit_eclipse_fraction at upper end, from the middle",25000.0;0.45;5610.0;0.42500000000000004;0.7949999999999999,refused
pwr_battery_energy,"orbit_eclipse_fraction at zero, from the middle",25000.0;0.0;5610.0;0.42500000000000004;0.7949999999999999,0.0
pwr_battery_energy,"orbit_eclipse_fraction at not a number, from the middle",25000.0;NaN;5610.0;0.42500000000000004;0.7949999999999999,refused
pwr_battery_energy,"orbit_period at lower end, from the middle",25000.0;0.225;4980.0;0.42500000000000004;0.7949999999999999,82907880.13318536
pwr_battery_energy,"orbit_period at upper end, from the middle",25000.0;0.225;6240.0;0.42500000000000004;0.7949999999999999,refused
pwr_battery_energy,"orbit_period at zero, from the middle",25000.0;0.225;0.0;0.42500000000000004;0.7949999999999999,0.0
pwr_battery_energy,"orbit_period at not a number, from the middle",25000.0;0.225;NaN;0.42500000000000004;0.7949999999999999,refused
pwr_battery_energy,"pwr_dod at lower end, from the middle",25000.0;0.225;5610.0;0.05;0.7949999999999999,refused
pwr_battery_energy,"pwr_dod at upper end, from the middle",25000.0;0.225;5610.0;0.8;0.7949999999999999,49616745.283018865
pwr_battery_energy,"pwr_dod at zero, from the middle",25000.0;0.225;5610.0;0.0;0.7949999999999999,refused
pwr_battery_energy,"pwr_dod at not a number, from the middle",25000.0;0.225;5610.0;NaN;0.7949999999999999,refused
pwr_battery_energy,"pwr_discharge_efficiency at lower end, from the middle",25000.0;0.225;5610.0;0.42500000000000004;0.6,refused
pwr_battery_energy,"pwr_discharge_efficiency at upper end, from the middle",25000.0;0.225;5610.0;0.42500000000000004;0.99,75000000.0
pwr_battery_energy,"pwr_discharge_efficiency at zero, from the middle",25000.0;0.225;5610.0;0.42500000000000004;0.0,refused
pwr_battery_energy,"pwr_discharge_efficiency at not a number, from the middle",25000.0;0.225;5610.0;0.42500000000000004;NaN,refused
pwr_battery_mass,"today",0.0;150.0,0.0
pwr_battery_mass,"the middle of every range",50000400.0;200.0,69.445
pwr_battery_mass,"pwr_battery_energy at lower end, from today",0.0;150.0,0.0
pwr_battery_mass,"pwr_battery_energy at upper end, from today",100000800.0;150.0,185.18666666666667
pwr_battery_mass,"pwr_battery_energy at zero, from today",0.0;150.0,0.0
pwr_battery_mass,"pwr_battery_energy at not a number, from today",NaN;150.0,refused
pwr_battery_mass,"pwr_battery_specific_energy at lower end, from today",0.0;50.0,0.0
pwr_battery_mass,"pwr_battery_specific_energy at upper end, from today",0.0;350.0,0.0
pwr_battery_mass,"pwr_battery_specific_energy at zero, from today",0.0;0.0,refused
pwr_battery_mass,"pwr_battery_specific_energy at not a number, from today",0.0;NaN,refused
pwr_battery_mass,"pwr_battery_energy at lower end, from the middle",0.0;200.0,0.0
pwr_battery_mass,"pwr_battery_energy at upper end, from the middle",100000800.0;200.0,138.89
pwr_battery_mass,"pwr_battery_energy at zero, from the middle",0.0;200.0,0.0
pwr_battery_mass,"pwr_battery_energy at not a number, from the middle",NaN;200.0,refused
pwr_battery_mass,"pwr_battery_specific_energy at lower end, from the middle",50000400.0;50.0,277.78
pwr_battery_mass,"pwr_battery_specific_energy at upper end, from the middle",50000400.0;350.0,39.682857142857145
pwr_battery_mass,"pwr_battery_specific_energy at zero, from the middle",50000400.0;0.0,refused
pwr_battery_mass,"pwr_battery_specific_energy at not a number, from the middle",50000400.0;NaN,refused
pwr_cell_derating,"today",-0.0025;0.0,refused
pwr_cell_derating,"the middle of every range",-0.005;550.0,0.3
pwr_cell_derating,"pwr_cell_temperature_coefficient at lower end, from today",-0.01;0.0,refused
pwr_cell_derating,"pwr_cell_temperature_coefficient at upper end, from today",0.0;0.0,1.0
pwr_cell_derating,"pwr_cell_temperature_coefficient at zero, from today",0.0;0.0,1.0
pwr_cell_derating,"pwr_cell_temperature_coefficient at not a number, from today",NaN;0.0,refused
pwr_cell_derating,"thm_equilibrium_temperature at lower end, from today",-0.0025;100.0,1.495375
pwr_cell_derating,"thm_equilibrium_temperature at upper end, from today",-0.0025;1000.0,0.3
pwr_cell_derating,"thm_equilibrium_temperature at zero, from today",-0.0025;0.0,refused
pwr_cell_derating,"thm_equilibrium_temperature at not a number, from today",-0.0025;NaN,refused
pwr_cell_derating,"pwr_cell_temperature_coefficient at lower end, from the middle",-0.01;550.0,0.3
pwr_cell_derating,"pwr_cell_temperature_coefficient at upper end, from the middle",0.0;550.0,1.0
pwr_cell_derating,"pwr_cell_temperature_coefficient at zero, from the middle",0.0;550.0,1.0
pwr_cell_derating,"pwr_cell_temperature_coefficient at not a number, from the middle",NaN;550.0,refused
pwr_cell_derating,"thm_equilibrium_temperature at lower end, from the middle",-0.005;100.0,refused
pwr_cell_derating,"thm_equilibrium_temperature at upper end, from the middle",-0.005;1000.0,0.3
pwr_cell_derating,"thm_equilibrium_temperature at zero, from the middle",-0.005;0.0,refused
pwr_cell_derating,"thm_equilibrium_temperature at not a number, from the middle",-0.005;NaN,refused
pwr_degradation,"today",0.025;157788000.0,0.8810956933593749
pwr_degradation,"the middle of every range",0.075;244571400.0,0.5465103972478924
pwr_degradation,"pwr_degradation_rate at lower end, from today",0.0;157788000.0,1.0
pwr_degradation,"pwr_degradation_rate at upper end, from today",0.15;157788000.0,0.4437053124999999
pwr_degradation,"pwr_degradation_rate at zero, from today",0.0;157788000.0,1.0
pwr_degradation,"pwr_degradation_rate at not a number, from today",NaN;157788000.0,refused
pwr_degradation,"orbit_mission_duration at lower end, from today",0.025;15778800.0,0.9874208829065749
pwr_degradation,"orbit_mission_duration at upper end, from today",0.025;473364000.0,0.6840206855639234
pwr_degradation,"orbit_mission_duration at zero, from today",0.025;0.0,1.0
pwr_degradation,"orbit_mission_duration at not a number, from today",0.025;NaN,refused
pwr_degradation,"pwr_degradation_rate at lower end, from the middle",0.0;244571400.0,1.0
pwr_degradation,"pwr_degradation_rate at upper end, from the middle",0.15;244571400.0,0.28378972964786686
pwr_degradation,"pwr_degradation_rate at zero, from the middle",0.0;244571400.0,1.0
pwr_degradation,"pwr_degradation_rate at not a number, from the middle",NaN;244571400.0,refused
pwr_degradation,"orbit_mission_duration at lower end, from the middle",0.075;15778800.0,0.9617692030835673
pwr_degradation,"orbit_mission_duration at upper end, from the middle",0.075;473364000.0,0.31054603676480746
pwr_degradation,"orbit_mission_duration at zero, from the middle",0.075;0.0,1.0
pwr_degradation,"orbit_mission_duration at not a number, from the middle",0.075;NaN,refused
pwr_demand,"today",0.0;120.0;35.0;8.0;15.0;0.06,188.68
pwr_demand,"the middle of every range",50000.0;1500.0;252.5;4.47213595499958;150.0;0.125,refused
pwr_demand,"prop_delivered_bus_power at lower end, from today",0.0;120.0;35.0;8.0;15.0;0.06,188.68
pwr_demand,"prop_delivered_bus_power at upper end, from today",100000.0;120.0;35.0;8.0;15.0;0.06,refused
pwr_demand,"prop_delivered_bus_power at zero, from today",0.0;120.0;35.0;8.0;15.0;0.06,188.68
pwr_demand,"prop_delivered_bus_power at not a number, from today",NaN;120.0;35.0;8.0;15.0;0.06,refused
pwr_demand,"pay_power at lower end, from today",0.0;0.0;35.0;8.0;15.0;0.06,61.480000000000004
pwr_demand,"pay_power at upper end, from today",0.0;3000.0;35.0;8.0;15.0;0.06,3241.48
pwr_demand,"pay_power at zero, from today",0.0;0.0;35.0;8.0;15.0;0.06,61.480000000000004
pwr_demand,"pay_power at not a number, from today",0.0;NaN;35.0;8.0;15.0;0.06,refused
pwr_demand,"pwr_avionics_load at lower end, from today",0.0;120.0;5.0;8.0;15.0;0.06,156.88
pwr_demand,"pwr_avionics_load at upper end, from today",0.0;120.0;500.0;8.0;15.0;0.06,681.58
pwr_demand,"pwr_avionics_load at zero, from today",0.0;120.0;0.0;8.0;15.0;0.06,151.58
pwr_demand,"pwr_avionics_load at not a number, from today",0.0;120.0;NaN;8.0;15.0;0.06,refused
pwr_demand,"com_tx_power at lower end, from today",0.0;120.0;35.0;0.1;15.0;0.06,180.306
pwr_demand,"com_tx_power at upper end, from today",0.0;120.0;35.0;200.0;15.0;0.06,392.20000000000005
pwr_demand,"com_tx_power at zero, from today",0.0;120.0;35.0;0.0;15.0;0.06,180.20000000000002
pwr_demand,"com_tx_power at not a number, from today",0.0;120.0;35.0;NaN;15.0;0.06,refused
pwr_demand,"pwr_thermal_load at lower end, from today",0.0;120.0;35.0;8.0;0.0;0.06,172.78
pwr_demand,"pwr_thermal_load at upper end, from today",0.0;120.0;35.0;8.0;300.0;0.06,490.78000000000003
pwr_demand,"pwr_thermal_load at zero, from today",0.0;120.0;35.0;8.0;0.0;0.06,172.78
pwr_demand,"pwr_thermal_load at not a number, from today",0.0;120.0;35.0;8.0;NaN;0.06,refused
pwr_demand,"pwr_harness_loss at lower end, from today",0.0;120.0;35.0;8.0;15.0;0.0,178.0
pwr_demand,"pwr_harness_loss at upper end, from today",0.0;120.0;35.0;8.0;15.0;0.25,222.5
pwr_demand,"pwr_harness_loss at zero, from today",0.0;120.0;35.0;8.0;15.0;0.0,178.0
pwr_demand,"pwr_harness_loss at not a number, from today",0.0;120.0;35.0;8.0;15.0;NaN,refused
pwr_demand,"prop_delivered_bus_power at lower end, from the middle",0.0;1500.0;252.5;4.47213595499958;150.0;0.125,2145.3436529493747
pwr_demand,"prop_delivered_bus_power at upper end, from the middle",100000.0;1500.0;252.5;4.47213595499958;150.0;0.125,refused
pwr_demand,"prop_delivered_bus_power at zero, from the middle",0.0;1500.0;252.5;4.47213595499958;150.0;0.125,2145.3436529493747
pwr_demand,"prop_delivered_bus_power at not a number, from the middle",NaN;1500.0;252.5;4.47213595499958;150.0;0.125,refused
pwr_demand,"pay_power at lower end, from the middle",50000.0;0.0;252.5;4.47213595499958;150.0;0.125,refused
pwr_demand,"pay_power at upper end, from the middle",50000.0;3000.0;252.5;4.47213595499958;150.0;0.125,refused
pwr_demand,"pay_power at zero, from the middle",50000.0;0.0;252.5;4.47213595499958;150.0;0.125,refused
pwr_demand,"pay_power at not a number, from the middle",50000.0;NaN;252.5;4.47213595499958;150.0;0.125,refused
pwr_demand,"pwr_avionics_load at lower end, from the middle",50000.0;1500.0;5.0;4.47213595499958;150.0;0.125,refused
pwr_demand,"pwr_avionics_load at upper end, from the middle",50000.0;1500.0;500.0;4.47213595499958;150.0;0.125,refused
pwr_demand,"pwr_avionics_load at zero, from the middle",50000.0;1500.0;0.0;4.47213595499958;150.0;0.125,refused
pwr_demand,"pwr_avionics_load at not a number, from the middle",50000.0;1500.0;NaN;4.47213595499958;150.0;0.125,refused
pwr_demand,"com_tx_power at lower end, from the middle",50000.0;1500.0;252.5;0.1;150.0;0.125,refused
pwr_demand,"com_tx_power at upper end, from the middle",50000.0;1500.0;252.5;200.0;150.0;0.125,refused
pwr_demand,"com_tx_power at zero, from the middle",50000.0;1500.0;252.5;0.0;150.0;0.125,refused
pwr_demand,"com_tx_power at not a number, from the middle",50000.0;1500.0;252.5;NaN;150.0;0.125,refused
pwr_demand,"pwr_thermal_load at lower end, from the middle",50000.0;1500.0;252.5;4.47213595499958;0.0;0.125,refused
pwr_demand,"pwr_thermal_load at upper end, from the middle",50000.0;1500.0;252.5;4.47213595499958;300.0;0.125,refused
pwr_demand,"pwr_thermal_load at zero, from the middle",50000.0;1500.0;252.5;4.47213595499958;0.0;0.125,refused
pwr_demand,"pwr_thermal_load at not a number, from the middle",50000.0;1500.0;252.5;4.47213595499958;NaN;0.125,refused
pwr_demand,"pwr_harness_loss at lower end, from the middle",50000.0;1500.0;252.5;4.47213595499958;150.0;0.0,refused
pwr_demand,"pwr_harness_loss at upper end, from the middle",50000.0;1500.0;252.5;4.47213595499958;150.0;0.25,refused
pwr_demand,"pwr_harness_loss at zero, from the middle",50000.0;1500.0;252.5;4.47213595499958;150.0;0.0,refused
pwr_demand,"pwr_harness_loss at not a number, from the middle",50000.0;1500.0;252.5;4.47213595499958;150.0;NaN,refused
pwr_margin,"today",0.0;0.0,refused
pwr_margin,"the middle of every range",25000.0;25000.0,0.0
pwr_margin,"pwr_available at lower end, from today",0.0;0.0,refused
pwr_margin,"pwr_available at upper end, from today",50000.0;0.0,refused
pwr_margin,"pwr_available at zero, from today",0.0;0.0,refused
pwr_margin,"pwr_available at not a number, from today",NaN;0.0,refused
pwr_margin,"pwr_demand at lower end, from today",0.0;0.0,refused
pwr_margin,"pwr_demand at upper end, from today",0.0;50000.0,-1.0
pwr_margin,"pwr_demand at zero, from today",0.0;0.0,refused
pwr_margin,"pwr_demand at not a number, from today",0.0;NaN,refused
pwr_margin,"pwr_available at lower end, from the middle",0.0;25000.0,-1.0
pwr_margin,"pwr_available at upper end, from the middle",50000.0;25000.0,1.0
pwr_margin,"pwr_available at zero, from the middle",0.0;25000.0,-1.0
pwr_margin,"pwr_available at not a number, from the middle",NaN;25000.0,refused
pwr_margin,"pwr_demand at lower end, from the middle",25000.0;0.0,refused
pwr_margin,"pwr_demand at upper end, from the middle",25000.0;50000.0,-0.5
pwr_margin,"pwr_demand at zero, from the middle",25000.0;0.0,refused
pwr_margin,"pwr_demand at not a number, from the middle",25000.0;NaN,refused
pwr_subsystem_mass,"today",0.0;0.0,0.0
pwr_subsystem_mass,"the middle of every range",500.0;500.0,1250.0
pwr_subsystem_mass,"pwr_array_mass at lower end, from today",0.0;0.0,0.0
pwr_subsystem_mass,"pwr_array_mass at upper end, from today",1000.0;0.0,1250.0
pwr_subsystem_mass,"pwr_array_mass at zero, from today",0.0;0.0,0.0
pwr_subsystem_mass,"pwr_array_mass at not a number, from today",NaN;0.0,refused
pwr_subsystem_mass,"pwr_battery_mass at lower end, from today",0.0;0.0,0.0
pwr_subsystem_mass,"pwr_battery_mass at upper end, from today",0.0;1000.0,1250.0
pwr_subsystem_mass,"pwr_battery_mass at zero, from today",0.0;0.0,0.0
pwr_subsystem_mass,"pwr_battery_mass at not a number, from today",0.0;NaN,refused
pwr_subsystem_mass,"pwr_array_mass at lower end, from the middle",0.0;500.0,625.0
pwr_subsystem_mass,"pwr_array_mass at upper end, from the middle",1000.0;500.0,1875.0
pwr_subsystem_mass,"pwr_array_mass at zero, from the middle",0.0;500.0,625.0
pwr_subsystem_mass,"pwr_array_mass at not a number, from the middle",NaN;500.0,refused
pwr_subsystem_mass,"pwr_battery_mass at lower end, from the middle",500.0;0.0,625.0
pwr_subsystem_mass,"pwr_battery_mass at upper end, from the middle",500.0;1000.0,1875.0
pwr_subsystem_mass,"pwr_battery_mass at zero, from the middle",500.0;0.0,625.0
pwr_subsystem_mass,"pwr_battery_mass at not a number, from the middle",500.0;NaN,refused
sw_cycle_number,"today",852076800.0,25.0
sw_cycle_number,"the middle of every range",915192000.0,25.0
sw_cycle_number,"case «one day before cycle 24 begins — still 23»",281318400.0,23.0
sw_cycle_number,"case «the day cycle 24 begins — 24, because a boundary belongs to the cycle it opens»",281404800.0,24.0
sw_cycle_number,"case «one day before cycle 25 begins — still 24»",628387200.0,24.0
sw_cycle_number,"case «the day cycle 25 begins — 25»",628473600.0,25.0
sw_cycle_number,"case «the declared mission epoch, 2027-01-01 — cycle 25, past the record's end»",852076800.0,25.0
sw_cycle_number,"sys_mission_requirements_mission_epoch at lower end, from today",568080000.0,24.0
sw_cycle_number,"sys_mission_requirements_mission_epoch at upper end, from today",1262304000.0,25.0
sw_cycle_number,"sys_mission_requirements_mission_epoch at zero, from today",0.0,23.0
sw_cycle_number,"sys_mission_requirements_mission_epoch at not a number, from today",NaN,refused
sw_cycle_number,"sys_mission_requirements_mission_epoch at lower end, from the middle",568080000.0,24.0
sw_cycle_number,"sys_mission_requirements_mission_epoch at upper end, from the middle",1262304000.0,25.0
sw_cycle_number,"sys_mission_requirements_mission_epoch at zero, from the middle",0.0,23.0
sw_cycle_number,"sys_mission_requirements_mission_epoch at not a number, from the middle",NaN,refused
sw_f107_81day,"today",108.14138993074002,108.14138993074002
sw_f107_81day,"the middle of every range",230.0,230.0
sw_f107_81day,"case «the mean cycle's phase-0.625 bin, on the declining side — 105.84 sfu»",105.8445,105.8445
sw_f107_81day,"case «the mean cycle's peak bin, phase 0.425 — 165.28 sfu»",165.2799,165.2799
sw_f107_81day,"case «the mean cycle's quietest bin, phase 0.975 — 67.65 sfu»",67.6538,67.6538
sw_f107_81day,"sw_mean_cycle_level at lower end, from today",60.0,60.0
sw_f107_81day,"sw_mean_cycle_level at upper end, from today",400.0,400.0
sw_f107_81day,"sw_mean_cycle_level at zero, from today",0.0,refused
sw_f107_81day,"sw_mean_cycle_level at not a number, from today",NaN,refused
sw_f107_81day,"sw_mean_cycle_level at lower end, from the middle",60.0,60.0
sw_f107_81day,"sw_mean_cycle_level at upper end, from the middle",400.0,400.0
sw_f107_81day,"sw_mean_cycle_level at zero, from the middle",0.0,refused
sw_f107_81day,"sw_mean_cycle_level at not a number, from the middle",NaN,refused
sw_f107_design,"today",86.84972489094359;113.2936301369863,200.14335502792989
sw_f107_design,"the middle of every range",230.0;60.0,290.0
sw_f107_design,"case «five years — a central of 114.8437 plus the 1826-day p95 growth of 113.294. The central is supplied here, not taken from the chain: this fixture checks the addition, and sw_central_expectation returns 86.85 at this lead now that it follows the cycle»",114.8437378829;113.2937,228.1374378829
sw_f107_design,"case «half a year — the shortest mission the tree allows, and the narrowest band»",114.8843338669;57.0,171.8843338669
sw_f107_design,"case «ten years — the cycle's own turn brings the band IN, so the design value falls»",114.8437378829;66.0,180.8437378829
sw_f107_design,"case «fifteen years — the widest band the record supports»",114.8437378829;115.0,229.8437378829
sw_f107_design,"sw_central_expectation at lower end, from today",60.0;113.2936301369863,173.29363013698628
sw_f107_design,"sw_central_expectation at upper end, from today",400.0;113.2936301369863,refused
sw_f107_design,"sw_central_expectation at zero, from today",0.0;113.2936301369863,113.2936301369863
sw_f107_design,"sw_central_expectation at not a number, from today",NaN;113.2936301369863,refused
sw_f107_design,"sw_uncertainty_growth at lower end, from today",86.84972489094359;0.0,86.84972489094359
sw_f107_design,"sw_uncertainty_growth at upper end, from today",86.84972489094359;120.0,206.8497248909436
sw_f107_design,"sw_uncertainty_growth at zero, from today",86.84972489094359;0.0,86.84972489094359
sw_f107_design,"sw_uncertainty_growth at not a number, from today",86.84972489094359;NaN,refused
sw_f107_design,"sw_central_expectation at lower end, from the middle",60.0;60.0,120.0
sw_f107_design,"sw_central_expectation at upper end, from the middle",400.0;60.0,refused
sw_f107_design,"sw_central_expectation at zero, from the middle",0.0;60.0,60.0
sw_f107_design,"sw_central_expectation at not a number, from the middle",NaN;60.0,refused
sw_f107_design,"sw_uncertainty_growth at lower end, from the middle",230.0;0.0,230.0
sw_f107_design,"sw_uncertainty_growth at upper end, from the middle",230.0;120.0,350.0
sw_f107_design,"sw_uncertainty_growth at zero, from the middle",230.0;0.0,230.0
sw_f107_design,"sw_uncertainty_growth at not a number, from the middle",230.0;NaN,refused
sw_kp_mean_bias,"today",158.3842174742408,-0.4645403543104297
sw_kp_mean_bias,"the middle of every range",125.0,-0.4568160774410776
sw_kp_mean_bias,"case «Ap bin 0-5, centre 2.5 — 2529 days»",2.5,0.041666666666666685
sw_kp_mean_bias,"case «Ap bin 5-10, centre 7.5 — 3938 days»",7.5,-0.125
sw_kp_mean_bias,"case «Ap bin 10-15, centre 12.5 — 1836 days»",12.5,-0.09763888888888905
sw_kp_mean_bias,"case «Ap bin 15-20, centre 17.5 — 839 days»",17.5,-0.11111111111111116
sw_kp_mean_bias,"case «Ap bin 20-30, centre 25 — 707 days»",25.0,-0.13333333333333286
sw_kp_mean_bias,"case «Ap bin 30-45, centre 37.5 — 288 days»",37.5,-0.24099537037037067
sw_kp_mean_bias,"case «Ap bin 45-70, centre 57.5 — 115 days»",57.5,-0.33333333333333304
sw_kp_mean_bias,"case «Ap bin 70-110, centre 90 — 25 days»",90.0,-0.4487179487179489
sw_kp_mean_bias,"case «Ap bin 110-400, centre 255 — 20 days»",255.0,-0.4868948412698413
sw_kp_mean_bias,"case «below the first bin centre — Ap 0 holds the 0-to-5 bin rather than extrapolating»",0.0,0.041666666666666685
sw_kp_mean_bias,"case «above the last bin centre — Ap 1000 holds the 110-to-400 bin»",1000.0,-0.4868948412698413
sw_kp_mean_bias,"sw_storm_return_level at lower end, from today",20.0,-0.1185185185185184
sw_kp_mean_bias,"sw_storm_return_level at upper end, from today",230.0,-0.48111046361046367
sw_kp_mean_bias,"sw_storm_return_level at zero, from today",0.0,0.041666666666666685
sw_kp_mean_bias,"sw_storm_return_level at not a number, from today",NaN,refused
sw_kp_mean_bias,"sw_storm_return_level at lower end, from the middle",20.0,-0.1185185185185184
sw_kp_mean_bias,"sw_storm_return_level at upper end, from the middle",230.0,-0.48111046361046367
sw_kp_mean_bias,"sw_storm_return_level at zero, from the middle",0.0,0.041666666666666685
sw_kp_mean_bias,"sw_storm_return_level at not a number, from the middle",NaN,refused
sw_storm_rate,"today",5.19777061216,3.6256806121416343
sw_storm_rate,"the middle of every range",4.5,10.14285
sw_storm_rate,"case «Kp 0 — ap 0 — the record exceeds it on 364.1506 days a year»",0.0,364.1506
sw_storm_rate,"case «Kp 1 — ap 4 — the record exceeds it on 275.5245 days a year»",1.0,275.5245
sw_storm_rate,"case «Kp 2 — ap 7 — the record exceeds it on 180.4794 days a year»",2.0,180.4794
sw_storm_rate,"case «Kp 3 — ap 15 — the record exceeds it on 63.5880 days a year»",3.0,63.588
sw_storm_rate,"case «Kp 4 — ap 27 — the record exceeds it on 18.6898 days a year»",4.0,18.6898
sw_storm_rate,"case «Kp 5 — ap 48 — the record exceeds it on 4.3621 days a year»",5.0,4.3621
sw_storm_rate,"case «Kp 6 — ap 80 — the record exceeds it on 1.2413 days a year»",6.0,1.2413
sw_storm_rate,"case «Kp 7 — ap 132 — the record exceeds it on 0.2837 days a year»",7.0,0.2837
sw_storm_rate,"case «Kp 8 — ap 207 — the record exceeds it on 0.0355 days a year»",8.0,0.035500000000000004
sw_storm_rate,"case «Kp 9 — ap 400 — the record exceeds it on 0.0000 days a year»",9.0,0.0
sw_storm_rate,"case «Kp 3.3333 — a third of a unit, which is the resolution this table is measured at»",3.333333,45.572
sw_storm_rate,"case «Kp 7.6667 — a third of a unit, which is the resolution this table is measured at»",7.666667,0.1419
sw_storm_rate,"case «the declared env_kp of 3 — 63.59 days a year, more than two months»",3.0,63.588
sw_storm_rate,"env_kp at lower end, from today",0.0,364.1506
sw_storm_rate,"env_kp at upper end, from today",9.0,0.0
sw_storm_rate,"env_kp at zero, from today",0.0,364.1506
sw_storm_rate,"env_kp at not a number, from today",NaN,refused
sw_storm_rate,"env_kp at lower end, from the middle",0.0,364.1506
sw_storm_rate,"env_kp at upper end, from the middle",9.0,0.0
sw_storm_rate,"env_kp at zero, from the middle",0.0,364.1506
sw_storm_rate,"env_kp at not a number, from the middle",NaN,refused
sys_space_environment_ap,"today",26.69530964,26.69530964
sys_space_environment_ap,"the middle of every range",200.0,200.0
sys_space_environment_ap,"case «the single-day Ap this tree's own chain gives for the declared window, which exceeds its own requirement»",90.54720964,90.54720964
sys_space_environment_ap,"case «the G2 threshold l3_solar_req_05 declares as the single-day commitment»",80.0,80.0
sys_space_environment_ap,"case «the one storm expected in the mission, from sw_storm_return_level — well above this row and a different question»",158.384,158.384
sys_space_environment_ap,"l3_solar_interface.ap_hotmean at lower end, from today",0.0,0.0
sys_space_environment_ap,"l3_solar_interface.ap_hotmean at upper end, from today",400.0,400.0
sys_space_environment_ap,"l3_solar_interface.ap_hotmean at zero, from today",0.0,0.0
sys_space_environment_ap,"l3_solar_interface.ap_hotmean at not a number, from today",NaN,refused
sys_space_environment_ap,"l3_solar_interface.ap_hotmean at lower end, from the middle",0.0,0.0
sys_space_environment_ap,"l3_solar_interface.ap_hotmean at upper end, from the middle",400.0,400.0
sys_space_environment_ap,"l3_solar_interface.ap_hotmean at zero, from the middle",0.0,0.0
sys_space_environment_ap,"l3_solar_interface.ap_hotmean at not a number, from the middle",NaN,refused
sys_space_environment_f10_7,"today",104.07133385094359,104.07133385094359
sys_space_environment_f10_7,"the middle of every range",230.0,230.0
sys_space_environment_f10_7,"case «the single-day level this tree's own chain gives for the declared window»",124.1432752988,124.1432752988
sys_space_environment_f10_7,"case «the requirement ceiling l3_solar_req_02 declares, which is the record's largest observed day rounded up»",350.0,350.0
sys_space_environment_f10_7,"case «the hotday value the study publishes for its own window, for a reader comparing the two ports»",209.7545677976,209.7545677976
sys_space_environment_f10_7,"l3_solar_interface at lower end, from today",60.0,60.0
sys_space_environment_f10_7,"l3_solar_interface at upper end, from today",400.0,400.0
sys_space_environment_f10_7,"l3_solar_interface at zero, from today",0.0,refused
sys_space_environment_f10_7,"l3_solar_interface at not a number, from today",NaN,refused
sys_space_environment_f10_7,"l3_solar_interface at lower end, from the middle",60.0,60.0
sys_space_environment_f10_7,"l3_solar_interface at upper end, from the middle",400.0,400.0
sys_space_environment_f10_7,"l3_solar_interface at zero, from the middle",0.0,refused
sys_space_environment_f10_7,"l3_solar_interface at not a number, from the middle",NaN,refused
sys_space_environment_f10_7_81day,"today",104.07133385094359,104.07133385094359
sys_space_environment_f10_7_81day,"the middle of every range",230.0,230.0
sys_space_environment_f10_7_81day,"case «the 81-day mean this tree's own chain gives for the declared window's hot day — the sustained hot level, 104.07, not the day's own 124.14»",104.07110896,104.07110896
sys_space_environment_f10_7_81day,"case «the value the STUDY publishes as f107bar for its own hotday scenario, 175.61, which is its own hotmean — carried here so the two ports' numbers are visible together»",175.60641964945182,175.60641964945182
sys_space_environment_f10_7_81day,"case «the record's own climatology, as a round case well inside the declared range»",114.8437378829,114.8437378829
sys_space_environment_f10_7_81day,"l3_solar_interface at lower end, from today",60.0,60.0
sys_space_environment_f10_7_81day,"l3_solar_interface at upper end, from today",400.0,400.0
sys_space_environment_f10_7_81day,"l3_solar_interface at zero, from today",0.0,refused
sys_space_environment_f10_7_81day,"l3_solar_interface at not a number, from today",NaN,refused
sys_space_environment_f10_7_81day,"l3_solar_interface at lower end, from the middle",60.0,60.0
sys_space_environment_f10_7_81day,"l3_solar_interface at upper end, from the middle",400.0,400.0
sys_space_environment_f10_7_81day,"l3_solar_interface at zero, from the middle",0.0,refused
sys_space_environment_f10_7_81day,"l3_solar_interface at not a number, from the middle",NaN,refused
sys_space_environment_kp,"today",5.19777061216,5.19777061216
sys_space_environment_kp,"the middle of every range",4.5,4.5
sys_space_environment_kp,"case «the peak-slot Kp this tree's own chain gives for the declared window's disturbed day — a G4 severe storm»",7.996613371,7.996613371
sys_space_environment_kp,"case «the study's own kp_peak for its hotday scenario, 6.1367, carried so the two ports' numbers are visible together»",6.1367,6.1367
sys_space_environment_kp,"case «Kp 5 exactly, the G1 storm threshold and an anchor of the published scale»",5.0,5.0
sys_space_environment_kp,"l3_solar_interface.kp_peak_hotmean at lower end, from today",0.0,0.0
sys_space_environment_kp,"l3_solar_interface.kp_peak_hotmean at upper end, from today",9.0,9.0
sys_space_environment_kp,"l3_solar_interface.kp_peak_hotmean at zero, from today",0.0,0.0
sys_space_environment_kp,"l3_solar_interface.kp_peak_hotmean at not a number, from today",NaN,refused
sys_space_environment_kp,"l3_solar_interface.kp_peak_hotmean at lower end, from the middle",0.0,0.0
sys_space_environment_kp,"l3_solar_interface.kp_peak_hotmean at upper end, from the middle",9.0,9.0
sys_space_environment_kp,"l3_solar_interface.kp_peak_hotmean at zero, from the middle",0.0,0.0
sys_space_environment_kp,"l3_solar_interface.kp_peak_hotmean at not a number, from the middle",NaN,refused
sys_space_environment_solar_flux,"today",104.07133385094359,104.07133385094359
sys_space_environment_solar_flux,"the middle of every range",230.0,230.0
sys_space_environment_solar_flux,"case «the sustained level this tree's own chain gives for the declared window»",104.07110896,104.07110896
sys_space_environment_solar_flux,"case «the level the study publishes for its own window, which this row does not use but a reader will compare against»",175.5520201913,175.5520201913
sys_space_environment_solar_flux,"case «the requirement ceiling l3_solar_req_01 declares — the value at which the design's own sustained limit would be met exactly»",260.0,260.0
sys_space_environment_solar_flux,"l3_solar_interface at lower end, from today",60.0,60.0
sys_space_environment_solar_flux,"l3_solar_interface at upper end, from today",400.0,400.0
sys_space_environment_solar_flux,"l3_solar_interface at zero, from today",0.0,refused
sys_space_environment_solar_flux,"l3_solar_interface at not a number, from today",NaN,refused
sys_space_environment_solar_flux,"l3_solar_interface at lower end, from the middle",60.0,60.0
sys_space_environment_solar_flux,"l3_solar_interface at upper end, from the middle",400.0,400.0
sys_space_environment_solar_flux,"l3_solar_interface at zero, from the middle",0.0,refused
sys_space_environment_solar_flux,"l3_solar_interface at not a number, from the middle",NaN,refused
thm_absorbed_albedo,"today",0.0;0.3;0.0,0.0
thm_absorbed_albedo,"the middle of every range",0.31622776601683794;0.525;0.5,34.57075461051671
thm_absorbed_albedo,"aero_frontal_area at lower end, from today",0.005;0.3;0.0,0.0
thm_absorbed_albedo,"aero_frontal_area at upper end, from today",20.0;0.3;0.0,0.0
thm_absorbed_albedo,"aero_frontal_area at zero, from today",0.0;0.3;0.0,0.0
thm_absorbed_albedo,"aero_frontal_area at not a number, from today",NaN;0.3;0.0,refused
thm_absorbed_albedo,"thm_absorptivity at lower end, from today",0.0;0.05;0.0,0.0
thm_absorbed_albedo,"thm_absorptivity at upper end, from today",0.0;1.0;0.0,0.0
thm_absorbed_albedo,"thm_absorptivity at zero, from today",0.0;0.0;0.0,0.0
thm_absorbed_albedo,"thm_absorptivity at not a number, from today",0.0;NaN;0.0,refused
thm_absorbed_albedo,"thm_view_factor at lower end, from today",0.0;0.3;0.0,0.0
thm_absorbed_albedo,"thm_view_factor at upper end, from today",0.0;0.3;1.0,0.0
thm_absorbed_albedo,"thm_view_factor at zero, from today",0.0;0.3;0.0,0.0
thm_absorbed_albedo,"thm_view_factor at not a number, from today",0.0;0.3;NaN,refused
thm_absorbed_albedo,"aero_frontal_area at lower end, from the middle",0.005;0.525;0.5,0.5466116249999999
thm_absorbed_albedo,"aero_frontal_area at upper end, from the middle",20.0;0.525;0.5,2186.4465
thm_absorbed_albedo,"aero_frontal_area at zero, from the middle",0.0;0.525;0.5,0.0
thm_absorbed_albedo,"aero_frontal_area at not a number, from the middle",NaN;0.525;0.5,refused
thm_absorbed_albedo,"thm_absorptivity at lower end, from the middle",0.31622776601683794;0.05;0.5,3.292452820049211
thm_absorbed_albedo,"thm_absorptivity at upper end, from the middle",0.31622776601683794;1.0;0.5,65.84905640098421
thm_absorbed_albedo,"thm_absorptivity at zero, from the middle",0.31622776601683794;0.0;0.5,0.0
thm_absorbed_albedo,"thm_absorptivity at not a number, from the middle",0.31622776601683794;NaN;0.5,refused
thm_absorbed_albedo,"thm_view_factor at lower end, from the middle",0.31622776601683794;0.525;0.0,0.0
thm_absorbed_albedo,"thm_view_factor at upper end, from the middle",0.31622776601683794;0.525;1.0,69.14150922103342
thm_absorbed_albedo,"thm_view_factor at zero, from the middle",0.31622776601683794;0.525;0.0,0.0
thm_absorbed_albedo,"thm_view_factor at not a number, from the middle",0.31622776601683794;0.525;NaN,refused
thm_absorbed_ir,"today",0.0;0.85;0.0,0.0
thm_absorbed_ir,"the middle of every range",0.31622776601683794;0.525;0.5,19.67331989332253
thm_absorbed_ir,"aero_frontal_area at lower end, from today",0.005;0.85;0.0,0.0
thm_absorbed_ir,"aero_frontal_area at upper end, from today",20.0;0.85;0.0,0.0
thm_absorbed_ir,"aero_frontal_area at zero, from today",0.0;0.85;0.0,0.0
thm_absorbed_ir,"aero_frontal_area at not a number, from today",NaN;0.85;0.0,refused
thm_absorbed_ir,"thm_emissivity at lower end, from today",0.0;0.05;0.0,0.0
thm_absorbed_ir,"thm_emissivity at upper end, from today",0.0;1.0;0.0,0.0
thm_absorbed_ir,"thm_emissivity at zero, from today",0.0;0.0;0.0,0.0
thm_absorbed_ir,"thm_emissivity at not a number, from today",0.0;NaN;0.0,refused
thm_absorbed_ir,"thm_view_factor at lower end, from today",0.0;0.85;0.0,0.0
thm_absorbed_ir,"thm_view_factor at upper end, from today",0.0;0.85;1.0,0.0
thm_absorbed_ir,"thm_view_factor at zero, from today",0.0;0.85;0.0,0.0
thm_absorbed_ir,"thm_view_factor at not a number, from today",0.0;0.85;NaN,refused
thm_absorbed_ir,"aero_frontal_area at lower end, from the middle",0.005;0.525;0.5,0.3110625
thm_absorbed_ir,"aero_frontal_area at upper end, from the middle",20.0;0.525;0.5,1244.25
thm_absorbed_ir,"aero_frontal_area at zero, from the middle",0.0;0.525;0.5,0.0
thm_absorbed_ir,"aero_frontal_area at not a number, from the middle",NaN;0.525;0.5,refused
thm_absorbed_ir,"thm_emissivity at lower end, from the middle",0.31622776601683794;0.05;0.5,1.8736495136497648
thm_absorbed_ir,"thm_emissivity at upper end, from the middle",0.31622776601683794;1.0;0.5,37.4729902729953
thm_absorbed_ir,"thm_emissivity at zero, from the middle",0.31622776601683794;0.0;0.5,0.0
thm_absorbed_ir,"thm_emissivity at not a number, from the middle",0.31622776601683794;NaN;0.5,refused
thm_absorbed_ir,"thm_view_factor at lower end, from the middle",0.31622776601683794;0.525;0.0,0.0
thm_absorbed_ir,"thm_view_factor at upper end, from the middle",0.31622776601683794;0.525;1.0,39.34663978664506
thm_absorbed_ir,"thm_view_factor at zero, from the middle",0.31622776601683794;0.525;0.0,0.0
thm_absorbed_ir,"thm_view_factor at not a number, from the middle",0.31622776601683794;0.525;NaN,refused
thm_absorbed_solar,"today",0.0;0.3;0.4363323129985824,0.0
thm_absorbed_solar,"the middle of every range",0.31622776601683794;0.525;0.7417649320975901,166.58976399188285
thm_absorbed_solar,"aero_frontal_area at lower end, from today",0.005;0.3;0.4363323129985824,1.8502273472353206
thm_absorbed_solar,"aero_frontal_area at upper end, from today",20.0;0.3;0.4363323129985824,7400.909388941283
thm_absorbed_solar,"aero_frontal_area at zero, from today",0.0;0.3;0.4363323129985824,0.0
thm_absorbed_solar,"aero_frontal_area at not a number, from today",NaN;0.3;0.4363323129985824,refused
thm_absorbed_solar,"thm_absorptivity at lower end, from today",0.0;0.05;0.4363323129985824,0.0
thm_absorbed_solar,"thm_absorptivity at upper end, from today",0.0;1.0;0.4363323129985824,0.0
thm_absorbed_solar,"thm_absorptivity at zero, from today",0.0;0.0;0.4363323129985824,0.0
thm_absorbed_solar,"thm_absorptivity at not a number, from today",0.0;NaN;0.4363323129985824,refused
thm_absorbed_solar,"pwr_array_incidence at lower end, from today",0.0;0.3;0.0,0.0
thm_absorbed_solar,"pwr_array_incidence at upper end, from today",0.0;0.3;1.4835298641951802,0.0
thm_absorbed_solar,"pwr_array_incidence at zero, from today",0.0;0.3;0.0,0.0
thm_absorbed_solar,"pwr_array_incidence at not a number, from today",0.0;0.3;NaN,refused
thm_absorbed_solar,"aero_frontal_area at lower end, from the middle",0.005;0.525;0.7417649320975901,2.634015445421269
thm_absorbed_solar,"aero_frontal_area at upper end, from the middle",20.0;0.525;0.7417649320975901,10536.061781685077
thm_absorbed_solar,"aero_frontal_area at zero, from the middle",0.0;0.525;0.7417649320975901,0.0
thm_absorbed_solar,"aero_frontal_area at not a number, from the middle",NaN;0.525;0.7417649320975901,refused
thm_absorbed_solar,"thm_absorptivity at lower end, from the middle",0.31622776601683794;0.05;0.7417649320975901,15.86569180875075
thm_absorbed_solar,"thm_absorptivity at upper end, from the middle",0.31622776601683794;1.0;0.7417649320975901,317.31383617501496
thm_absorbed_solar,"thm_absorptivity at zero, from the middle",0.31622776601683794;0.0;0.7417649320975901,0.0
thm_absorbed_solar,"thm_absorptivity at not a number, from the middle",0.31622776601683794;NaN;0.7417649320975901,refused
thm_absorbed_solar,"pwr_array_incidence at lower end, from the middle",0.31622776601683794;0.525;0.0,225.95264451318113
thm_absorbed_solar,"pwr_array_incidence at upper end, from the middle",0.31622776601683794;0.525;1.4835298641951802,19.69307055834386
thm_absorbed_solar,"pwr_array_incidence at zero, from the middle",0.31622776601683794;0.525;0.0,225.95264451318113
thm_absorbed_solar,"pwr_array_incidence at not a number, from the middle",0.31622776601683794;0.525;NaN,refused
thm_aero_heating,"today",0.0;0.0;0.0,0.0
thm_aero_heating,"the middle of every range",3.1622776601683794e-11;7600.0;0.31622776601683794,1.9753920000000005
thm_aero_heating,"env_mass_density at lower end, from today",1e-15;0.0;0.0,0.0
thm_aero_heating,"env_mass_density at upper end, from today",1e-6;0.0;0.0,0.0
thm_aero_heating,"env_mass_density at zero, from today",0.0;0.0;0.0,0.0
thm_aero_heating,"env_mass_density at not a number, from today",NaN;0.0;0.0,refused
thm_aero_heating,"orbit_velocity at lower end, from today",0.0;7000.0;0.0,0.0
thm_aero_heating,"orbit_velocity at upper end, from today",0.0;8200.0;0.0,0.0
thm_aero_heating,"orbit_velocity at zero, from today",0.0;0.0;0.0,0.0
thm_aero_heating,"orbit_velocity at not a number, from today",0.0;NaN;0.0,refused
thm_aero_heating,"aero_frontal_area at lower end, from today",0.0;0.0;0.005,0.0
thm_aero_heating,"aero_frontal_area at upper end, from today",0.0;0.0;20.0,0.0
thm_aero_heating,"aero_frontal_area at zero, from today",0.0;0.0;0.0,0.0
thm_aero_heating,"aero_frontal_area at not a number, from today",0.0;0.0;NaN,refused
thm_aero_heating,"env_mass_density at lower end, from the middle",1e-15;7600.0;0.31622776601683794,6.246737991675335e-5
thm_aero_heating,"env_mass_density at upper end, from the middle",1e-6;7600.0;0.31622776601683794,62467.37991675336
thm_aero_heating,"env_mass_density at zero, from the middle",0.0;7600.0;0.31622776601683794,0.0
thm_aero_heating,"env_mass_density at not a number, from the middle",NaN;7600.0;0.31622776601683794,refused
thm_aero_heating,"orbit_velocity at lower end, from the middle",3.1622776601683794e-11;7000.0;0.31622776601683794,1.5435
thm_aero_heating,"orbit_velocity at upper end, from the middle",3.1622776601683794e-11;8200.0;0.31622776601683794,2.481156
thm_aero_heating,"orbit_velocity at zero, from the middle",3.1622776601683794e-11;0.0;0.31622776601683794,0.0
thm_aero_heating,"orbit_velocity at not a number, from the middle",3.1622776601683794e-11;NaN;0.31622776601683794,refused
thm_aero_heating,"aero_frontal_area at lower end, from the middle",3.1622776601683794e-11;7600.0;0.005,0.031233689958376686
thm_aero_heating,"aero_frontal_area at upper end, from the middle",3.1622776601683794e-11;7600.0;20.0,124.93475983350672
thm_aero_heating,"aero_frontal_area at zero, from the middle",3.1622776601683794e-11;7600.0;0.0,0.0
thm_aero_heating,"aero_frontal_area at not a number, from the middle",3.1622776601683794e-11;7600.0;NaN,refused
thm_dissipation,"today",0.0;0.0;8.0,0.0
thm_dissipation,"the middle of every range",25000.0;50000.0;4.47213595499958,0.0
thm_dissipation,"pwr_demand at lower end, from today",0.0;0.0;8.0,0.0
thm_dissipation,"pwr_demand at upper end, from today",50000.0;0.0;8.0,49992.0
thm_dissipation,"pwr_demand at zero, from today",0.0;0.0;8.0,0.0
thm_dissipation,"pwr_demand at not a number, from today",NaN;0.0;8.0,refused
thm_dissipation,"prop_jet_power at lower end, from today",0.0;0.0;8.0,0.0
thm_dissipation,"prop_jet_power at upper end, from today",0.0;100000.0;8.0,0.0
thm_dissipation,"prop_jet_power at zero, from today",0.0;0.0;8.0,0.0
thm_dissipation,"prop_jet_power at not a number, from today",0.0;NaN;8.0,refused
thm_dissipation,"com_tx_power at lower end, from today",0.0;0.0;0.1,0.0
thm_dissipation,"com_tx_power at upper end, from today",0.0;0.0;200.0,0.0
thm_dissipation,"com_tx_power at zero, from today",0.0;0.0;0.0,0.0
thm_dissipation,"com_tx_power at not a number, from today",0.0;0.0;NaN,refused
thm_dissipation,"pwr_demand at lower end, from the middle",0.0;50000.0;4.47213595499958,0.0
thm_dissipation,"pwr_demand at upper end, from the middle",50000.0;50000.0;4.47213595499958,0.0
thm_dissipation,"pwr_demand at zero, from the middle",0.0;50000.0;4.47213595499958,0.0
thm_dissipation,"pwr_demand at not a number, from the middle",NaN;50000.0;4.47213595499958,refused
thm_dissipation,"prop_jet_power at lower end, from the middle",25000.0;0.0;4.47213595499958,24995.527864045
thm_dissipation,"prop_jet_power at upper end, from the middle",25000.0;100000.0;4.47213595499958,0.0
thm_dissipation,"prop_jet_power at zero, from the middle",25000.0;0.0;4.47213595499958,24995.527864045
thm_dissipation,"prop_jet_power at not a number, from the middle",25000.0;NaN;4.47213595499958,refused
thm_dissipation,"com_tx_power at lower end, from the middle",25000.0;50000.0;0.1,0.0
thm_dissipation,"com_tx_power at upper end, from the middle",25000.0;50000.0;200.0,0.0
thm_dissipation,"com_tx_power at zero, from the middle",25000.0;50000.0;0.0,0.0
thm_dissipation,"com_tx_power at not a number, from the middle",25000.0;50000.0;NaN,refused
thm_equilibrium_temperature,"today",0.0;0.0;0.0;0.0;0.0;2.5;0.85,refused
thm_equilibrium_temperature,"the middle of every range",50000.0;50000.0;50000.0;50000.0;25000.0;1.7320508075688772;0.525,refused
thm_equilibrium_temperature,"thm_absorbed_solar at lower end, from today",0.0;0.0;0.0;0.0;0.0;2.5;0.85,refused
thm_equilibrium_temperature,"thm_absorbed_solar at upper end, from today",100000.0;0.0;0.0;0.0;0.0;2.5;0.85,954.4591204103644
thm_equilibrium_temperature,"thm_absorbed_solar at zero, from today",0.0;0.0;0.0;0.0;0.0;2.5;0.85,refused
thm_equilibrium_temperature,"thm_absorbed_solar at not a number, from today",NaN;0.0;0.0;0.0;0.0;2.5;0.85,refused
thm_equilibrium_temperature,"thm_absorbed_albedo at lower end, from today",0.0;0.0;0.0;0.0;0.0;2.5;0.85,refused
thm_equilibrium_temperature,"thm_absorbed_albedo at upper end, from today",0.0;100000.0;0.0;0.0;0.0;2.5;0.85,954.4591204103644
thm_equilibrium_temperature,"thm_absorbed_albedo at zero, from today",0.0;0.0;0.0;0.0;0.0;2.5;0.85,refused
thm_equilibrium_temperature,"thm_absorbed_albedo at not a number, from today",0.0;NaN;0.0;0.0;0.0;2.5;0.85,refused
thm_equilibrium_temperature,"thm_absorbed_ir at lower end, from today",0.0;0.0;0.0;0.0;0.0;2.5;0.85,refused
thm_equilibrium_temperature,"thm_absorbed_ir at upper end, from today",0.0;0.0;100000.0;0.0;0.0;2.5;0.85,954.4591204103644
thm_equilibrium_temperature,"thm_absorbed_ir at zero, from today",0.0;0.0;0.0;0.0;0.0;2.5;0.85,refused
thm_equilibrium_temperature,"thm_absorbed_ir at not a number, from today",0.0;0.0;NaN;0.0;0.0;2.5;0.85,refused
thm_equilibrium_temperature,"thm_aero_heating at lower end, from today",0.0;0.0;0.0;0.0;0.0;2.5;0.85,refused
thm_equilibrium_temperature,"thm_aero_heating at upper end, from today",0.0;0.0;0.0;100000.0;0.0;2.5;0.85,954.4591204103644
thm_equilibrium_temperature,"thm_aero_heating at zero, from today",0.0;0.0;0.0;0.0;0.0;2.5;0.85,refused
thm_equilibrium_temperature,"thm_aero_heating at not a number, from today",0.0;0.0;0.0;NaN;0.0;2.5;0.85,refused
thm_equilibrium_temperature,"thm_dissipation at lower end, from today",0.0;0.0;0.0;0.0;0.0;2.5;0.85,refused
thm_equilibrium_temperature,"thm_dissipation at upper end, from today",0.0;0.0;0.0;0.0;50000.0;2.5;0.85,802.6012528592886
thm_equilibrium_temperature,"thm_dissipation at zero, from today",0.0;0.0;0.0;0.0;0.0;2.5;0.85,refused
thm_equilibrium_temperature,"thm_dissipation at not a number, from today",0.0;0.0;0.0;0.0;NaN;2.5;0.85,refused
thm_equilibrium_temperature,"thm_radiator_area at lower end, from today",0.0;0.0;0.0;0.0;0.0;0.1;0.85,refused
thm_equilibrium_temperature,"thm_radiator_area at upper end, from today",0.0;0.0;0.0;0.0;0.0;30.0;0.85,refused
thm_equilibrium_temperature,"thm_radiator_area at zero, from today",0.0;0.0;0.0;0.0;0.0;0.0;0.85,refused
thm_equilibrium_temperature,"thm_radiator_area at not a number, from today",0.0;0.0;0.0;0.0;0.0;NaN;0.85,refused
thm_equilibrium_temperature,"thm_emissivity at lower end, from today",0.0;0.0;0.0;0.0;0.0;2.5;0.05,refused
thm_equilibrium_temperature,"thm_emissivity at upper end, from today",0.0;0.0;0.0;0.0;0.0;2.5;1.0,refused
thm_equilibrium_temperature,"thm_emissivity at zero, from today",0.0;0.0;0.0;0.0;0.0;2.5;0.0,refused
thm_equilibrium_temperature,"thm_emissivity at not a number, from today",0.0;0.0;0.0;0.0;0.0;2.5;NaN,refused
thm_equilibrium_temperature,"thm_absorbed_solar at lower end, from the middle",0.0;50000.0;50000.0;50000.0;25000.0;1.7320508075688772;0.525,refused
thm_equilibrium_temperature,"thm_absorbed_solar at upper end, from the middle",100000.0;50000.0;50000.0;50000.0;25000.0;1.7320508075688772;0.525,refused
thm_equilibrium_temperature,"thm_absorbed_solar at zero, from the middle",0.0;50000.0;50000.0;50000.0;25000.0;1.7320508075688772;0.525,refused
thm_equilibrium_temperature,"thm_absorbed_solar at not a number, from the middle",NaN;50000.0;50000.0;50000.0;25000.0;1.7320508075688772;0.525,refused
thm_equilibrium_temperature,"thm_absorbed_albedo at lower end, from the middle",50000.0;0.0;50000.0;50000.0;25000.0;1.7320508075688772;0.525,refused
thm_equilibrium_temperature,"thm_absorbed_albedo at upper end, from the middle",50000.0;100000.0;50000.0;50000.0;25000.0;1.7320508075688772;0.525,refused
thm_equilibrium_temperature,"thm_absorbed_albedo at zero, from the middle",50000.0;0.0;50000.0;50000.0;25000.0;1.7320508075688772;0.525,refused
thm_equilibrium_temperature,"thm_absorbed_albedo at not a number, from the middle",50000.0;NaN;50000.0;50000.0;25000.0;1.7320508075688772;0.525,refused
thm_equilibrium_temperature,"thm_absorbed_ir at lower end, from the middle",50000.0;50000.0;0.0;50000.0;25000.0;1.7320508075688772;0.525,refused
thm_equilibrium_temperature,"thm_absorbed_ir at upper end, from the middle",50000.0;50000.0;100000.0;50000.0;25000.0;1.7320508075688772;0.525,refused
thm_equilibrium_temperature,"thm_absorbed_ir at zero, from the middle",50000.0;50000.0;0.0;50000.0;25000.0;1.7320508075688772;0.525,refused
thm_equilibrium_temperature,"thm_absorbed_ir at not a number, from the middle",50000.0;50000.0;NaN;50000.0;25000.0;1.7320508075688772;0.525,refused
thm_equilibrium_temperature,"thm_aero_heating at lower end, from the middle",50000.0;50000.0;50000.0;0.0;25000.0;1.7320508075688772;0.525,refused
thm_equilibrium_temperature,"thm_aero_heating at upper end, from the middle",50000.0;50000.0;50000.0;100000.0;25000.0;1.7320508075688772;0.525,refused
thm_equilibrium_temperature,"thm_aero_heating at zero, from the middle",50000.0;50000.0;50000.0;0.0;25000.0;1.7320508075688772;0.525,refused
thm_equilibrium_temperature,"thm_aero_heating at not a number, from the middle",50000.0;50000.0;50000.0;NaN;25000.0;1.7320508075688772;0.525,refused
thm_equilibrium_temperature,"thm_dissipation at lower end, from the middle",50000.0;50000.0;50000.0;50000.0;0.0;1.7320508075688772;0.525,refused
thm_equilibrium_temperature,"thm_dissipation at upper end, from the middle",50000.0;50000.0;50000.0;50000.0;50000.0;1.7320508075688772;0.525,refused
thm_equilibrium_temperature,"thm_dissipation at zero, from the middle",50000.0;50000.0;50000.0;50000.0;0.0;1.7320508075688772;0.525,refused
thm_equilibrium_temperature,"thm_dissipation at not a number, from the middle",50000.0;50000.0;50000.0;50000.0;NaN;1.7320508075688772;0.525,refused
thm_equilibrium_temperature,"thm_radiator_area at lower end, from the middle",50000.0;50000.0;50000.0;50000.0;25000.0;0.1;0.525,refused
thm_equilibrium_temperature,"thm_radiator_area at upper end, from the middle",50000.0;50000.0;50000.0;50000.0;25000.0;30.0;0.525,708.4717797118808
thm_equilibrium_temperature,"thm_radiator_area at zero, from the middle",50000.0;50000.0;50000.0;50000.0;25000.0;0.0;0.525,refused
thm_equilibrium_temperature,"thm_radiator_area at not a number, from the middle",50000.0;50000.0;50000.0;50000.0;25000.0;NaN;0.525,refused
thm_equilibrium_temperature,"thm_emissivity at lower end, from the middle",50000.0;50000.0;50000.0;50000.0;25000.0;1.7320508075688772;0.05,refused
thm_equilibrium_temperature,"thm_emissivity at upper end, from the middle",50000.0;50000.0;50000.0;50000.0;25000.0;1.7320508075688772;1.0,refused
thm_equilibrium_temperature,"thm_emissivity at zero, from the middle",50000.0;50000.0;50000.0;50000.0;25000.0;1.7320508075688772;0.0,refused
thm_equilibrium_temperature,"thm_emissivity at not a number, from the middle",50000.0;50000.0;50000.0;50000.0;25000.0;1.7320508075688772;NaN,refused
thm_margin,"today",0.0;323.0,323.0
thm_margin,"the middle of every range",550.0;336.5,-213.5
thm_margin,"thm_equilibrium_temperature at lower end, from today",100.0;323.0,223.0
thm_margin,"thm_equilibrium_temperature at upper end, from today",1000.0;323.0,refused
thm_margin,"thm_equilibrium_temperature at zero, from today",0.0;323.0,323.0
thm_margin,"thm_equilibrium_temperature at not a number, from today",NaN;323.0,refused
thm_margin,"thm_temperature_limit at lower end, from today",0.0;273.0,273.0
thm_margin,"thm_temperature_limit at upper end, from today",0.0;400.0,400.0
thm_margin,"thm_temperature_limit at zero, from today",0.0;0.0,0.0
thm_margin,"thm_temperature_limit at not a number, from today",0.0;NaN,refused
thm_margin,"thm_equilibrium_temperature at lower end, from the middle",100.0;336.5,236.5
thm_margin,"thm_equilibrium_temperature at upper end, from the middle",1000.0;336.5,refused
thm_margin,"thm_equilibrium_temperature at zero, from the middle",0.0;336.5,336.5
thm_margin,"thm_equilibrium_temperature at not a number, from the middle",NaN;336.5,refused
thm_margin,"thm_temperature_limit at lower end, from the middle",550.0;273.0,-277.0
thm_margin,"thm_temperature_limit at upper end, from the middle",550.0;400.0,-150.0
thm_margin,"thm_temperature_limit at zero, from the middle",550.0;0.0,refused
thm_margin,"thm_temperature_limit at not a number, from the middle",550.0;NaN,refused
thm_required_radiator_area,"today",0.0;0.85;323.0,0.0
thm_required_radiator_area,"the middle of every range",25000.0;0.525;336.5,94.19619826675202
thm_required_radiator_area,"thm_dissipation at lower end, from today",0.0;0.85;323.0,0.0
thm_required_radiator_area,"thm_dissipation at upper end, from today",50000.0;0.85;323.0,148.65869407783947
thm_required_radiator_area,"thm_dissipation at zero, from today",0.0;0.85;323.0,0.0
thm_required_radiator_area,"thm_dissipation at not a number, from today",NaN;0.85;323.0,refused
thm_required_radiator_area,"thm_emissivity at lower end, from today",0.0;0.05;323.0,0.0
thm_required_radiator_area,"thm_emissivity at upper end, from today",0.0;1.0;323.0,0.0
thm_required_radiator_area,"thm_emissivity at zero, from today",0.0;0.0;323.0,refused
thm_required_radiator_area,"thm_emissivity at not a number, from today",0.0;NaN;323.0,refused
thm_required_radiator_area,"thm_temperature_limit at lower end, from today",0.0;0.85;273.0,0.0
thm_required_radiator_area,"thm_temperature_limit at upper end, from today",0.0;0.85;400.0,0.0
thm_required_radiator_area,"thm_temperature_limit at zero, from today",0.0;0.85;0.0,refused
thm_required_radiator_area,"thm_temperature_limit at not a number, from today",0.0;0.85;NaN,refused
thm_required_radiator_area,"thm_dissipation at lower end, from the middle",0.0;0.525;336.5,0.0
thm_required_radiator_area,"thm_dissipation at upper end, from the middle",50000.0;0.525;336.5,188.39239653350404
thm_required_radiator_area,"thm_dissipation at zero, from the middle",0.0;0.525;336.5,0.0
thm_required_radiator_area,"thm_dissipation at not a number, from the middle",NaN;0.525;336.5,refused
thm_required_radiator_area,"thm_emissivity at lower end, from the middle",25000.0;0.05;336.5,989.0600818008962
thm_required_radiator_area,"thm_emissivity at upper end, from the middle",25000.0;1.0;336.5,49.453004090044814
thm_required_radiator_area,"thm_emissivity at zero, from the middle",25000.0;0.0;336.5,refused
thm_required_radiator_area,"thm_emissivity at not a number, from the middle",25000.0;NaN;336.5,refused
thm_required_radiator_area,"thm_temperature_limit at lower end, from the middle",25000.0;0.525;273.0,509.47978325684437
thm_required_radiator_area,"thm_temperature_limit at upper end, from the middle",25000.0;0.525;400.0,38.71099530003816
thm_required_radiator_area,"thm_temperature_limit at zero, from the middle",25000.0;0.525;0.0,refused
thm_required_radiator_area,"thm_temperature_limit at not a number, from the middle",25000.0;0.525;NaN,refused
thm_view_factor,"today",0.0,refused
thm_view_factor,"the middle of every range",6700000.0,0.9062292624363777
thm_view_factor,"orbit_radius at lower end, from today",6400000.0,0.9931794821965089
thm_view_factor,"orbit_radius at upper end, from today",7000000.0,0.8302169712401837
thm_view_factor,"orbit_radius at zero, from today",0.0,refused
thm_view_factor,"orbit_radius at not a number, from today",NaN,refused
thm_view_factor,"orbit_radius at lower end, from the middle",6400000.0,0.9931794821965089
thm_view_factor,"orbit_radius at upper end, from the middle",7000000.0,0.8302169712401837
thm_view_factor,"orbit_radius at zero, from the middle",0.0,refused
thm_view_factor,"orbit_radius at not a number, from the middle",NaN,refused
